Nom,Categorie,Prix_achat_fcfa,Prix_vente_fcfa,Prix_original_fcfa,Stock,Description,Image_url,Images,Marque,Etat,Region,Vendeur,Telephone
Honor T10 – 64 Go – RAM 4 Go,Téléphones & Accessoires,66900,74900,,5,"Le Honor T10 est un smartphone conçu pour les besoins quotidiens : appels, messagerie, réseaux sociaux, navigation Internet, vidéos et applications mobiles. Cette version dispose de 4 Go de RAM et 64 Go de stockage, avec la possibilité d’utiliser une carte mémoire selon la configuration. Il prend en charge la 4G et dispose d’un grand écran de 6,75 pouces.",https://www.soumari.com/wp-content/uploads/2026/08/Honor-T10-64-Go-RAM-4-Go-300x300.jpg,,,Neuf,Dakar,,
Honor X7E – 256 Go – RAM 6 Go,Téléphones & Accessoires,134600,150800,,5,"Le Honor X7e est un smartphone conçu pour offrir une bonne expérience au quotidien, avec un grand écran fluide à 120 Hz, une importante batterie de 7500 mAh et 6 Go de RAM associés à 256 Go de stockage. Il est équipé  d’un appareil photo principal de 50 MP et d’une caméra frontale de 5 MP. Le téléphone prend en charge le Wi-Fi   et le Bluetooth.",https://www.soumari.com/wp-content/uploads/2026/08/Honor-X7E-256-Go-RAM-6-Go-1-1-300x300.jpg,,,Neuf,Dakar,,
Honor X7E – 128 Go – RAM 6 Go,Téléphones & Accessoires,120600,135100,,5,"Le Honor X7e est un smartphone conçu pour offrir une bonne expérience au quotidien, avec un grand écran fluide à 120 Hz, une importante batterie de 7500 mAh et 6 Go de RAM associés à 128 Go de stockage. Il est équipé  d’un appareil photo principal de 50 MP et d’une caméra frontale de 5 MP. Le téléphone prend en charge le Wi-Fi   et le Bluetooth.",https://www.soumari.com/wp-content/uploads/2026/08/Honor-X7E-128-Go-RAM-6-Go-1-1-300x300.jpg,,,Neuf,Dakar,,
Honor X5C- 64 Go – RAM 4 Go,Téléphones & Accessoires,63000,70600,,5,"Le HONOR X5C est le smartphone idéal pour les Sénégalais qui recherchent un téléphone fiable et performant à prix accessible. Avec son grand écran 6,74 pouces 90Hz et sa batterie longue durée de 5260mAh, il accompagne vos journées à Dakar et partout au Sénégal sans compromis.",https://www.soumari.com/wp-content/uploads/2026/08/Honor-X5C-64-Go-RAM-4-Go-1-300x300.jpg,,,Neuf,Dakar,,
Redmi A7 pro – 64 Go – RAM 4 Go,Téléphones & Accessoires,75000,84000,,5,"Le Redmi A7 Pro 64 Go / 4 Go RAM est un smartphone conçu pour offrir une expérience confortable au quotidien. Son grand écran de 6,9 pouces avec un taux de rafraîchissement jusqu’à 120 Hz offre une navigation plus fluide pour les applications, les vidéos et les réseaux sociaux. Il embarque 4 Go de RAM et 64 Go de stockage, avec possibilité d’extension par carte microSD selon la version. Son processeur Unisoc T7250 octa-core convient aux tâches quotidiennes, tandis que sa batterie de 6000 mAh favorise une bonne autonomie.",https://www.soumari.com/wp-content/uploads/2026/08/Redmi-A7-pro-64-Go-RAM-4-Go-1-300x300.jpg,,,Neuf,Dakar,,
Redmi A7 pro – 128 Go – RAM 4 Go,Téléphones & Accessoires,81300,91100,,5,"Le Redmi A7 Pro 128 Go / 4 Go RAM est un smartphone conçu pour offrir une expérience confortable au quotidien. Son grand écran de 6,9 pouces avec un taux de rafraîchissement jusqu’à 120 Hz offre une navigation plus fluide pour les applications, les vidéos et les réseaux sociaux. Il embarque 4 Go de RAM et 128 Go de stockage, avec possibilité d’extension par carte microSD selon la version. Son processeur Unisoc T7250 octa-core convient aux tâches quotidiennes, tandis que sa batterie de 6000 mAh favorise une bonne autonomie.",https://www.soumari.com/wp-content/uploads/2026/08/Redmi-A7-pro-128-Go-RAM-4-Go-1-300x300.jpg,,,Neuf,Dakar,,
Redmi A7 – 64 Go – RAM 3 Go,Téléphones & Accessoires,66500,74500,,5,"Le Xiaomi Redmi A7 est un smartphone qui surprend par ses caractéristiques modernes. Son écran de 6,88 pouces avec un taux de rafraîchissement de 120 Hz et sa batterie longue durée en font un choix idéal pour un usage quotidien fluide et agréable. Il convient parfaitement à la navigation sur Internet, aux réseaux sociaux, à la messagerie, aux appels, aux vidéos et aux applications courantes.",https://www.soumari.com/wp-content/uploads/2026/08/Redmi-A7-64-Go-RAM-3-Go-1-1-300x300.jpg,,,Neuf,Dakar,,
Téléphone Honor X9D – 256 Go – RAM 12 Go,Téléphones & Accessoires,183000,205000,,5,"Le HONOR X9D est un smartphone haut de gamme conçu pour les utilisateurs exigeants à la recherche de puissance, fluidité et design premium. Grâce à sa RAM de 12 Go, il offre une expérience ultra fluide, idéale pour le multitâche intensif, les jeux mobiles et les applications gourmandes. Son stockage interne de 256 Go permet de conserver une grande quantité de contenus sans contrainte.",https://www.soumari.com/wp-content/uploads/2026/04/Telephone-Honor-X9D-256gb-ram-12-1-300x300.webp,,,Neuf,Dakar,,
Téléphone Honor X8D – 256 Go – RAM 8 Go,Téléphones & Accessoires,131200,146900,,5,"Le HONOR X8D est un smartphone moderne qui allie puissance, finesse et grande capacité de stockage. Conçu pour les utilisateurs exigeants, il offre une expérience fluide et immersive, idéale pour le multitâche, le divertissement et les usages quotidiens intensifs.Avec ses 256 Go de stockage interne, vous disposez d’un espace suffisant pour conserver toutes vos applications, photos, vidéos et fichiers sans compromis. Sa RAM de 8 Go garantit une navigation rapide et fluide, même avec plusieurs applications ouvertes simultanément.",https://www.soumari.com/wp-content/uploads/2026/04/Telephone-Honor-X8D-256gb-ram-8-1-300x300.webp,,,Neuf,Dakar,,
Téléphone HONOR X7D – 256 Go – RAM 8 Go,Téléphones & Accessoires,106500,119300,,5,"Le HONOR X7D est un smartphone moderne conçu pour offrir une expérience utilisateur fluide, rapide et durable. Idéal pour les utilisateurs exigeants, il combine performance, grande capacité de stockage et autonomie. Avec ses 256 Go de stockage interne, ce téléphone vous permet de conserver sans limite vos photos, vidéos, applications et fichiers professionnels. Sa RAM de 8 Go garantit une excellente fluidité, même en multitâche ou lors de l’utilisation d’applications gourmandes.",https://www.soumari.com/wp-content/uploads/2026/04/Telephone-HONOR-X7D-256gb-ram-8-1-300x300.webp,,,Neuf,Dakar,,
Téléphone HONOR X5C PLUS – 128 Go – RAM 4 Go,Téléphones & Accessoires,71600,80200,,5,"Le HONOR X5C Plus est un smartphone conçu pour offrir une expérience fluide et efficace au quotidien, tout en restant accessible. Il s’adresse aux utilisateurs recherchant un bon équilibre entre performance, autonomie et capacité de stockage. Équipé de 128 Go de stockage interne, il permet de conserver facilement photos, vidéos, applications et documents sans contrainte d’espace. Sa mémoire RAM de 4 Go assure une navigation fluide, le multitâche et une utilisation confortable des applications courantes.",https://www.soumari.com/wp-content/uploads/2026/04/Telephone-HONOR-X5C-PLUS-128gb-ram-4-300x300.webp,,,Neuf,Dakar,,
Redmi note 15 – 256 Go – RAM 8 Go,Téléphones & Accessoires,144000,161300,,5,"Le redmi note 15 256 go ram 8 go est un smartphone conçu pour offrir un excellent équilibre entre performance, autonomie et design. Développé par Xiaomi, il est idéal pour une utilisation quotidienne, le multimédia et le multitâche. Avec 8 Go de RAM et 256 Go de stockage, ce téléphone permet d’exécuter plusieurs applications sans ralentissement tout en offrant un espace suffisant pour vos fichiers, photos et vidéos.",https://www.soumari.com/wp-content/uploads/2026/04/Redmi-note-15-256-Go-RAM-8-Go-2-300x300.webp,,,Neuf,Dakar,,
Redmi note 15 pro – 256 Go – RAM 8 Go,Téléphones & Accessoires,177000,198200,,5,"Le redmi note 15 pro 256 go ram 8 go est un smartphone haut de gamme conçu pour offrir puissance, fluidité et grande capacité de stockage. Développé par Xiaomi, il répond parfaitement aux besoins des utilisateurs exigeants. Avec une mémoire RAM de 8 Go, ce smartphone garantit une excellente fluidité, permettant de lancer plusieurs applications simultanément sans ralentissement. Son espace de stockage interne de 256 Go offre une grande capacité pour conserver photos, vidéos, applications et fichiers sans contrainte.",https://www.soumari.com/wp-content/uploads/2026/04/Redmi-note-15-pro-256-Go-RAM-8-Go-._11zon-300x300.webp,,,Neuf,Dakar,,
Redmi note 15 pro – 512 Go – RAM 12 Go,Téléphones & Accessoires,214000,231100,,5,"Le redmi note 15 pro 512 go ram 12 go est un smartphone haut de gamme conçu pour offrir puissance, fluidité et grande capacité de stockage. Développé par Xiaomi, il répond parfaitement aux besoins des utilisateurs exigeants. Avec une mémoire RAM de 12 Go, ce smartphone garantit une excellente fluidité, permettant de lancer plusieurs applications simultanément sans ralentissement. Son espace de stockage interne de 512 Go offre une grande capacité pour conserver photos, vidéos, applications et fichiers sans contrainte.",https://www.soumari.com/wp-content/uploads/2026/04/Redmi-note-15-pro-512-Go-RAM-12-Go._11zon-300x300.webp,,,Neuf,Dakar,,
Villaon V50s – 64 Go – RAM 8 Go,Téléphones & Accessoires,42000,49600,,5,"Le smartphone Villaon V50s est conçu pour offrir une expérience fluide et performante au quotidien. Avec sa mémoire RAM de 8 Go, il garantit une excellente rapidité d’exécution, idéale pour le multitâche, les applications et les réseaux sociaux. Son stockage interne de 64 Go permet de conserver facilement vos photos, vidéos, applications et documents. Il offre également la possibilité d’extension via carte mémoire pour encore plus d’espace.",https://www.soumari.com/wp-content/uploads/2026/01/Villaon-V50S-%E2%80%93-64-Go-%E2%80%93-RAM-8-Go_jpg-300x300.webp,,,Neuf,Dakar,,
Tecno camon 50 ultra – Memoire 512 Go – Ram 8 Go,Téléphones & Accessoires,280000,302400,,5,"Le Tecno Camon 50 Ultra est un smartphone haut de gamme conçu pour offrir performance, élégance et innovation. Doté d’une mémoire interne de 512 Go, il permet de stocker une grande quantité de photos, vidéos, applications et documents sans contrainte. Avec ses 8 Go de RAM, ce smartphone garantit une expérience fluide et rapide, idéale pour le multitâche, les jeux et les applications exigeantes. Il est parfaitement adapté aux utilisateurs modernes qui recherchent puissance et réactivité au quotidien.",https://www.soumari.com/wp-content/uploads/2026/03/Tecno-camon-50-ultra-Memoire-512-Go-Ram-8-Go-_1.webp,,,Neuf,Dakar,,
Tecno Camon 50 pro – Memoire 256 Go – RAM 8 Go,Téléphones & Accessoires,190600,213500,,5,"Le TECNO Camon 50 Pro   est un smartphone haut de gamme conçu pour offrir puissance, fluidité et photographie avancée. Équipé d’un écran AMOLED de 6,78 pouces avec un taux de rafraîchissement 144Hz, il garantit une expérience visuelle immersive avec des couleurs éclatantes et une navigation ultra fluide. Propulsé par le processeur MediaTek Helio G200 Ultra et accompagné de 8 Go de RAM ainsi que 256 Go de stockage, ce smartphone offre des performances rapides pour le multitâche, les jeux et les applications exigeantes. Sa batterie longue durée de 6150 mAh avec charge rapide 45W vous permet de profiter de votre téléphone toute la journé",https://www.soumari.com/wp-content/uploads/2026/03/Tecno-Camon-50-pro-Memoire-256-Go-RAM-8-Go_1-300x300.webp,,,Neuf,Dakar,,
Tecno Camon 50 – Memoire 256 Go – Ram 8 Go,Téléphones & Accessoires,175800,196900,,5,"Le Tecno Camon 50 est un smartphone moderne et puissant, idéal pour une utilisation quotidienne fluide : réseaux sociaux, photos, vidéos et multitâche. Doté d’un grand écran AMOLED de 6,78 pouces avec un taux de rafraîchissement 144Hz, il garantit un affichage ultra fluide et des couleurs éclatantes pour profiter pleinement de vos vidéos, jeux et réseaux sociaux.",https://www.soumari.com/wp-content/uploads/2026/03/Tecno-Camon-50-Memoire-256-Go-RAM-8-Go-_1-300x300.webp,,,Neuf,Dakar,,
Villaon V45 – 32 Go,Téléphones & Accessoires,34000,40100,,5,"Le Villaon V45 est un smartphone Android moderne conçu pour offrir performance, autonomie et grand écran à un prix accessible. Grâce à son écran HD+ de 6,52 pouces, il permet de profiter confortablement des vidéos, réseaux sociaux et applications quotidiennes. Il est équipé d’une mémoire interne de 32 Go (selon version) extensible via carte microSD, permettant de stocker photos, vidéos et applications. Son processeur octa-core et le système Android Go Edition assurent une utilisation fluide même avec plusieurs applications.",https://www.soumari.com/wp-content/uploads/2026/03/Villaon-V45-32Gb-300x300.webp,,,Neuf,Dakar,,
Villaon V112,Téléphones & Accessoires,5400,6800,,5,"Le Villaon V112 est un téléphone classique à clavier conçu pour les personnes qui veulent un appareil simple, robuste et avec une bonne autonomie. Il permet de passer des appels, envoyer des SMS et écouter la radio sans internet. Grâce à sa batterie de 1000 mAh, ce téléphone peut tenir plusieurs jours sans recharge , ce qui le rend très pratique pour un usage quotidien ou comme téléphone secondaire",https://www.soumari.com/wp-content/uploads/2026/03/Villaon-V112-300x300.webp,,,Neuf,Dakar,,
Villaon V211,Téléphones & Accessoires,5800,7300,,5,"Le Villaon V211 est un téléphone classique à clavier conçu pour les utilisateurs qui recherchent simplicité, autonomie et fiabilité. Ce type de téléphone est parfait pour les appels, les SMS et un usage quotidien sans les complications d’un smartphone. Son principal avantage est sa batterie puissante de 2500 mAh, qui peut offrir jusqu’à plusieurs semaines d’autonomie en veille grâce à la faible consommation du réseau 2G.",https://www.soumari.com/wp-content/uploads/2026/03/Villaon-V211-300x300.webp,,,Neuf,Dakar,,
Villaon V120,Téléphones & Accessoires,5700,7100,,5,"Le Villaon V120 est un téléphone mobile simple et pratique conçu pour les utilisateurs qui recherchent un appareil fiable pour les appels et les messages. Grâce à sa fonction triple SIM, il permet d’utiliser trois cartes SIM simultanément, ce qui est très utile pour gérer plusieurs réseaux ou numéros. Ce téléphone dispose d’un écran compact de 1,77 pouces, d’une batterie longue durée de 1000 mAh, et d’un design classique facile à utiliser. Il intègre également des fonctions pratiques comme la radio FM sans fil, un lecteur audio et une lampe torche LED, idéales pour un usage quotidien",https://www.soumari.com/wp-content/uploads/2026/03/Villaon-V120-300x300.webp,,,Neuf,Dakar,,
Tecno Spark Slim – 256 Go – RAM 8 Go,Téléphones & Accessoires,142000,159000,,5,"Le Tecno Spark Slim 256 Go RAM 8 Go est un smartphone moderne conçu pour offrir performance, fluidité et grande capacité de stockage. Grâce à ses 8 Go de RAM, il assure une utilisation rapide et sans ralentissement, même en multitâche. Avec ses 256 Go de stockage interne, vous pouvez conserver toutes vos photos, vidéos, applications et documents sans vous soucier de l’espace. Son design fin et élégant le rend agréable à prendre en main, tandis que son écran offre un excellent confort visuel.",https://www.soumari.com/wp-content/uploads/2026/02/Tecno-Spark-Slim-256-Go-RAM-8-Gov-300x300.webp,,,Neuf,Dakar,,
VILLAON V25 – 64 Go – RAM 4 Go,Téléphones & Accessoires,27300,32200,,5,"Le Villaon V25 – 64 Go – RAM 4 Go est un smartphone pensé pour répondre aux besoins essentiels du quotidien avec fluidité et simplicité. Grâce à ses 4 Go de RAM, il assure une navigation agréable entre les applications, tandis que son stockage interne de 64 Go permet de conserver photos, vidéos, musiques et documents sans contrainte.",https://www.soumari.com/wp-content/uploads/2026/01/VILLAON-V25-64-Go-RAM-4-Go-300x300.webp,,,Neuf,Dakar,,
ITEL A06 – 64 Go – RAM 4 Go,Téléphones & Accessoires,35000,41300,,5,"Le Itel A06 – 64 Go – RAM 4 Go est un smartphone conçu pour offrir une expérience fluide et pratique au quotidien. Grâce à sa mémoire RAM de 4 Go, il permet une navigation rapide entre les applications, tandis que son stockage interne de 64 Go offre suffisamment d’espace pour vos photos, vidéos, musiques et applications.",https://www.soumari.com/wp-content/uploads/2026/01/ITEL-A06-64-Go-RAM-4-Go_jfif-300x300.webp,,,Neuf,Dakar,,
Villaon V50S – 32 Go – RAM 8 Go,Téléphones & Accessoires,38000,44800,,5,"Le Villaon V50S – 32 Go – RAM 8 Go est un smartphone moderne conçu pour répondre aux besoins essentiels du quotidien. Il est équipé d’un grand écran de 6.52 pouces offrant un affichage confortable pour la navigation, les vidéos et les réseaux sociaux. Grâce à ses 8 Go de RAM et ses 32 Go de stockage interne, le Villaon V50S assure une utilisation fluide des applications et un espace suffisant pour stocker photos, vidéos et fichiers. Sa connectivité 4G permet une navigation Internet rapide et stable. Sa batterie de 4000 mAh avec port Type-C garantit une autonomie adaptée à une journée complète d’utilisation. Le Villaon V50S – 32 Go – RAM 8 Go est un excellent choix pour ceux qui recherchent un smartphone performant à prix accessible.",https://www.soumari.com/wp-content/uploads/2026/01/Villaon-V50S-%E2%80%93-64-Go-%E2%80%93-RAM-8-Go-300x300.webp,,,Neuf,Dakar,,
Téléphone Astech IRIS – 256 Go – RAM 12 Go,Téléphones & Accessoires,65000,72800,,5,"Le Téléphone Astech IRIS – 256 Go – RAM 12 Go est conçu pour les utilisateurs exigeants à la recherche de puissance, rapidité et grande capacité de stockage. Avec ses 12 Go de RAM, ce smartphone assure une fluidité exceptionnelle, même lors de l’utilisation simultanée de plusieurs applications, de jeux ou d’outils professionnels. Son stockage interne de 256 Go offre un espace très confortable pour conserver photos, vidéos en haute résolution, applications lourdes et documents importants, sans se soucier du manque de place. Son grand écran tactile immersif garantit un excellent confort visuel pour le streaming, la navigation et le travail mobile.",https://www.soumari.com/wp-content/uploads/2025/12/Telephone-Astech-IRIS-256GB-RAM-12-300x300.webp,,,Neuf,Dakar,,
Téléphone Astech NEO -128 Go – RAM 8 Go,Téléphones & Accessoires,48500,57200,,5,,https://www.soumari.com/wp-content/uploads/2025/12/Telephone-Astech-NEO-128-Go-RAM-8-Go-300x300.webp,,,Neuf,Dakar,,
Téléviseur LG 55’’ Smart 4K UQ7050PSA,Téléphones & Accessoires,290800,314100,,5,,https://www.soumari.com/wp-content/uploads/2025/12/TELEVISEUR-LG-55-SMART-4K-UQ7050PSA-300x300.webp,,,Neuf,Dakar,,
Tecno Spark 40 Pro Plus – 256 Go – Ram 8 Go,Téléphones & Accessoires,113200,126800,,5,"Alliez puissance, élégance et technologie de pointe avec le TECNO SPARK 40 Pro+, un smartphone haut de gamme à prix accessible. Pensé pour les utilisateurs exigeants, ce modèle offre une mémoire interne de 256 Go accompagnée de 8 Go de RAM, pour une navigation ultra-fluide, un multitâche sans ralentissement et un espace de stockage généreux pour toutes vos applications, photos et vidéos.",https://www.soumari.com/wp-content/uploads/2025/12/Tecno-Spark-40-Pro-Plus-256-Go-Ram-8-Gov-300x300.webp,,,Neuf,Dakar,,
Téléphone Honor Play 10 – 64 Go – Ram 3 Go,Téléphones & Accessoires,49000,57800,,5,"Le Honor Play 10 est un smartphone conçu pour offrir un excellent rapport qualité-prix. Avec son processeur rapide et ses 3 Go de mémoire RAM, il assure une navigation fluide entre les applications et une expérience multitâche agréable. Son écran  offre une qualité d’affichage claire et colorée, parfaite pour le streaming, les jeux et les réseaux sociaux. Côté stockage, ses 64 Go internes permettent de sauvegarder vos photos, vidéos et applications sans contrainte, extensibles via carte microSD. La batterie de grande capacité garantit une autonomie prolongée pour tenir toute la journée. Le Honor Play 10 se distingue aussi par son design moderne, son capteur photo précis et son interface intuitive basée sur Android.",https://www.soumari.com/wp-content/uploads/2025/11/Telephone-Honor-Play-10-64-Go-Ram-3-Go_jfif-300x300.webp,,,Neuf,Dakar,,
Itel P65C 128Go- ram 4Go,Téléphones & Accessoires,41500,49000,,5,"Le **Itel P65C** est un smartphone moderne alliant performance et praticité, idéal pour un usage quotidien. Avec une mémoire interne de **128 Go**, il offre un large espace de stockage pour vos applications, photos, vidéos et fichiers, tandis que sa **RAM de 4 Go** assure une navigation fluide et rapide, même en multitâche. Conçu pour répondre aux besoins essentiels, il combine puissance, design élégant et fiabilité, faisant de lui un excellent choix pour ceux qui recherchent un téléphone performant à prix abordable.",https://www.soumari.com/wp-content/uploads/2025/09/Itel-P65C-128Go-ram-4Go-300x300.jpg,,,Neuf,Dakar,,
Itel A90 64Go- Ram 3Go,Téléphones & Accessoires,37000,43700,,5,"Le **Itel A90** est un smartphone élégant et pratique conçu pour répondre aux besoins quotidiens. Avec une mémoire interne de **64 Go**, extensible par carte mémoire, et une **RAM de 3 Go**, il offre une fluidité appréciable pour naviguer sur internet, utiliser vos applications préférées et stocker photos, vidéos ou fichiers. Son design moderne, combiné à des performances fiables, en fait un téléphone adapté aussi bien pour les appels, la messagerie que pour le divertissement. Idéal pour ceux qui recherchent un appareil abordable, polyvalent et efficace au quotidien.",https://www.soumari.com/wp-content/uploads/2025/09/Itel-A90-128gb-Ram-4-2-300x300.jpg,,,Neuf,Dakar,,
Itel A90 128Go- Ram 4Go,Téléphones & Accessoires,39900,47100,,5,"Le **Itel A90** est un smartphone moderne qui allie performance et praticité. Doté d’une mémoire interne de **128 Go**, il offre un espace de stockage généreux pour vos applications, photos, vidéos et fichiers. Avec ses **4 Go de RAM**, il assure une fluidité optimale dans l’utilisation quotidienne, que ce soit pour naviguer sur internet, utiliser les réseaux sociaux ou profiter de vos divertissements. Élégant et ergonomique, l’Itel A90 constitue un choix idéal pour ceux qui recherchent un téléphone fiable, performant et adapté à leurs besoins quotidiens.",https://www.soumari.com/wp-content/uploads/2025/09/Itel-A90-128gb-Ram-4-300x300.jpg,,,Neuf,Dakar,,
Samsung Galaxy A17 256Go – Ram 8Go,Téléphones & Accessoires,111500,124900,,5,"Le **Samsung Galaxy A17** est un smartphone performant équipé de **256 Go de stockage** et de **8 Go de RAM**, offrant une capacité exceptionnelle pour stocker vos fichiers, applications et photos tout en assurant une fluidité remarquable dans le multitâche. Son design moderne et élégant s’accompagne d’un écran immersif qui rend l’expérience visuelle agréable pour les vidéos, les jeux et la navigation. Grâce à ses caractéristiques techniques avancées, ce téléphone permet une utilisation rapide et efficace au quotidien, répondant aussi bien aux besoins professionnels qu’aux loisirs numériques.",https://www.soumari.com/wp-content/uploads/2025/09/Samsung-Galaxy-A17-128Go-Ram-4Go-3-300x300.jpg,,,Neuf,Dakar,,
Samsung Galaxy A17 128Go – Ram – 4Go,Téléphones & Accessoires,85000,95200,,5,"Le **Samsung Galaxy A17** est un smartphone élégant et performant, conçu pour offrir une expérience fluide au quotidien. Avec une mémoire interne de **128 Go**, extensible via carte microSD, il vous permet de stocker facilement vos photos, vidéos et applications. Sa **mémoire RAM de 4 Go** assure une utilisation rapide et multitâche sans ralentissement. Doté d’un design moderne et raffiné, il combine praticité et puissance pour répondre aux besoins essentiels, que ce soit pour naviguer sur internet, profiter de vos réseaux sociaux ou regarder vos contenus multimédias en toute fluidité.",https://www.soumari.com/wp-content/uploads/2025/09/Samsung-Galaxy-A17-128Go-Ram-4Go-2-300x300.jpg,,,Neuf,Dakar,,
Infinix Note 50 Pro 256Go- Ram 8Go,Téléphones & Accessoires,139900,156700,,5,"Le **Infinix Note 50 Pro** est un smartphone moderne et performant, conçu pour offrir une expérience fluide et agréable au quotidien. Doté d’une mémoire interne de **256 Go**, il permet de stocker facilement vos photos, vidéos, applications et fichiers sans contrainte, tandis que sa **RAM de 8 Go** assure une rapidité optimale, même lors du multitâche. Élégant et puissant, ce modèle se distingue par son design soigné, ses fonctionnalités avancées et sa capacité à répondre aux besoins des utilisateurs exigeants, que ce soit pour le travail, le divertissement ou la communication.",https://www.soumari.com/wp-content/uploads/2025/09/Infinix-Note-50-Pro-256gb-Ram-8gb-300x300.jpg,,,Neuf,Dakar,,
Téléphone Villaon V105,Téléphones & Accessoires,5100,6400,,5,"Le **Villaon V105** est un téléphone pratique et élégant, conçu pour répondre aux besoins essentiels de communication. Avec son design compact et moderne, il offre une prise en main confortable et une utilisation intuitive. Doté de fonctionnalités de base fiables telles que les appels, les SMS et une autonomie adaptée à un usage quotidien, il se distingue par sa simplicité et sa robustesse. C’est le choix idéal pour ceux qui recherchent un téléphone accessible, efficace et facile à utiliser, sans fonctionnalités complexes.",https://www.soumari.com/wp-content/uploads/2025/09/Telephone-Villaon-V105-300x300.jpg,,,Neuf,Dakar,,
Téléphone Villaon V110,Téléphones & Accessoires,5200,6500,,5,"Le **téléphone Villaon V110** est un appareil pratique et moderne conçu pour répondre aux besoins essentiels de communication. Avec son design élégant et ergonomique, il offre une prise en main confortable et une utilisation simple au quotidien. Doté de fonctionnalités de base fiables telles qu’un écran clair, un clavier intuitif et une bonne autonomie de batterie, le Villaon V110 se distingue par sa robustesse et sa facilité d’utilisation. C’est un choix idéal pour ceux qui recherchent un téléphone efficace, accessible et adapté aussi bien à un usage personnel que professionnel.",https://www.soumari.com/wp-content/uploads/2025/09/Telephone-Villaon-V110-2-300x300.jpg,,,Neuf,Dakar,,
Téléphone Villaon V40S – 32Go – Ram 4 Go,Téléphones & Accessoires,33000,38900,,5,"Le **Téléphone Villaon V40S** est un smartphone élégant et performant, conçu pour répondre aux besoins du quotidien. Doté d’une mémoire interne de **32 Go**, extensible pour stocker photos, vidéos et applications, il est associé à une **mémoire RAM de 4 Go** qui garantit une navigation fluide et un bon multitâche. Avec son design moderne, il offre une expérience agréable aussi bien pour les appels que pour l’utilisation d’Internet, des réseaux sociaux et du divertissement. Ce modèle représente un bon équilibre entre efficacité, style et accessibilité.",https://www.soumari.com/wp-content/uploads/2025/09/Telephone-Villaon-V40S-32Go-Ram-4-Go-2-300x300.jpg,,,Neuf,Dakar,,
Téléphone Villaon V5606,Téléphones & Accessoires,6000,7500,,5,"Le **Téléphone Villaon V5606** est un appareil moderne et élégant conçu pour offrir praticité et performance au quotidien. Doté d’un design soigné, il allie simplicité d’utilisation et fonctionnalités essentielles pour répondre aux besoins de communication. Sa prise en main ergonomique et son interface intuitive en font un choix idéal aussi bien pour un usage domestique que professionnel. Ce modèle garantit une qualité sonore claire et stable, tout en intégrant des options pratiques qui facilitent l’expérience utilisateur.",https://www.soumari.com/wp-content/uploads/2025/09/Telephone-Villaon-V5606-300x300.jpg,,,Neuf,Dakar,,
Redmi 15C – 256 Go – Ram 8 Go,Téléphones & Accessoires,79500,89000,,5,"Le Redmi 15C 256 Go – RAM 8 Go offre puissance et confort d’utilisation. Avec sa grande capacité de stockage, sa mémoire vive rapide et son autonomie longue durée, il est parfait pour les utilisateurs exigeants. Un smartphone fiable, moderne et performant, idéal pour un usage quotidien et multimédia.",https://www.soumari.com/wp-content/uploads/2025/09/Redmi-15C-256-Go-ram-8-Go-300x300.jpg,,,Neuf,Dakar,,
Redmi 15C – 128 Go – Ram 4 Go,Téléphones & Accessoires,67000,75000,,5,"Le **Redmi 15C 128 Go – RAM 4 Go** est le choix idéal pour ceux qui recherchent performance et fiabilité à petit prix. Doté d’un grand écran immersif, d’un processeur rapide et d’une batterie endurante, il assure une expérience fluide au quotidien. Avec sa mémoire généreuse de 128 Go, stockez vos photos, vidéos et applications sans contrainte.",https://www.soumari.com/wp-content/uploads/2025/09/Redmi-15C-128-Go-ram-4-Go-300x300.jpg,,,Neuf,Dakar,,
Redmi 15 – 256 Go – Ram 8 Go,Téléphones & Accessoires,94500,105800,,5,"Le Redmi 15 – 256 Go – RAM 8 Go est un smartphone Xiaomi puissant, élégant et conçu pour la performance. Grâce à ses 8 Go de RAM et son processeur octa-core, il offre une fluidité exceptionnelle même pour les tâches les plus exigeantes. Son stockage  de 256 Go permet de conserver toutes vos photos, vidéos et applications sans contrainte. Doté d’un appareil photo 50 MP, d’une batterie longue durée de 7000 mAh et d’un grand écran FHD+ immersif, ce téléphone est idéal pour le travail, les jeux et le divertissement.",https://www.soumari.com/wp-content/uploads/2025/09/Redmi-15-256-Go-Ram-8-Go-300x300.jpg,,,Neuf,Dakar,,
Redmi 15 – 128 Go – Ram 6 Go,Téléphones & Accessoires,83000,93000,,5,"Le **Redmi 15 – 128 Go – RAM 6 Go** est un smartphone Xiaomi qui combine **puissance, fluidité et autonomie**. Son grand écran FHD+ offre une immersion totale, tandis que son processeur octa-core et ses **6 Go de RAM** garantissent un multitâche sans ralentissement. Avec **128 Go de stockage extensible**, une batterie de **7000 mAh** et un **appareil photo 50 MP**, ce téléphone est parfait pour travailler, jouer et capturer vos plus beaux moments.",https://www.soumari.com/wp-content/uploads/2025/09/Redmi-15-128-Go-Ram-6-G-300x300.png,,,Neuf,Dakar,,
Tecno spark 40 – 256 Go – RAM 8 Go,Téléphones & Accessoires,75500,84600,,5,"Le **Tecno Spark 40 (8 Go + 256 Go)** est un smartphone au design ultra-fin et élégant, pensé pour offrir une expérience fluide, performante et durable, sans compromis sur le prix. Le Spark 40 garantit une navigation  et une gestion fluide du multitâche — applications, jeux modestes ou visionnage vidéo : tout se fait sans effort. Son stockage de **256 Go** permet d’emporter photos, vidéos et fichiers volumineux avec vous",https://www.soumari.com/wp-content/uploads/2025/09/Tecno-spark-40-256GB-RAM-8-300x300.jpg,,,Neuf,Dakar,,
Samsung Galaxy A07 – 128 Go – Ram 4 Go,Téléphones & Accessoires,63000,70600,,5,"Le **Samsung Galaxy A07** est un smartphone moderne et polyvalent, doté d’une mémoire interne de **128 Go** qui permet de stocker facilement photos, vidéos, applications et fichiers, avec la possibilité d’étendre l’espace grâce à une carte microSD. Sa **mémoire vive de 4 Go** assure une fluidité agréable pour la navigation, le multitâche et l’utilisation des applications courantes. Élégant et pratique, ce téléphone offre une expérience utilisateur fiable, idéale aussi bien pour un usage quotidien que pour le divertissement.",https://www.soumari.com/wp-content/uploads/2025/08/Samsung-Galaxy-A07-64gb-Ram-3-300x300.jpg,,,Neuf,Dakar,,
Samsung Galaxy A07 – Memoire 64 Go – Ram 4 Go,Téléphones & Accessoires,56500,63300,,5,"Le **Samsung Galaxy A07** est un smartphone élégant et performant conçu pour répondre à vos besoins du quotidien. Avec une **mémoire interne de 64 Go**, extensible via carte mémoire, et **4 Go de RAM**, il offre une fluidité optimale pour vos applications, jeux et multitâches. Son design moderne et ergonomique s’accompagne d’un écran immersif qui garantit une excellente expérience visuelle, idéale pour naviguer sur internet, regarder des vidéos ou utiliser les réseaux sociaux. Fiable et pratique, le Galaxy A07 allie puissance, espace de stockage et style à un prix accessible, parfait pour ceux qui recherchent un bon équilibre entre performance et budget.",https://www.soumari.com/wp-content/uploads/2025/08/Samsung-Galaxy-A07-64gb-Ram-300x300.jpg,,,Neuf,Dakar,,
KIT ALARME HIKVISION DS-PWA96-M2H-WB AX PRO ULTRA,Ordinateurs & Tablettes,130000,145600,,5,"Le kit alarme hikvision ds-pwa96-m2h-wb ax pro ultra est un système de sécurité avancé conçu pour protéger efficacement votre maison, bureau ou commerce. Développé par Hikvision, il offre une solution complète, fiable et intelligente.",https://www.soumari.com/wp-content/uploads/2026/04/KIT-ALARME-HIKVISION-DS-PWA96-M2H-WB-AX-PRO-ULTRA_11zon-300x300.webp,,,Neuf,Dakar,,
POINT ACCÈS HIKVISION CELLING PLAFOND DS-3WAP622E-SI WIFI 6 3000M,Ordinateurs & Tablettes,85000,95200,,5,"Le point accès hikvision ceiling plafond ds-3wap622e-si wifi 6 3000m est une solution réseau performante conçue pour offrir une connexion internet rapide, stable et étendue. Développé par Hikvision, il est idéal pour les entreprises, bureaux, hôtels, écoles ou grandes maisons",https://www.soumari.com/wp-content/uploads/2026/04/POINT-ACCES-HIKVISION-CELLING-PLAFOND-DS-3WAP622E-SI-WIFI-6-3000M-300x300.webp,,,Neuf,Dakar,,
Imprimante CANON PIXMA g3416,Ordinateurs & Tablettes,115000,128800,,5,"L’ **imprimante canon pixma g3416** est une imprimante multifonction conçue pour offrir impression, copie et numérisation avec efficacité. Développée par Canon, elle est idéale pour une utilisation à domicile, au bureau ou dans les petits commerces.",https://www.soumari.com/wp-content/uploads/2026/04/Imprimante-CANON-PIXMA-g3416_11zon-300x300.webp,,,Neuf,Dakar,,
Imprimante CANON PIXMA G3410,Ordinateurs & Tablettes,115000,128800,,5,"L’imprimante canon pixma g3410 est une imprimante multifonction conçue pour offrir impression, copie et numérisation avec une excellente efficacité. Développée par Canon, elle est idéale pour une utilisation à la maison, au bureau ou dans les petits commerces.",https://www.soumari.com/wp-content/uploads/2026/04/Imprimante-CANON-PIXMA-G3410_11zon-300x300.webp,,,Neuf,Dakar,,
Imprimante EPSON LQ-690DMP,Ordinateurs & Tablettes,402000,434200,,5,"L’imprimante epson lq-690dmp est une imprimante matricielle professionnelle conçue pour les environnements nécessitant des impressions fiables sur formulaires multi-feuillets, factures, bons de livraison et documents administratifs. Développée par Epson, elle se distingue par sa robustesse, sa longévité et son faible coût d’exploitation.",https://www.soumari.com/wp-content/uploads/2026/04/IMPRIMANTE-EPSON-LQ-690DMP_11zon-300x300.webp,,,Neuf,Dakar,,
Imprimante HP LASER PROMFP 4103FDW,Ordinateurs & Tablettes,356000,384500,,5,"L’imprimante hp laser pro mfp 4103fdw est une solution multifonction professionnelle conçue pour les entreprises recherchant rapidité, performance et fiabilité. Développée par HP, elle centralise les fonctions d’impression, copie, numérisation et fax dans un seul appareil performant.",https://www.soumari.com/wp-content/uploads/2026/04/IMPRIMANTE-HP-LASER-PROMFP-4103FDW._11zon-1-300x300.webp,,,Neuf,Dakar,,
Imprimante HP SCAN JET PRO 2600F1,Ordinateurs & Tablettes,248000,267800,,5,"Le hp scanjet pro 2600 f1 est un scanner professionnel performant conçu pour simplifier la gestion documentaire des entreprises, administrations et indépendants. Développé par HP, il offre une numérisation rapide, fiable et de haute qualité dans un format compact parfaitement adapté aux espaces de travail modernes.",https://www.soumari.com/wp-content/uploads/2026/04/hp-scanjet-pro-2600-f1_11zon-300x300.webp,,,Neuf,Dakar,,
Imprimante Canon I-SENSYS MF-7237W,Ordinateurs & Tablettes,228900,247200,,5,"L’imprimante canon i-sensys mf-7237w est une solution multifonction laser monochrome conçue pour les petites entreprises, bureaux et utilisateurs recherchant rapidité, fiabilité et connectivité sans fil. Développée par Canon, elle regroupe les fonctions essentielles d’impression, copie et numérisation dans un appareil compact et performant.",https://www.soumari.com/wp-content/uploads/2026/04/IMPRIMANTE-CANON-I-SENSYS-MF-7237W_11zon-300x300.webp,,,Neuf,Dakar,,
Imprimante Canon Laser I-SENSYS MF-275DW,Ordinateurs & Tablettes,201700,217800,,5,"L’imprimante canon laser i-sensys mf-275dw est une solution multifonction monochrome pensée pour les professionnels, petites entreprises et utilisateurs à domicile recherchant performance, fiabilité et simplicité. Conçue par Canon, elle regroupe impression, copie, numérisation et fax dans un format compact adapté aux espaces réduits.",https://www.soumari.com/wp-content/uploads/2026/04/IMPRIMANTE-CANON-LASER-I-SENSYS-MF-275DW._11zon-300x300.webp,,,Neuf,Dakar,,
Imprimante HP SCAN JET PRO 3600F1,Ordinateurs & Tablettes,343800,371300,,5,"Le hp scanjet pro 3600 f1 est un scanner professionnel performant conçu pour simplifier la gestion documentaire en entreprise. Développé par HP, il offre une numérisation rapide, fiable et de haute qualité pour répondre aux besoins des bureaux, administrations et professionnels.",https://www.soumari.com/wp-content/uploads/2026/04/imprimante-hp-scanjet-pro-3600-f1_11zon-300x300.webp,,,Neuf,Dakar,,
Imprimante Epson Multifonction ECOTANK L6290,Ordinateurs & Tablettes,298400,322300,,5,"L’imprimante epson ecotank l6290 est une solution multifonction innovante conçue pour offrir des impressions économiques sans compromis sur la qualité. Développée par Epson, elle intègre un système de réservoirs d’encre rechargeables haute capacité, permettant de réduire considérablement les coûts d’impression.",https://www.soumari.com/wp-content/uploads/2026/04/IMPRIMANTE-EPSON-MULTIFONCTION-ECOTANK-L6290._11zon-300x300.webp,,,Neuf,Dakar,,
Imprimante Canon Laser Multifonction I-SENSYS MF-655CDW,Ordinateurs & Tablettes,287300,310300,,5,"L’ **i** mprimante canon i-sensys mf-655cdw est une solution multifonction laser couleur conçue pour les entreprises et les professionnels recherchant performance, qualité et connectivité. Développée par Canon, elle permet de centraliser les tâches d’impression, de copie et de numérisation dans un seul appareil compact et performant.",https://www.soumari.com/wp-content/uploads/2026/04/IMPRIMANTE-CANON-LASER-MULTIFONCTION-I-SENSYS-MF-655CDW_11zon-300x300.webp,,,Neuf,Dakar,,
Imprimante HP laser multifonction pro MFP 4303FDW,Ordinateurs & Tablettes,423500,457400,,5,"L’imprimante hp laser multifonction pro mfp 4303fdw est une solution professionnelle performante conçue pour répondre aux besoins des entreprises en matière de gestion documentaire. Développée par HP, elle combine vitesse, qualité d’impression et connectivité avancée pour optimiser le travail en bureau.",https://www.soumari.com/wp-content/uploads/2026/04/Imprimante-HP-laser-multifonction-pro-MFP-4303FDW-_11zon-300x300.webp,,,Neuf,Dakar,,
Imprimante Canon IR-2224N,Ordinateurs & Tablettes,518400,559900,,5,"L’imprimante canon ir-2224n est une solution multifonction laser noir et blanc conçue pour les environnements professionnels nécessitant performance et connectivité. Issue de la gamme imageRUNNER de Canon, elle se distingue par sa capacité à optimiser les flux de travail grâce à ses fonctionnalités avancées.",https://www.soumari.com/wp-content/uploads/2026/04/IMPRIMANTE-CANON-IR-2224N._11zon-300x300.webp,,,Neuf,Dakar,,
Imprimante Canon IR-2224,Ordinateurs & Tablettes,445600,481200,,5,"L’imprimante canon ir-2224 est un équipement multifonction laser noir et blanc conçu pour les environnements professionnels exigeants. Issue de la gamme imageRUNNER de Canon, elle combine efficacité, robustesse et simplicité d’utilisation pour répondre aux besoins quotidiens des entreprises et administrations.",https://www.soumari.com/wp-content/uploads/2026/04/IMPRIMANTE-CANON-IR-2224_11zon-300x300.webp,,,Neuf,Dakar,,
Imprimante Canon Traceur Grand Format 36 TM-350,Ordinateurs & Tablettes,1280000,1382400,,5,"Le Canon TM-350 36 pouces est un traceur grand format professionnel conçu pour répondre aux besoins des architectes, ingénieurs, bureaux d’études et agences de communication visuelle. Il fait partie de la gamme moderne de traceurs Canon, reconnue pour sa qualité d’impression exceptionnelle et sa fiabilité. Grâce à sa technologie jet d’encre pigmentée de nouvelle génération, le TM-350 offre des impressions d’une grande précision avec des lignes nettes, des dégradés fluides et une excellente résistance à la lumière. Il est parfaitement adapté à l’impression de plans techniques, cartes géographiques, affiches publicitaires et supports graphiques haute qualité.",https://www.soumari.com/wp-content/uploads/2026/04/Imprimante-Canon-Traceur-Grand-Format-36-TM-350_11zon-2-300x300.webp,,,Neuf,Dakar,,
Imprimante Canon IR-2630I,Ordinateurs & Tablettes,1588800,1715900,,5,"Le Canon imageRUNNER iR 2630i est une imprimante multifonction laser noir et blanc conçue pour les entreprises et administrations ayant des besoins élevés en gestion documentaire. Elle combine performance, sécurité et efficacité pour optimiser les flux de travail en bureau.",https://www.soumari.com/wp-content/uploads/2026/04/IMPRIMANTE-CANON-iR-2630i_11zon-300x300.webp,,,Neuf,Dakar,,
Imprimante Canon Traceur Grand Format 36 T630,Ordinateurs & Tablettes,1275000,1377000,,5,"Le Canon Traceur Grand Format T630 36 pouces est une imprimante professionnelle conçue pour les entreprises, architectes, ingénieurs et agences de design ayant besoin d’impressions grand format de haute précision. Grâce à sa technologie avancée d’impression jet d’encre, il offre des rendus nets, détaillés et fidèles, parfaitement adaptés aux plans techniques, affiches publicitaires et supports graphiques.",https://www.soumari.com/wp-content/uploads/2026/04/IMPRIMANTE-CANON-TRACEUR-GRAND-FORMAT-36-T630_11zon-300x300.webp,,,Neuf,Dakar,,
Imprimante Epson multifonction Smart Tank 615,Ordinateurs & Tablettes,227000,245200,,5,"L’imprimante Epson Smart Tank 615 est une solution multifonction innovante conçue pour répondre aux besoins des particuliers et des professionnels à la recherche d’une impression économique et fiable. Grâce à son système de réservoirs d’encre rechargeables haute capacité, elle permet de réduire considérablement le coût par page tout en garantissant une qualité d’impression exceptionnelle.",https://www.soumari.com/wp-content/uploads/2026/04/IMPRIMANTE-EPSON-MULTIFONCTION-SMART-TANK-615_11zon-300x300.webp,,,Neuf,Dakar,,
Imprimante HP LaserJet Monofonction CP5225N,Ordinateurs & Tablettes,883400,954100,,5,"L’imprimante HP LaserJet CP5225N est une solution professionnelle conçue pour les entreprises ayant des besoins d’impression intensifs et variés. Grâce à sa technologie d’impression laser couleur avancée, elle garantit des documents nets, précis et durables, adaptés aussi bien aux rapports qu’aux supports marketing.",https://www.soumari.com/wp-content/uploads/2026/04/IMPRIMANTE-HP-LASER-JET-MONOFONCTION-CP5225N_11zon-1-300x300.webp,,,Neuf,Dakar,,
Imprimante Canon SELPHY CP-1500,Ordinateurs & Tablettes,102300,114600,,5,"L’imprimante Canon SELPHY CP-1500 est une imprimante photo compacte conçue pour imprimer rapidement des photos de haute qualité directement depuis vos appareils. Grâce à sa technologie d’impression thermique par sublimation, elle offre des images aux couleurs vives, durables et résistantes à l’eau et aux traces.",https://www.soumari.com/wp-content/uploads/2026/04/IMPRIMANTE_CANON_SELPHY_CP-1500_11zon-300x300.webp,,,Neuf,Dakar,,
Imprimante HP Laser multifonction Pro MFP 4103DW,Ordinateurs & Tablettes,334800,361600,,5,"L’imprimante HP Laser Pro MFP 4103dw multifonction est conçue pour les professionnels recherchant rapidité, efficacité et connectivité moderne. Elle regroupe les fonctions essentielles : impression, numérisation (scan) et copie, pour une gestion complète de vos documents. Grâce à la technologie laser, elle offre des impressions rapides et de haute qualité avec des textes nets et précis. Idéale pour les environnements de travail dynamiques, elle permet de traiter un volume important de documents en un temps réduit.",https://www.soumari.com/wp-content/uploads/2026/04/IMPRIMANTE-HP-LASER-MULTIFONCTION-PRO-MFP-4103DW._11zon-300x300.webp,,,Neuf,Dakar,,
Imprimante HP multifonction couleur LaserJet Pro MFP 4103FDN,Ordinateurs & Tablettes,475800,513900,,5,"L’imprimante HP LaserJet Pro MFP 4103fdn multifonction couleur est conçue pour les environnements professionnels exigeants. Elle offre une solution complète avec impression, numérisation (scan), copie et fax, idéale pour les entreprises et bureaux à forte productivité. Grâce à la technologie laser, elle garantit des impressions rapides, précises et de haute qualité, avec des textes nets et des couleurs professionnelles. Sa vitesse d’impression élevée permet de traiter de gros volumes de documents efficacement.",https://www.soumari.com/wp-content/uploads/2026/04/IMPRIMANTE-HP-MULTIFONCTION-COULEUR-LASER-PRO-MFP-4103FDN_11zon-1-300x300.webp,,,Neuf,Dakar,,
Imprimante termique USB + BLUETOOTH MP-3380,Ordinateurs & Tablettes,54800,61400,,5,"L’Imprimante termique USB 3380  est spécialement conçue pour les commerces, restaurants, boutiques et systèmes de caisse (POS). Elle permet d’imprimer rapidement des tickets, factures et reçus sans utiliser d’encre, grâce à la technologie thermique. Avec sa double connectivité USB et Bluetooth, elle offre une grande flexibilité d’utilisation. Vous pouvez l’utiliser avec un ordinateur, une tablette ou un smartphone, facilitant ainsi la gestion des ventes.",https://www.soumari.com/wp-content/uploads/2026/04/Imprimante-termique-USB-3380_11zon-300x300.webp,,,Neuf,Dakar,,
Imprimante HP Office Jet Multifonction Pro 9123,Ordinateurs & Tablettes,188000,210600,,5,"L’imprimante HP OfficeJet Pro 9123 multifonction est conçue pour répondre aux besoins des professionnels et des particuliers exigeants. Polyvalente, elle combine impression, numérisation (scan), copie et parfois fax (selon configuration), offrant une solution complète pour la gestion de vos documents.",https://www.soumari.com/wp-content/uploads/2026/04/IMPRIMANTE-HP-OFFICE-JET-MULTIFONCTION-PRO-9123_11zon-300x300.webp,,,Neuf,Dakar,,
Pack bureau,Ordinateurs & Tablettes,420000,453600,,5,"Découvrez notre gamme de Packs Bureau , spécialement conçus pour aménager efficacement vos espaces de travail professionnels ou personnels. Nos packs réunissent les éléments essentiels pour créer un poste de travail fonctionnel, confortable et esthétique, sans avoir à acheter chaque meuble séparément. **Commandez par Téléphone au 76 552 75 67** _**Livraison Gratuite !**_",https://www.soumari.com/wp-content/uploads/2026/02/Pack-Bureau-300x300.jpg,,,Neuf,Dakar,,
Pack Bureau Accueil,Ordinateurs & Tablettes,510000,550800,,5,"Découvrez notre sélection de Packs Bureau Accueil , conçus pour équiper efficacement vos espaces professionnels dès la première installation. Nos packs sont spécialement pensés pour les entreprises, administrations, hôtels, cabinets, commerces et structures professionnelles souhaitant offrir un espace d’accueil fonctionnel, moderne et élégant. **Commandez par Téléphone au 76 552 75 67** _**Livraison Gratuite !**_",https://www.soumari.com/wp-content/uploads/2026/02/Pack-bureau-accueil-300x300.jpg,,,Neuf,Dakar,,
Câble HDTV 4K 20m,Ordinateurs & Tablettes,10000,11800,,5,"Le **câble HDTV 4K de 20 mètres** est conçu pour offrir une qualité d’image exceptionnelle avec une résolution ultra haute définition jusqu’à 4K. Idéal pour connecter des téléviseurs, projecteurs, consoles de jeux, box TV ou ordinateurs à des sources HDMI sur de longues distances, il garantit une transmission fluide du son et de la vidéo sans perte de signal. Grâce à sa longueur de 20 mètres, il permet une installation flexible dans les grandes pièces ou les environnements professionnels. Solide et durable, ce câble est également blindé pour réduire les interférences et assurer une performance stable et fiable.",https://www.soumari.com/wp-content/uploads/2025/07/Cable-HDTV-4K--300x300.jpg,,,Neuf,Dakar,,
Câble HDTV 4K 15m,Ordinateurs & Tablettes,8000,10000,,5,"Le **Câble HDTV 4K de 15 mètres** est conçu pour offrir une transmission d’image et de son en ultra haute définition, idéale pour les installations longue distance sans perte de qualité. Compatible avec les résolutions jusqu’à **4K**, il assure une clarté d’image exceptionnelle, des couleurs riches et un son numérique limpide. Sa longueur de **15 mètres** en fait un choix parfait pour les configurations home cinéma, les présentations en salle de conférence ou les connexions à distance entre vos équipements multimédias. Solide et durable, ce câble garantit une performance stable grâce à son blindage renforcé contre les interférences.",https://www.soumari.com/wp-content/uploads/2025/07/Cable-HDTV-4K--300x300.jpg,,,Neuf,Dakar,,
Câble HDTV 4K 10m,Ordinateurs & Tablettes,6000,7500,,5,"Le **Câble HDTV 4K de 10 mètres** est conçu pour offrir une qualité d’image exceptionnelle en ultra haute définition. Compatible avec les résolutions jusqu’à 4K, il garantit une transmission fluide et sans perte de signal pour vos films, jeux vidéo et présentations professionnelles. Sa longueur de 10 mètres permet une grande flexibilité d’installation, idéale pour relier vos appareils sur de longues distances, que ce soit à la maison ou en milieu professionnel. Robuste et durable, il assure une connectivité fiable entre vos téléviseurs, projecteurs, ordinateurs et autres équipements compatibles HDMI.",https://www.soumari.com/wp-content/uploads/2025/07/Cable-HDTV-4K--300x300.jpg,,,Neuf,Dakar,,
Câble HDTV 4K 5m,Ordinateurs & Tablettes,4000,5000,,5,"Le **Câble HDTV 4K de 5 mètres** est un accessoire idéal pour connecter vos appareils compatibles HDMI (téléviseurs, décodeurs, consoles, projecteurs, etc.) tout en profitant d’une qualité d’image exceptionnelle en **ultra haute définition 4K**. Avec sa longueur généreuse de **5 mètres**, il offre une grande liberté d’installation, même à distance. Ce câble assure une transmission fluide, stable et sans perte de signal, tout en prenant en charge l’audio haute fidélité et les contenus protégés HDCP. Solide et durable, il est parfait pour les installations domestiques ou professionnelles.",https://www.soumari.com/wp-content/uploads/2025/07/Cable-HDTV-4K--300x300.jpg,,,Neuf,Dakar,,
Câble HDTV 4K 3m,Ordinateurs & Tablettes,2000,2500,,5,"Le **Câble HDTV 4K de 3 mètres** est conçu pour offrir une qualité d’image exceptionnelle en ultra haute définition. Idéal pour connecter votre téléviseur, moniteur ou projecteur à des appareils compatibles comme les décodeurs, consoles de jeux ou lecteurs Blu-ray, ce câble prend en charge la résolution 4K, garantissant des images nettes, des couleurs éclatantes et un son de haute fidélité. Sa longueur de 3 mètres permet une installation flexible, même dans les espaces plus vastes, tout en assurant une transmission rapide et stable du signal grâce à ses matériaux de qualité.",https://www.soumari.com/wp-content/uploads/2025/07/Cable-HDTV-4K--300x300.jpg,,,Neuf,Dakar,,
Câble HDTV 4K 1.5m,Ordinateurs & Tablettes,1500,1900,,5,"Le **câble** est un accessoire indispensable pour connecter, alimenter ou transférer des données entre différents appareils électroniques. Polyvalent, il peut être utilisé pour la recharge, la synchronisation ou la transmission de signal audio, vidéo ou internet selon son type (USB, HDMI, Ethernet, etc.). Conçu avec des matériaux résistants, il garantit une connexion stable et durable. Compact et facile à transporter, le câble est l’outil idéal au quotidien pour assurer la compatibilité entre vos équipements technologiques.",https://www.soumari.com/wp-content/uploads/2025/07/Cable-HDTV-4K--300x300.jpg,,,Neuf,Dakar,,
Port Clé usb R.5G 66W,Ordinateurs & Tablettes,2600,3300,,5,"Le **Port Clé USB R.5G 66W** est un dispositif de stockage et de transfert de données haute performance, combinant rapidité et puissance. Doté de la technologie **R.5G**, il assure des vitesses de transfert ultra-rapides, idéales pour les fichiers volumineux et les professionnels exigeants. Sa capacité à supporter une puissance de **66W** le rend compatible avec des appareils nécessitant une alimentation élevée, comme certains ordinateurs portables ou périphériques avancés. Son design compact et robuste en fait un accessoire fiable et polyvalent pour un usage quotidien.",https://www.soumari.com/wp-content/uploads/2025/03/Port-cle-usb-R.5G-66W-300x300.jpg,,,Neuf,Dakar,,
Dell Vostro 3520 -1215u – i3 – 512 Go – RAM 8 Go – 15″,Ordinateurs & Tablettes,255000,275400,,5,Le Dell Vostro 3520 est un ordinateur portable puissant avec un processeur Core i3-1215U pour des performances optimales. Il dispose de 8 Go de RAM et 512 Go de stockage pour une grande réactivité. Son écran de 15 pouces offre un confort visuel idéal pour le travail et le divertissement. Un choix fiable pour une utilisation quotidienne efficace.,https://www.soumari.com/wp-content/uploads/2025/01/Dell-3520-1215u-i3-512gb-ram-8gb-15p-300x300.webp,,,Neuf,Dakar,,
Clé usb 64GB,Ordinateurs & Tablettes,4500,5600,,5,"Élégant, sécurisé et durable, cette clé USB est un excellent moyen de transporter de la musique, des images, des vidéos personnelles ou des films avec vous pour en profiter où vous le souhaitez ou rester préparé avec des feuilles de calcul, des présentations et d’autres fichiers de travail à utiliser au bureau ou à l’extérieur",https://www.soumari.com/wp-content/uploads/2024/10/Cle-usb-64GB-300x300.webp,,,Neuf,Dakar,,
Clé usb 16GB,Ordinateurs & Tablettes,2650,3300,,5,"Élégant, sécurisé et durable, cette clé USB est un excellent moyen de transporter de la musique, des images, des vidéos personnelles ou des films avec vous pour en profiter où vous le souhaitez ou rester préparé avec des feuilles de calcul, des présentations et d’autres fichiers de travail à utiliser au bureau ou à l’extérieur",https://www.soumari.com/wp-content/uploads/2024/10/Cle-usb-16GB-300x300.webp,,,Neuf,Dakar,,
Clé usb 8GB,Ordinateurs & Tablettes,2200,2800,,5,"Élégant, sécurisé et durable, cette clé USB est un excellent moyen de transporter de la musique, des images, des vidéos personnelles ou des films avec vous pour en profiter où vous le souhaitez ou rester préparé avec des feuilles de calcul, des présentations et d’autres fichiers de travail à utiliser au bureau ou à l’extérieur",https://www.soumari.com/wp-content/uploads/2024/10/Cle-usb-8GB-300x300.webp,,,Neuf,Dakar,,
Clé usb 32GB,Ordinateurs & Tablettes,3600,4500,,5,"Élégant, sécurisé et durable, cette clé USB est un excellent moyen de transporter de la musique, des images, des vidéos personnelles ou des films avec vous pour en profiter où vous le souhaitez ou rester préparé avec des feuilles de calcul, des présentations et d’autres fichiers de travail à utiliser au bureau ou à l’extérieur",https://www.soumari.com/wp-content/uploads/2024/10/Cle-usb-32GB-300x300.webp,,,Neuf,Dakar,,
Clé USB 2Gb,Ordinateurs & Tablettes,1700,2100,,5,"Élégant, sécurisé et durable, cette clé USB est un excellent moyen de transporter de la musique, des images, des vidéos personnelles ou des films avec vous pour en profiter où vous le souhaitez ou rester préparé avec des feuilles de calcul, des présentations et d’autres fichiers de travail à utiliser au bureau ou à l’extérieur",https://www.soumari.com/wp-content/uploads/2024/10/Cle-USB-2Gb-300x300.webp,,,Neuf,Dakar,,
Clé usb 4Gb,Ordinateurs & Tablettes,1950,2400,,5,"Élégant, sécurisé et durable, cette clé USB est un excellent moyen de transporter de la musique, des images, des vidéos personnelles ou des films avec vous pour en profiter où vous le souhaitez ou rester préparé avec des feuilles de calcul, des présentations et d’autres fichiers de travail à utiliser au bureau ou à l’extérieur",https://www.soumari.com/wp-content/uploads/2024/10/Cle-usb-4Gb__-300x300.jpg,,,Neuf,Dakar,,
IMPRIMANTE CANON PIXMA G2430,Ordinateurs & Tablettes,126500,141700,,5,"All-In-One parfait pour l’impression, la numérisation et la copie. Qu’il s’agisse de documents comportant beaucoup de texte ou de photos de famille, le moteur d’impression compact de la CANON PIXMA G2430 est conçu pour la qualité et la facilité d’utilisation.",https://www.soumari.com/wp-content/uploads/2024/08/IMPRIMANTE-CANON-PIXMA-G2430-1-300x300.webp,,,Neuf,Dakar,,
ORDINATEUR HP FIXE PRO AZERTY I3 G9 290,Ordinateurs & Tablettes,340000,367200,,5,"L’ORDINATEUR HP FIXE PRO AZERTY I3 G9 290 est équipé d’un processeur Intel Core i5 de 9e génération, offrant une puissance de traitement adaptée aux tâches professionnelles. Il propose une connectivité variée avec des ports USB, Ethernet, et des options pour le Wi-Fi et le Bluetooth. Son design compact et élégant le rend idéal pour les environnements de bureau.",https://www.soumari.com/wp-content/uploads/2024/08/ORDINATEUR-HP-FIXE-PRO-AZERTY-I3-G9-290-300x300.webp,,,Neuf,Dakar,,
ORDINATEUR HP FIXE PRO AZERTY I5 G9 290,Ordinateurs & Tablettes,406600,439100,,5,"L’ordinateur fixe HP Pro AZERTY i5 G9 290 est équipé d’un processeur Intel Core i5 de 9e génération, offrant une puissance de traitement adaptée aux tâches professionnelles. Il propose une connectivité variée avec des ports USB, Ethernet, et des options pour le Wi-Fi et le Bluetooth. Son design compact et élégant le rend idéal pour les environnements de bureau.",https://www.soumari.com/wp-content/uploads/2024/08/ORDINATEUR-HP-FIXE-PRO-AZERTY-I5-G9-290-300x300.webp,,,Neuf,Dakar,,
TICKET DE CAISSE EPSON USB + RESEAUX TM-T20X 052,Ordinateurs & Tablettes,125000,140000,,5,"Le ticket de caisse Epson TM-T20X est une imprimante thermique dotée de connectivités USB et réseau. Conçue pour offrir une impression rapide et fiable des reçus, elle convient parfaitement aux petites et moyennes entreprises. Son modèle 052 inclut des améliorations pour une meilleure performance et durabilité.",https://www.soumari.com/wp-content/uploads/2024/08/TICKET-DE-CAISSE-EPSON-USB-RESEAUX-TM-T20X-052-2-300x300.webp,,,Neuf,Dakar,,
Baffle Ordinateur KISONLI USB 2.0 T003,Ordinateurs & Tablettes,3500,4400,,5,"Vous voulez une bonne qualité de son avec votre ordinateur fixe ou portable? Équipez-vous de cet enceinte PC, et profitez pleinement de vos musiques, films ou jeux vidéo en haute-fidélité. Compacte, en stéréo pour un son immersif, avec ou sans caisson, choisissez votre enceinte en fonction de la configuration de votre bureau.",https://www.soumari.com/wp-content/uploads/2024/06/Baffle-Ordinateur-KISONLI-USB-2.0-T003-300x300.webp,,,Neuf,Dakar,,
Cable HDMI 20M,Ordinateurs & Tablettes,6000,7500,,5,"Reliez vos appareils à haute définition avec un cable HDMI fiable. Acronyme de High-Definition Multimedia Interface, le connecteur HDMI permet de transférer un signal vidéo sans compression, produisant ainsi un affichage de haute qualité.",https://www.soumari.com/wp-content/uploads/2024/06/Cable-HDMI-300x300.webp,,,Neuf,Dakar,,
Cable HDMI 15M,Ordinateurs & Tablettes,4000,5000,,5,"Reliez vos appareils à haute définition avec un cable HDMI fiable. Acronyme de High-Definition Multimedia Interface, le connecteur HDMI permet de transférer un signal vidéo sans compression, produisant ainsi un affichage de haute qualité.",https://www.soumari.com/wp-content/uploads/2024/06/Cable-HDMI-300x300.webp,,,Neuf,Dakar,,
Support tv champion mural 32-85 C55,Électronique & Hi-Fi,7100,8900,,5,"Le Support TV Champion C55 est un support mural conçu pour accueillir les téléviseurs de 32 à 85 pouces. Il convient ainsi aussi bien aux écrans de taille moyenne qu’aux grands téléviseurs. Son installation murale permet de libérer l’espace occupé par un meuble TV et de créer une installation plus moderne et ordonnée. Le téléviseur est maintenu contre le mur, ce qui permet également d’optimiser l’espace disponible dans la pièce.",https://www.soumari.com/wp-content/uploads/2026/08/Support-tv-champion-mural-32-85-C55-1-300x300.jpg,,,Neuf,Dakar,,
Support tv champion mural 26-65 C45,Électronique & Hi-Fi,5600,7000,,5,Le Support TV Champion C45 est un support mural conçu pour accueillir des téléviseurs de 26 à 65 pouces. Il permet d’installer votre écran directement au mur afin de libérer de l’espace et de donner un aspect plus moderne et ordonné à votre pièce. Sa conception murale assure un maintien stable du téléviseur lorsqu’il est correctement installé sur un mur adapté. Il convient aussi bien aux téléviseurs de taille moyenne qu’aux grands écrans jusqu’à 65 pouces.,https://www.soumari.com/wp-content/uploads/2026/08/Support-tv-champion-mural-26-65-C45-1-300x300.jpg,,,Neuf,Dakar,,
Support TV champion pivotant 14-42,Électronique & Hi-Fi,4200,5300,,5,"Le Support TV Champion pivotant 14–42″ est conçu pour fixer solidement un téléviseur au mur tout en permettant de modifier son orientation selon l’angle de vision souhaité. Compatible avec les téléviseurs de 14 à 42 pouces, il constitue une solution pratique pour optimiser l’espace et améliorer le confort de visionnage. Sa fonction pivotante permet d’orienter l’écran vers la gauche ou la droite afin d’obtenir une meilleure visibilité depuis différentes positions dans la pièce.",https://www.soumari.com/wp-content/uploads/2026/08/Support-TV-champion-pivotant-14-42-1-1-300x300.jpg,,,Neuf,Dakar,,
Téléviseur Samsung 75″ QLED QE75Q7FAAUXLY,Électronique & Hi-Fi,590000,637200,,5,"Le Samsung QE75Q7FAAUXLY est un téléviseur QLED Smart TV de 75 pouces  conçu pour offrir une qualité d’image exceptionnelle grâce à la technologie Quantum Dot. Celle-ci reproduit 100 % du volume colorimétrique, garantissant des couleurs plus riches, plus précises et éclatantes, même dans les scènes les plus lumineuses.",https://www.soumari.com/wp-content/uploads/2026/07/Televiseur-Samsung-75-QLED-QE75Q7FAAUXLY-300x300.jpg,,,Neuf,Dakar,,
Téléviseur Samsung 75″ smart UHD 4K 75DU7170U,Électronique & Hi-Fi,561750,606700,,5,"Le Samsung 75DU7170U est un Smart TV Crystal UHD 4K de 75 pouces conçu pour offrir une qualité d’image remarquable et une navigation fluide grâce au système Samsung  . Son grand écran est idéal pour les salons spacieux, les salles de réunion, les hôtels ou les espaces de divertissement. Grâce au Crystal Processor 4K, chaque contenu est optimisé pour afficher des images plus nettes, des couleurs plus naturelles et une mise à l’échelle intelligente vers une qualité proche de la 4K. Que vous regardiez des films, des événements sportifs ou des vidéos en streaming, vous profitez d’une image détaillée et réaliste.",https://www.soumari.com/wp-content/uploads/2026/07/Televiseur-Samsung-75-smart-UHD-4K-75DU7170U-1-1-300x300.jpg,,,Neuf,Dakar,,
Téléviseur Samsung 75″ smart android UA75U8000F,Électronique & Hi-Fi,581000,627500,,5,"Le Samsung UA75U8000F est un téléviseur Smart TV LED Crystal UHD 4K de 75 pouces conçu pour offrir une qualité d’image exceptionnelle et une expérience connectée fluide. Son grand écran est idéal pour les salons, les salles de réunion, les hôtels ou tout espace nécessitant un affichage de grande taille. Équipé du Crystal Processor 4K, ce téléviseur optimise automatiquement les couleurs, le contraste et les détails afin d’offrir une image plus nette et plus réaliste. Grâce à la mise à l’échelle 4K  , les contenus de résolution inférieure sont améliorés pour se rapprocher de la qualité Ultra HD.",https://www.soumari.com/wp-content/uploads/2026/07/Televiseur-Samsung-75-smart-android-UA75U8000F-1-300x300.jpg,,,Neuf,Dakar,,
Téléviseur Samsung 75″ smart 75DU700,Électronique & Hi-Fi,567000,612400,,5,"Le Samsung 75DU700 est un téléviseur Smart TV Crystal UHD 4K de 75 pouces  conçu pour offrir une qualité d’image exceptionnelle et une expérience connectée complète. Son immense écran est idéal pour les salons, les salles de réunion, les hôtels ou les espaces de divertissement. Grâce au puissant Crystal Processor 4K, chaque contenu est optimisé pour offrir des images plus nettes, des couleurs naturelles et une mise à l’échelle intelligente vers une résolution proche de la 4K. Que vous regardiez la télévision, des films ou des vidéos en streaming, l’image gagne en précision et en réalisme.",https://www.soumari.com/wp-content/uploads/2026/07/Televiseur-Samsung-75-smart-75DU700-1-300x300.jpg,,,Neuf,Dakar,,
Téléviseur Samsung 75″ smart 4K 75U8092FUXXH,Électronique & Hi-Fi,561750,606700,,5,"Le Samsung 75U8092FUXXH est un téléviseur Crystal UHD 4K Smart TV de 75 pouces conçu pour offrir une qualité d’image exceptionnelle et une expérience connectée moderne. Son immense écran est idéal pour les grands salons, salles de réunion ou espaces de divertissement. Grâce au Crystal Processor 4K, chaque image est optimisée afin d’afficher des couleurs naturelles, des détails précis et une mise à l’échelle intelligente des contenus vers une qualité proche de la 4K. Même les vidéos de résolution inférieure bénéficient d’une image plus nette et plus détaillée.",https://www.soumari.com/wp-content/uploads/2026/07/Televiseur-Samsung-75-smart-4K-75U8092FUXXH-300x300.jpg,,,Neuf,Dakar,,
Téléviseur sharp 75″ smart Google Tv 4T-C75FJ1NX,Électronique & Hi-Fi,418000,451400,,5,"Le Sharp 4T-C75FJ1NX est un téléviseur intelligent de 75 pouces conçu pour transformer votre salon en véritable salle de cinéma. Grâce à sa résolution   et à sa technologie Direct LED, il offre des images d’une netteté remarquable, des couleurs éclatantes et des contrastes saisissants pour une immersion totale.",https://www.soumari.com/wp-content/uploads/2026/07/Televiseur-sharp-75-smart-Google-Tv-4T-C75FJ1NX-300x300.jpg,,,Neuf,Dakar,,
Téléviseur sharp 65″ smart Google Tv 4T-C65FJ1MX,Électronique & Hi-Fi,303000,327200,,5,"Le Sharp 4T-C65FJ1MX est un téléviseur intelligent de 65 pouces  conçu pour offrir une qualité d’image exceptionnelle. Grâce à sa résolution  et à sa technologie Direct LED, il affiche des images nettes, des couleurs éclatantes et des contrastes optimisés pour une immersion totale dans vos films, séries, événements sportifs et jeux vidéo.",https://www.soumari.com/wp-content/uploads/2026/07/Televiseur-sharp-65-smart-Google-Tv-4T-C65FJ1MX-300x300.jpg,,,Neuf,Dakar,,
Téléviseur sharp 55″ smart Google Tv 4T-C55FJ1MX,Électronique & Hi-Fi,212000,229000,,5,"Le Sharp 4T-C55FJ1MX Smart Google TV est conçu pour offrir une expérience visuelle et sonore de haute qualité. Son écran 55 pouces avec une résolution qui restitue des images ultra-nettes, des couleurs éclatantes et un niveau de détail remarquable, idéal pour les films, les séries, les événements sportifs et les jeux vidéo.",https://www.soumari.com/wp-content/uploads/2026/07/Televiseur-sharp-55-smart-Google-Tv-4T-C55FJ1MX-1-300x300.jpg,,,Neuf,Dakar,,
Téléviseur sharp 32″ smart Google Tv 2T-C32GH,Électronique & Hi-Fi,83500,93500,,5,"Le Sharp 2T-C32GH Smart Google TV 32 pouces est un téléviseur connecté conçu pour offrir une excellente qualité d’image et une navigation fluide. Son écran HD  avec technologie Direct LED et prise en charge du HDR améliore le contraste, la luminosité et la richesse des couleurs pour une expérience de visionnage agréable.",https://www.soumari.com/wp-content/uploads/2026/07/Televiseur-sharp-32-smart-Google-Tv-2T-C32GH-1-300x300.jpg,,,Neuf,Dakar,,
Téléviseur Sharp 42″ smart Google Tv 2T-C43GH,Électronique & Hi-Fi,134000,150100,,5,"Le Sharp 2T-C43GH Smart Google TV 43 pouces est conçu pour offrir une expérience visuelle immersive grâce à son écran Full HD   de 43 pouces. Sa technologie Direct LED  restitue des images plus lumineuses, des couleurs plus riches et un meilleur niveau de contraste pour profiter pleinement de vos films, séries, événements sportifs et jeux vidéo.",https://www.soumari.com/wp-content/uploads/2026/07/Televiseur-Sharp-42-smart-Google-Tv-2T-C43GH-300x300.jpg,,,Neuf,Dakar,,
Téléviseur elactron 98″ smart Google Tv 9801S,Électronique & Hi-Fi,1400000,1512000,,5,"Le Téléviseur Elactron 9801S Smart Google TV 98 pouces est conçu pour les amateurs de très grands écrans souhaitant vivre une expérience immersive digne d’une salle de cinéma. Son écran QLED de 98 pouces  associé à une résolution 4K Ultra HD offre des images d’une netteté remarquable, des couleurs éclatantes et un contraste élevé pour tous vos contenus",https://www.soumari.com/wp-content/uploads/2026/07/Televiseur-elactron-98-smart-1-300x300.jpg,,,Neuf,Dakar,,
Téléviseur Elactron 85″ smart Google Tv 8501S,Électronique & Hi-Fi,765000,826200,,5,"Le Téléviseur Elactron 8501S Smart Google TV 85 pouces est conçu pour offrir une qualité d’image spectaculaire sur un écran géant de 85 pouces  . Sa technologie QLED associée à une résolution 4K Ultra HD  restitue des images d’une netteté exceptionnelle, des couleurs riches et un contraste profond, idéals pour les films, les séries, le sport et les jeux vidéo",https://www.soumari.com/wp-content/uploads/2026/07/Televiseur-Elactron-85-smart-Google-Tv-8501S--300x300.jpg,,,Neuf,Dakar,,
Téléviseur elactron 75″ smart Google Tv 75M10F,Électronique & Hi-Fi,438000,473000,,5,"Le Téléviseur Elactron 75M10F Smart Google TV est conçu pour offrir une immersion totale grâce à son écran géant de 75 pouces et sa résolution 4K Ultra HD . Il restitue des images d’une grande précision, avec des couleurs éclatantes et un contraste optimisé pour profiter pleinement de vos films, séries, événements sportifs et jeux vidéo",https://www.soumari.com/wp-content/uploads/2026/07/Televiseur-elactron-75-smart-Google-Tv-75M10F--300x300.jpg,,,Neuf,Dakar,,
Téléviseur Elactron 65″ smart Google Tv 65M10F,Électronique & Hi-Fi,286200,309100,,5,"Le Téléviseur Elactron 65M10F Smart Google TV est conçu pour offrir une qualité d’image exceptionnelle sur un grand écran 65 pouces . Grâce à sa résolution 4K Ultra HD , chaque scène bénéficie d’une netteté remarquable, de couleurs éclatantes et d’un contraste élevé, idéal pour les films, les séries, les événements sportifs et les jeux vidéo.",https://www.soumari.com/wp-content/uploads/2026/07/Televiseur-Elactron-65-smart-Google-Tv-65M10F-300x300.jpg,,,Neuf,Dakar,,
Téléviseur Elactron 55″ smart Google TV 55M10F,Électronique & Hi-Fi,200000,216000,,5,"Le Téléviseur Elactron 55M10F Smart Google TV est conçu pour offrir une expérience de divertissement exceptionnelle grâce à son grand écran 55 pouces et sa résolution 4K Ultra HD . Chaque image bénéficie d’un niveau de détail remarquable, de couleurs éclatantes et d’un excellent contraste pour profiter pleinement de vos films, séries, événements sportifs et jeux vidéo.",https://www.soumari.com/wp-content/uploads/2026/07/Televiseur-Elactron-55-smart-Google-TV-55M10F-300x300.jpg,,,Neuf,Dakar,,
Téléviseur Elactron 43″ smart Google Tv 43M10F,Électronique & Hi-Fi,115000,128800,,5,"Le Téléviseur Elactron 43M10F Smart Google TV 43 pouces est conçu pour offrir une expérience audiovisuelle moderne et intuitive. Équipé de Google TV, il vous permet d’accéder rapidement à vos plateformes de streaming préférées telles que YouTube, Netflix, Prime Video et bien d’autres.",https://www.soumari.com/wp-content/uploads/2026/07/Televiseur-Elactron-43-smart-Google-Tv-43M10F-300x300.jpg,,,Neuf,Dakar,,
Téléviseur Elactron 32″ smart Google Tv 3201S,Électronique & Hi-Fi,73500,82300,,5,"Le Téléviseur Elactron TS-3201S est un Smart Google TV LED de 32 pouces conçu pour offrir une excellente qualité d’image et un accès rapide à vos contenus préférés. Son écran Full HD restitue des images nettes, des couleurs vives et un bon niveau de contraste pour vos films, séries, événements sportifs et jeux vidéo.",https://www.soumari.com/wp-content/uploads/2026/07/Televiseur-Elactron-32-smart-Google-Tv-3201S--300x300.jpg,,,Neuf,Dakar,,
Téléviseur deska 75″ smart Google TV 75LE100-CN,Électronique & Hi-Fi,380000,410400,,5,"Le Deska 75LE100-CN est un Smart Google TV LED de 75 pouces conçu pour offrir une expérience de divertissement immersive grâce à son grand écran Ultra HD 4K . Il restitue des images d’une netteté remarquable, des couleurs éclatantes et un excellent niveau de détail pour tous vos contenus.",https://www.soumari.com/wp-content/uploads/2026/07/Televiseur-deska-75-smart-Google-TV-65LE100-CN--300x300.jpg,,,Neuf,Dakar,,
Téléviseur deska 65″ smart Google TV 65LE100-CN,Électronique & Hi-Fi,270000,291600,,5,"Le Deska 65LE100-CN est un Smart Google TV LED de 65 pouces conçu pour offrir une qualité d’image exceptionnelle et une navigation intelligente. Son écran Ultra HD 4K restitue des images d’une grande netteté, des couleurs éclatantes et un niveau de détail impressionnant, idéal pour les films, séries, événements sportifs et jeux vidéo.",https://www.soumari.com/wp-content/uploads/2026/07/Televiseur-deska-65-smart-Google-TV-75LE100-CN--300x300.jpg,,,Neuf,Dakar,,
Téléviseur deska 55″ smart Google TV 55LE100-CN,Électronique & Hi-Fi,194000,217300,,5,"Le Deska 55LE100-CN est un Smart Google TV LED de 55 pouces (140 cm) conçu pour offrir une expérience visuelle immersive et un accès rapide à tous vos contenus favoris. Son écran Full HD  garantit des images détaillées, des couleurs éclatantes et un excellent contraste pour vos films, séries, événements sportifs et jeux vidéo.",https://www.soumari.com/wp-content/uploads/2026/07/Televiseur-deska-55-smart-Google-TV-55LE100-CN-300x300.jpg,,,Neuf,Dakar,,
Téléviseur deska 50″ smart Google Tv 50LE100-CN,Électronique & Hi-Fi,151800,170000,,5,"Le Deska 50LE100-CN est un Smart Google TV de 50 pouces (127 cm) conçu pour offrir une qualité d’image exceptionnelle et une navigation fluide. Son écran LED Full HD  restitue des images nettes, des couleurs éclatantes et un excellent contraste pour vos films, séries, événements sportifs et jeux vidéo. Grâce au système Google TV, accédez facilement à vos contenus préférés depuis une interface moderne et intuitive. Téléchargez vos applications favorites via le Google Play Store et profitez de plateformes comme YouTube, Netflix, Prime Video, Disney+ et bien d’autres (selon leur disponibilité dans votre région).",https://www.soumari.com/wp-content/uploads/2026/07/Televiseur-deska-50-smart-Google-Tv-50LE100-CN--300x300.jpg,,,Neuf,Dakar,,
Téléviseur deska 43″ smart Google Tv 43LE100-CN,Électronique & Hi-Fi,113400,127000,,5,"Le Deska 43LE100-CN est un Smart Google TV de 43 pouces (108 cm) conçu pour offrir une expérience de divertissement fluide et immersive. Son écran LED Full HD garantit des images nettes, des couleurs éclatantes et un excellent niveau de détail pour vos films, séries, événements sportifs et jeux vidéo. Grâce au système Google TV, accédez facilement à un large catalogue d’applications disponibles sur le Google Play Store. Regardez vos contenus favoris sur YouTube, Netflix, Prime Video et bien d’autres plateformes (selon leur disponibilité dans votre région). La navigation est intuitive et les recommandations personnalisées rendent votre expérience encore plus agréable.",https://www.soumari.com/wp-content/uploads/2026/07/Televiseur-deska-43-smart-Google-Tv-43LE100-CN--300x300.jpg,,,Neuf,Dakar,,
Téléviseur deska 32″ smart Google Tv 32LE100-CN,Électronique & Hi-Fi,74000,82900,,5,"Le Deska 32LE100-CN est un Smart Google TV de 32 pouces conçu pour offrir une expérience multimédia moderne et intuitive. Grâce au système Google TV, accédez facilement à des milliers d’applications via le Google Play Store, notamment YouTube, Netflix, Prime Video et bien d’autres (selon leur disponibilité dans votre région).",https://www.soumari.com/wp-content/uploads/2026/07/Televiseur-deska-32-smart-Google-Tv-32LE100-CN--300x300.jpg,,,Neuf,Dakar,,
Pack Chambre 2,Électronique & Hi-Fi,281000,303500,,5,"Aménagez votre chambre à moindre coût avec ce pack complet 4-en-1, pensé pour les étudiants, jeunes actifs, colocataires ou toute personne qui veut équiper rapidement son espace sans multiplier les achats.",https://www.soumari.com/wp-content/uploads/2026/07/Pack-chambre-2-300x300.jpg,,,Neuf,Dakar,,
Pack Chambre 1,Électronique & Hi-Fi,201000,217100,,5,"Vous cherchez à équiper votre Chambre ? Ce pack chambre 3-en-1 réunit tout l’essentiel du quotidien. Des marques reconnues sur le marché mondial, des appareils fiables, un seul geste d’achat. Contactez-nous dès maintenant pour commander votre pack complet et profiter d’une livraison rapide !",https://www.soumari.com/wp-content/uploads/2026/07/Pack-Chambre-1-300x300.jpg,,,Neuf,Dakar,,
Pack hisense Appartement,Électronique & Hi-Fi,469000,506500,,5,"Le Pack Hisense Appartement rassemble une sélection d’équipements électroménagers de la marque Hisense, conçus pour offrir performance, fiabilité et confort au quotidien. Idéal pour équiper un appartement, ce pack constitue une solution pratique et économique adaptée aux besoins des foyers modernes. Profitez de la technologie et de la qualité Hisense pour bénéficier d’équipements durables avec un excellent rapport qualité-prix. **Commandez au 76 552 75 67** _**Livraison Gratuite !!!**_",https://www.soumari.com/wp-content/uploads/2026/06/Pack-hisense-Appartement-300x300.jpg,,,Neuf,Dakar,,
Téléviseur Samsung 43″ smart UA 43F6000FUXLY,Électronique & Hi-Fi,160000,179200,,5,"Le Samsung UA43F6000FUXLY est un téléviseur intelligent de 43 pouces conçu pour offrir des images nettes, des couleurs éclatantes et une navigation fluide grâce à son système Samsung Smart TV. Doté d’une résolution Full HD (1920 × 1080 pixels), il affiche des images détaillées avec un excellent niveau de contraste, idéal pour regarder des films, séries, événements sportifs et émissions de télévision.",https://www.soumari.com/wp-content/uploads/2026/06/Televiseur-Samsung-43-smart-UA-43F6000FUXLY-1-300x300.webp,,,Neuf,Dakar,,
Téléviseur LG 70″ smart 4K UP7550PVD,Électronique & Hi-Fi,497000,536800,,5,"Le Téléviseur LG 70″ Smart 4K UHD UP7550PVD est conçu pour offrir une qualité d’image remarquable et une expérience visuelle immersive grâce à son immense écran de 70 pouces et sa résolution 4K Ultra HD. Équipé du système LG Smart TV, il permet d’accéder facilement à vos plateformes de streaming préférées telles que Netflix, YouTube, Prime Video et bien d’autres applications en ligne.",https://www.soumari.com/wp-content/uploads/2026/06/Televiseur-LD-70-smart-4K-UP7550PVD-300x300.webp,,,Neuf,Dakar,,
Téléviseur SJ 32″ led ASJ32ALED,Électronique & Hi-Fi,52000,58200,,5,"Le Téléviseur SJ 32″ LED ASJ32ALED est conçu pour offrir une excellente qualité d’image et de son à un prix accessible. Grâce à sa technologie LED basse consommation, il garantit des images lumineuses, des couleurs éclatantes et une consommation électrique réduite.",https://www.soumari.com/wp-content/uploads/2026/06/Televiseur-SJ-32-led-ASJ32ALED-300x300.webp,,,Neuf,Dakar,,
Téléviseur IBSON 75″ smart android + 2 télécommandes IB0075F25V,Électronique & Hi-Fi,420000,453600,,5,"Le Téléviseur IBSON 75″ Smart Android IB0075F25V est conçu pour offrir une immersion totale grâce à son immense écran de 75 pouces  et sa qualité d’image 4K Ultra HD, idéale pour les films, séries, événements sportifs et jeux vidéo. Grâce à son système Android Smart TV, accédez facilement à vos applications préférées telles que Netflix, YouTube, Prime Video, TikTok et bien d’autres via une interface simple et intuitive.",https://www.soumari.com/wp-content/uploads/2026/06/Televiseur-IBSON-75-smart-android-2-telecommandes-IB0075F25V-300x300.webp,,,Neuf,Dakar,,
Téléviseur Sony 85″ smart Google Tv K85S30/1E51,Électronique & Hi-Fi,990000,1069200,,5,"Le **Sony BRAVIA 3 K85S30** est un téléviseur premium de **85 pouces (215 cm)** conçu pour offrir une expérience immersive exceptionnelle grâce à sa résolution **4K Ultra HD (3840 × 2160 pixels)** et au puissant processeur **4K HDR Processor X1™**.Grâce à **Google TV**, accédez facilement à Netflix, YouTube, Prime Video, Disney+, Canal+ et des milliers d’applications disponibles sur le Google Play Store. Le contrôle vocal avec **Google Assistant** est intégré directement au téléviseur grâce à un microphone embarqué.",https://www.soumari.com/wp-content/uploads/2026/06/Televiseur-Sony-85-smart-Google-Tv-K85S301E51--300x300.jpg,,,Neuf,Dakar,,
Téléviseur finix 75″ smart android 4K 75UQR684S,Électronique & Hi-Fi,440000,475200,,5,"Le Finix 75UQR684S est un téléviseur haut de gamme conçu pour offrir une expérience visuelle immersive grâce à son immense écran de 75 pouces (190 cm) et sa résolution Ultra HD 4K (3840 × 2160 pixels). Équipé du système Android TV officiel sous Android 11, il permet d’accéder facilement à des milliers d’applications via Google Play Store, notamment Netflix, YouTube, IPTV et d’autres plateformes de streaming.",https://www.soumari.com/wp-content/uploads/2026/06/Televiseur-finix-75-smart-android-4K-75UQR684S-300x300.webp,,,Neuf,Dakar,,
Téléviseur finix 65″ smart android 4K 65UQR684S,Électronique & Hi-Fi,268000,289400,,5,"Le Finix 65UQR684S est un téléviseur intelligent conçu pour offrir une qualité d’image exceptionnelle grâce à sa résolution 4K Ultra HD (3840 x 2160 pixels), soit quatre fois plus de détails qu’un téléviseur Full HD. Son grand écran de 65 pouces vous plonge au cœur de l’action avec des images nettes, des couleurs éclatantes et des contrastes optimisés pour les films, séries, événements sportifs et jeux vidéo.",https://www.soumari.com/wp-content/uploads/2026/06/Televiseur-finix-65-smart-android-4K-65UQR684S-300x300.webp,,,Neuf,Dakar,,
Téléviseur Amaz 65″ smart + 2 commandes AM65FT1002SV,Électronique & Hi-Fi,245000,264600,,5,"Le Téléviseur Amaz 65″ Smart Android AM65FT1002SV est conçu pour offrir une expérience visuelle immersive grâce à son grand écran de 65 pouces et à son système Android Smart TV. Profitez de vos films, séries, matchs et vidéos préférés avec une image nette, des couleurs éclatantes et un excellent niveau de détail. Son interface Android permet d’accéder facilement à de nombreuses applications de divertissement et de streaming.",https://www.soumari.com/wp-content/uploads/2026/06/Televiseur-Amaz-65-smart-2-commandes-AM65FT1002SV-1-300x300.webp,,,Neuf,Dakar,,
Téléviseur wow 43″ smart android 43SF52000B2,Électronique & Hi-Fi,103500,115900,,5,"Le Téléviseur WOW 43″ Smart Android 43SF52000B2 est conçu pour offrir une expérience multimédia complète grâce à son système Android Smart TV et son grand écran de 43 pouces. Son écran LED Full HD garantit des images nettes, des couleurs éclatantes et un excellent niveau de détail pour vos films, séries, événements sportifs et jeux vidéo.",https://www.soumari.com/wp-content/uploads/2026/06/Televiseur-wow-43-smart-android-43SF52000B2-2-300x300.webp,,,Neuf,Dakar,,
Téléviseur Amaz 32″ smart android AM32FT1002S,Électronique & Hi-Fi,64000,71700,,5,"Le Téléviseur Amaz 32″ Smart Android AM32FT1002S est conçu pour offrir une expérience de divertissement moderne et connectée, idéale pour les chambres, salons, bureaux et studios. Grâce à son système Android Smart TV, vous accédez facilement à vos applications préférées telles que YouTube, Netflix et bien d’autres plateformes de streaming via une interface intuitive et conviviale.",https://www.soumari.com/wp-content/uploads/2026/06/Televiseur-Amaz-32-smart-android-AM32FT1002S-300x300.webp,,,Neuf,Dakar,,
Téléviseur ibson 32″ smart android + 2 télécommande IB0032FTU1S/IB0032F25S,Électronique & Hi-Fi,68000,76200,,5,"Le Téléviseur IBSON 32″ Smart Android IB0032FTU1S / IB0032F25S est conçu pour offrir une expérience de divertissement moderne et connectée dans un format compact adapté aux salons, chambres, bureaux et studios. Grâce à son système Android Smart TV, vous accédez facilement à vos applications préférées telles que Netflix, YouTube, TikTok et Music TV, directement depuis votre téléviseur. Il dispose également d’une connexion Wi-Fi et Bluetooth pour une utilisation encore plus pratique.",https://www.soumari.com/wp-content/uploads/2026/06/Televiseur-ibson-32-smart-android-2-telecommande-IB0032FTU1S-IB0032F25S-300x300.webp,,,Neuf,Dakar,,
Téléviseur Enduro 75″ Smart Google TV,Électronique & Hi-Fi,406800,439300,,5,"Le Enduro 75 Smart Google TV est conçu pour transformer votre salon en véritable salle de cinéma grâce à son **écran géant** et ses fonctionnalités intelligentes de dernière génération. Avec le système **Google TV**, profitez d’un accès instantané à vos applications préférées comme YouTube, Netflix, Prime Video, Disney+ et bien d’autres pour un divertissement illimité.",https://www.soumari.com/wp-content/uploads/2026/05/TELEVISEUR-ENDURO-75-SMART-GOOGLE-TV_11zon-300x300.webp,,,Neuf,Dakar,,
Téléviseur Enduro 65″ Smart Google TV,Électronique & Hi-Fi,295000,318600,,5,"Le Enduro 65 Smart Google TV est conçu pour offrir une expérience de divertissement premium grâce à son écran géant et ses fonctionnalités intelligentes de dernière génération. Grâce au système Google TV, accédez instantanément à vos applications préférées comme YouTube, Netflix, Prime Video, Disney+ et bien plus encore, pour profiter d’un contenu illimité.",https://www.soumari.com/wp-content/uploads/2026/05/TELEVISEUR-ENDURO-65-SMART-GOOGLE-TV_11zon-300x300.webp,,,Neuf,Dakar,,
Téléviseur Enduro 55″ Smart Google TV,Électronique & Hi-Fi,208900,225600,,5,"Le Enduro 55 Smart Google TV est un téléviseur nouvelle génération conçu pour offrir une expérience de divertissement exceptionnelle grâce à son grand écran et à ses fonctionnalités intelligentes avancées. Équipé du système Google TV, il vous donne accès à un large choix d’applications populaires comme YouTube, Netflix, Prime Video, Disney+ et bien plus encore, pour un divertissement illimité.",https://www.soumari.com/wp-content/uploads/2026/05/TELEVISEUR-ENDURO-55-SMART-GOOGLE-TV_11zon-300x300.webp,,,Neuf,Dakar,,
Téléviseur Enduro 43″ Smart Google TV,Électronique & Hi-Fi,123000,137800,,5,"Le **Enduro 43 Smart Google TV** est un téléviseur moderne conçu pour offrir une expérience de divertissement connectée et immersive. Grâce à son système **Google TV**, accédez facilement à vos applications favorites comme YouTube, Netflix, Prime Video et bien d’autres. Avec son écran **43 pouces Full HD**, ce téléviseur garantit des images nettes, des couleurs éclatantes et un excellent confort visuel, idéal pour le salon, la chambre ou le bureau.",https://www.soumari.com/wp-content/uploads/2026/05/Televiseur-Enduro-43-Smart-Google-TV-300x300.webp,,,Neuf,Dakar,,
TÉLÉVISEUR ENDURO 32″ SMART GOOGLE TV,Électronique & Hi-Fi,78000,87400,,5,"L’Enduro 32 Smart Google TV est un téléviseur moderne conçu pour offrir une expérience de divertissement connectée et intuitive. Grâce à son système Google TV, accédez facilement à vos applications favorites comme YouTube, Netflix , Prime Video et bien d’autres. Avec son écran 32 pouces HD, ce téléviseur garantit des images nettes, des couleurs vives et un excellent confort visuel, idéal pour la chambre, le salon ou le bureau.",https://www.soumari.com/wp-content/uploads/2026/05/TELEVISEUR-ENDURO-32-SMART-GOOGLE-TV-300x300.webp,,,Neuf,Dakar,,
Téléviseur IBSON 43’’ Smart Android IB0043F25S,Électronique & Hi-Fi,99800,111800,,5,"Le téléviseur IBSON 43 pouces Smart Android IB0043F25S est un excellent choix pour ceux qui recherchent un écran performant dans un format compact. Avec ses 43 pouces, il s’adapte parfaitement aux salons, chambres ou bureaux tout en offrant une expérience visuelle agréable. Équipé du système Android TV, il permet d’accéder facilement à une large gamme d’applications comme YouTube, Netflix et autres plateformes de streaming. Vous pouvez également naviguer sur internet et télécharger vos applications préférées directement depuis la télévision.",https://www.soumari.com/wp-content/uploads/2026/04/TELEVISEUR-IBSON-43-SMART-ANDROID-IB0043F25S_11zon-300x300.webp,,,Neuf,Dakar,,
Téléviseur IBSON 65’’ Smart Android,Électronique & Hi-Fi,250000,270000,,5,"Le téléviseur IBSON 65 pouces Smart Android est conçu pour offrir une expérience visuelle exceptionnelle dans votre salon. Avec son grand écran de 65 pouces, il garantit une immersion totale pour regarder films, séries, matchs ou vidéos en haute qualité. Doté du système Android TV, ce téléviseur permet d’accéder facilement à vos applications préférées comme YouTube, Netflix et bien d’autres. Vous pouvez naviguer sur internet, télécharger des applications et profiter d’un contenu illimité directement depuis votre téléviseur.",https://www.soumari.com/wp-content/uploads/2026/04/TELEVISEUR-IBSON-65-SMART-ANDROID_11zon-300x300.webp,,,Neuf,Dakar,,
Téléviseur deska 43 smart android 43Df85-E,Électronique & Hi-Fi,105000,117600,,5,"Le téléviseur Deska 43Df85-E combine technologie Smart Android et écran 43 pouces pour offrir une expérience visuelle immersive. Grâce à son système Android intégré, accédez facilement à vos applications préférées, services de streaming et contenus en ligne directement depuis votre téléviseur.",https://www.soumari.com/wp-content/uploads/2026/04/Televiseur-deska-43-smart-android-43Df85-E-300x300.webp,,,Neuf,Dakar,,
Tablette CIDÉA CM524 ULTRA – 256 Go – RAM 8 Go,Ordinateurs & Tablettes,34000,40100,,5,"La Tablette CIDÉA CM524 ULTRA – 256 Go – RAM 8 Go est conçue pour offrir des performances optimales et une grande capacité de stockage. Grâce à ses 8 Go de RAM, elle garantit une navigation fluide, un multitâche rapide et une excellente réactivité des applications. Avec ses 256 Go de stockage interne, vous disposez d’un espace généreux pour sauvegarder photos, vidéos, documents professionnels et applications sans contrainte. Son design moderne et portable la rend idéale pour une utilisation à la maison, au bureau ou en déplacement.",https://www.soumari.com/wp-content/uploads/2026/02/Tablette-CIDEA-CM524-ULTRA-%E2%80%93-256-Go-%E2%80%93-RAM-8-GoV-300x300.webp,,,Neuf,Dakar,,
Tablette cidéa CM524 – 256 Go – RAM 8 Go,Ordinateurs & Tablettes,34000,40100,,5,"La Tablette Cidéa CM524 – 256 Go – RAM 8 Go est conçue pour offrir performance et confort d’utilisation au quotidien. Grâce à ses 8 Go de RAM, elle assure une navigation fluide, un multitâche rapide et une excellente réactivité des applications. Avec ses 256 Go de stockage interne, vous bénéficiez d’un espace généreux pour enregistrer vos vidéos, photos, applications et documents professionnels. Elle convient parfaitement aux étudiants, professionnels et amateurs de divertissement.",https://www.soumari.com/wp-content/uploads/2026/02/Tablette-cidea-CM524-256-Go-RAM-8-Go--300x300.webp,,,Neuf,Dakar,,
Tablette CIDEA CM526 – 256 Go – RAM 8 Go,Ordinateurs & Tablettes,34000,40100,,5,"La Tablette CIDEA CM526 256 Go – RAM 8 Go est conçue pour offrir performance, fluidité et grande capacité de stockage. Grâce à ses 8 Go de RAM, elle garantit une utilisation rapide et sans ralentissement, même en multitâche. Avec ses 256 Go de stockage interne, vous pouvez enregistrer vos applications, vidéos, photos et documents sans vous soucier de l’espace disponible. Elle est idéale pour le travail, les études, les visioconférences et le divertissement (films, jeux, réseaux sociaux).",https://www.soumari.com/wp-content/uploads/2026/02/Tablette-CIDEA-CM526-256-Go-RAM-8-Go-300x300.webp,,,Neuf,Dakar,,
Tablette Atouch – A40 256 Go – RAM 8 Go,Ordinateurs & Tablettes,22000,26000,,5,"La Tablette Atouch A40 – 256 Go – RAM 8 Go est conçue pour offrir une expérience fluide et polyvalente. Grâce à sa mémoire RAM de 8 Go, elle assure un excellent multitâche, une navigation rapide et une utilisation confortable des applications éducatives et multimédias. Avec ses 256 Go de stockage interne, la tablette Atouch A40 permet de stocker un grand nombre de vidéos, jeux, applications, documents et contenus éducatifs sans contrainte d’espace. Son design moderne et ergonomique la rend facile à utiliser aussi bien par les enfants que par les adultes.",https://www.soumari.com/wp-content/uploads/2026/01/Tablette-Atouch-A40-256GB-RAM-8_jpg-300x300.webp,,,Neuf,Dakar,,
Tablette Atouch Q43 – 256 Go – RAM 8 Go,Ordinateurs & Tablettes,21000,24800,,5,"La Tablette Atouch Q43 – 256 Go – RAM 8 Go est conçue pour répondre aux besoins des utilisateurs exigeants. Grâce à sa mémoire RAM de 8 Go, elle garantit une navigation fluide, un multitâche efficace et une utilisation confortable des applications. Avec ses 256 Go de stockage interne, cette tablette offre un espace généreux pour stocker vidéos, photos, documents, applications et contenus multimédias sans contrainte. Son design moderne et ergonomique permet une prise en main agréable, idéale pour une utilisation prolongée.",https://www.soumari.com/wp-content/uploads/2026/01/Tablette-Atouch-Q43-256-Go-RAM-8-GoV-1-300x300.webp,,,Neuf,Dakar,,
Tablette Cidéa Cm86 – 256 Go – Ram 8 Go,Ordinateurs & Tablettes,19900,23500,,5,"La Tablette Cidéa CM86 est conçue pour offrir performance et polyvalence, que ce soit pour les professionnels, les étudiants ou les loisirs numériques. Grâce à sa grande capacité de stockage de 256 Go, vous pourrez stocker toutes vos applications, documents, vidéos et photos sans compromis. Sa RAM de 8 Go garantit un multitâche fluide et rapide, idéal pour les applications gourmandes en ressources.",https://www.soumari.com/wp-content/uploads/2025/12/Tablette-Cidea-Cm86-256-Go-Ram-8-Go-300x300.webp,,,Neuf,Dakar,,
Tablette Cidéa Cm88 – 256 Go – Ram 8 Go,Ordinateurs & Tablettes,19900,23500,,5,"La Cidéa CM88 est une tablette polyvalente conçue pour répondre aux usages modernes : apprentissage, visionnage de vidéos, réseaux sociaux, jeux éducatifs, bureautique et navigation. Grâce à ses 8 Go de RAM, elle offre une fluidité exceptionnelle même en multitâche. Son grand stockage interne de 256 Go garantit assez d’espace pour enregistrer photos, vidéos, applications et documents sans se soucier de la mémoire.",https://www.soumari.com/wp-content/uploads/2025/12/Tablette-Cidea-Cm88-256-Go-Ram-8-Go-300x300.webp,,,Neuf,Dakar,,
Tablette Cidéa Cm78 – 256 Go – Ram 8 Go,Ordinateurs & Tablettes,19900,23500,,5,"La Cidéa CM78 est une tablette polyvalente conçue pour offrir puissance et fluidité. Avec ses 8 Go de RAM, elle garantit une navigation sans ralentissement, même avec plusieurs applications ouvertes. Son grand stockage de 256 Go vous permet de télécharger vidéos, cours, jeux et documents sans contraintes.",https://www.soumari.com/wp-content/uploads/2025/12/Tablette-Cidea-Cm78-256-Go-Ram-8-Gov-300x300.webp,,,Neuf,Dakar,,
Tablette Atouch WE6 – 256 Go – RAM 8 Go,Ordinateurs & Tablettes,19900,23500,,5,"La tablette Atouch WE6 est spécialement conçue pour les enfants, combinant sécurité, résistance et performance. Équipée d’un écran 7 pouces avec technologie Unbreakable Touch Screen, elle résiste aux chocs du quotidien. Son processeur Android 16.0 offre une utilisation fluide, idéal pour les jeux éducatifs, YouTube Kids, Netflix et les applications du Play Store. Avec 8 Go de RAM et 256 Go de stockage, votre enfant bénéficie d’une grande capacité pour installer des jeux, dessins animés, fichiers scolaires et vidéos. Sa batterie de 5000 mAh assure une autonomie longue durée pour les voyages, sorties ou journées d’apprentissage.",https://www.soumari.com/wp-content/uploads/2025/12/Tablette-Atouch-WE6-256-Go-RAM-8-Go-v-300x300.webp,,,Neuf,Dakar,,
Tablette Atouch S-TAB PRO – 512 Go – RAM 8Go,Ordinateurs & Tablettes,60900,68200,,5,"La Tablette Atouch S-Tab Pro offre une expérience haut de gamme avec son grand écran 12 pouces, idéal pour le multitâche, les cours en ligne, les films et les jeux. Equipée de 8 Go de RAM et d’un énorme stockage 512 Go, elle garantit rapidité, fluidité et assez d’espace pour toutes vos applications. Son écran incassable, son Android 14, sa batterie 12000 mAh, et sa connexion 5G en font une tablette complète et moderne. Avec sa double caméra (8 MP à l’avant / 16 MP à l’arrière), elle permet des visio-conférences claires et des photos améliorées.",https://www.soumari.com/wp-content/uploads/2025/12/Tablette-Atouch-S-TAB-PRO-512-Go-RAM-8Go--300x300.webp,,,Neuf,Dakar,,
Tablette S-T1 – 512 Go – ram 8 Go,Ordinateurs & Tablettes,47500,56100,,5,"La tablette S-T1 512 Go / 8 Go RAM est conçue pour offrir une performance polyvalente et un confort d’usage optimal, que ce soit pour le divertissement, le travail, les études ou la navigation. Grâce à sa grande mémoire RAM (8 Go), elle garantit une exécution fluide des applications multitâches, sans ralentissement, même avec des apps lourdes ou de multiples onglets ouverts.",https://www.soumari.com/wp-content/uploads/2025/12/Tablette-S-T1-512-Go-ram-8-Go-1-300x300.webp,,,Neuf,Dakar,,
Tablette Redmi PAD SE 64gb Ram 4,Ordinateurs & Tablettes,61000,68300,,5,"La **Tablette Redmi Pad SE** est un appareil polyvalent qui allie élégance et performance pour un usage quotidien. Équipée d’une mémoire interne de **64 Go** et de **4 Go de RAM**, elle offre une fluidité optimale pour la navigation, le streaming et l’utilisation des applications courantes. Son grand écran immersif garantit un confort visuel idéal pour le travail comme pour les loisirs, tandis que sa conception fine et moderne la rend pratique à transporter partout. C’est le compagnon parfait pour les étudiants, les professionnels et toute personne recherchant une tablette performante à prix accessible.",https://www.soumari.com/wp-content/uploads/2025/08/Tablette-Redmi-PAD-SE-64gb-Ram-4-300x300.jpg,,,Neuf,Dakar,,
Tablette Redmi PAD 2 256gb ram 8gb,Ordinateurs & Tablettes,145000,162400,,5,"La **Redmi Pad 2** est une tablette moderne et performante, idéale pour le divertissement comme pour le travail. Dotée d’une mémoire vive de **8 Go de RAM**, elle assure une fluidité exceptionnelle même lors du multitâche intensif. Avec sa grande capacité de stockage de **256 Go**, vous pouvez enregistrer confortablement vos applications, documents, photos et vidéos sans craindre de manquer d’espace. Son design élégant et fin en fait un appareil pratique et agréable à utiliser au quotidien, tandis que son écran immersif garantit une excellente expérience visuelle pour regarder des films, lire ou naviguer sur internet.",https://www.soumari.com/wp-content/uploads/2025/08/Tablette-Redmi-PAD-2-128gb-Ram-4gb-300x300.jpg,,,Neuf,Dakar,,
Tablette Redmi PAD 2 128gb Ram 4gb,Ordinateurs & Tablettes,125000,140000,,5,"La **Redmi Pad 2** est une tablette élégante et performante, conçue pour offrir une expérience fluide au quotidien. Dotée d’une mémoire interne de **128 Go**, elle vous permet de stocker facilement vos applications, photos, vidéos et documents, tandis que sa **RAM de 4 Go** assure une navigation rapide et sans ralentissement. Son grand écran immersif est idéal pour regarder des films, lire ou travailler confortablement, et sa batterie de longue durée garantit une utilisation prolongée sans interruption. Pratique et polyvalente, la Redmi Pad 2 convient aussi bien pour le divertissement que pour la productivité.",https://www.soumari.com/wp-content/uploads/2025/08/Tablette-Redmi-PAD-2-128gb-Ram-4gb-300x300.jpg,,,Neuf,Dakar,,
Tablette Itel Vistatab 64GB Ram 4,Ordinateurs & Tablettes,50000,56000,,5,"###### ChatGPT a dit : La tablette **Itel Vistatab** est un appareil polyvalent conçu pour répondre aux besoins quotidiens en matière de divertissement, de navigation et de productivité. Dotée d’une **mémoire interne de 64 Go** et de **4 Go de RAM**, elle offre une expérience fluide pour les applications, les vidéos et le multitâche. Son design compact et moderne permet une prise en main confortable, idéale pour une utilisation à la maison, à l’école ou en déplacement. C’est un excellent choix pour ceux qui recherchent une tablette abordable, performante et pratique.",https://www.soumari.com/wp-content/uploads/2025/07/Tablette-Itel-Vistatab-64GB-Ram-4-300x300.jpg,,,Neuf,Dakar,,
Tablette Cidéa CM528 128GB RAM 6,Ordinateurs & Tablettes,35500,41900,,5,"La tablette **Cidéa CM528** est un appareil performant et polyvalent, idéal pour une utilisation quotidienne. Elle est équipée d’un **espace de stockage de 128 Go**, vous permettant de sauvegarder facilement vos applications, photos, vidéos et documents. Grâce à sa **mémoire RAM de 6 Go**, elle assure une navigation fluide et rapide, même en multitâche.",https://www.soumari.com/wp-content/uploads/2025/06/Tablette-Cidea-CM528-128GB-RAM-6-3-300x300.jpg,,,Neuf,Dakar,,
Tablette Doyda S28 Ultra 512GB RAM 12,Ordinateurs & Tablettes,58500,65500,,5,"La **tablette Doyda S28 Ultra** est un appareil performant et élégant, doté d’un grand écran de **12 pouces** offrant un confort visuel optimal pour le travail, les loisirs ou le visionnage de contenus multimédias. Avec une impressionnante **mémoire RAM de 512 Go**, elle assure une fluidité exceptionnelle même lors de l’utilisation d’applications exigeantes ou du multitâche intensif. Conçue pour répondre aux besoins des utilisateurs les plus exigeants, cette tablette combine puissance, capacité de stockage et design moderne, faisant d’elle un outil idéal aussi bien pour les professionnels que pour les passionnés de technologie.",https://www.soumari.com/wp-content/uploads/2025/06/Tablette-Doyda-S28-Ultra-512GB-RAM-12-2-300x300.jpg,,,Neuf,Dakar,,
Tablette Atouch S15 256gb ram 8,Ordinateurs & Tablettes,31500,37200,,5,"La **tablette Atouch S15** est un appareil polyvalent doté d’un grand espace de stockage de **256 Go** et d’une **mémoire RAM de 8 Go**, offrant ainsi des performances fluides pour le multitâche, les jeux, et les applications exigeantes. Son **écran de 8 pouces** garantit une expérience visuelle confortable, idéale pour la lecture, le visionnage de vidéos ou la navigation internet. Compacte et légère, elle est parfaite pour une utilisation quotidienne, que ce soit à la maison, à l’école ou en déplacement. Cette tablette combine puissance, praticité et élégance, tout en restant accessible.",https://www.soumari.com/wp-content/uploads/2025/06/Tablette-Atouch-S15-256gb-ram-300x300.jpg,,,Neuf,Dakar,,
Tablette Cidéa CM516-128Go- RAM 6 Go,Ordinateurs & Tablettes,29000,34200,,5,"La **Tablette Cidéa CM516** est un appareil performant conçu pour une utilisation fluide et efficace. Équipée de **6 Go de RAM** et de **128 Go de stockage interne**, elle offre une bonne capacité pour le multitâche et le stockage de fichiers, applications et médias. Son écran tactile haute résolution garantit une expérience visuelle immersive, idéale pour le travail, le divertissement et la navigation. Avec une batterie longue durée et un design moderne, elle convient aussi bien aux professionnels qu’aux étudiants. De plus, ses options de connectivité avancées assurent une utilisation pratique et polyvalente au quotidien.",https://www.soumari.com/wp-content/uploads/2025/03/Tablette-Cidea-CM516-128GB-RAM-6-300x300.jpeg,,,Neuf,Dakar,,
Tablette Atouch Apad 256GB RAM 8,Ordinateurs & Tablettes,32000,37800,,5,"La **Tablette Atouch Apad 256GB, 8GB RAM, 8″** est un appareil performant conçu pour une utilisation fluide et réactive. Dotée de **8 Go de RAM**, elle assure un multitâche efficace et une exécution rapide des applications. Son espace de stockage de **256 Go** permet de conserver une grande quantité de fichiers, photos, vidéos et applications sans contrainte. Son écran **8 pouces** offre une bonne résolution pour une expérience visuelle agréable, que ce soit pour le travail, le divertissement ou l’apprentissage. Compacte et légère, elle est idéale pour une utilisation mobile et s’adapte aux besoins des étudiants comme des professionnels.",https://www.soumari.com/wp-content/uploads/2025/03/Tablette-Atouch-Apad-256GB-RAM-8--300x300.jpeg,,,Neuf,Dakar,,
Tablette Cidea – CM8300 Plus – 1To – RAM 8 Go,Ordinateurs & Tablettes,56000,62700,,5,"La **Tablette Cidea CM8300 Plus** est un appareil performant conçu pour une utilisation polyvalente, que ce soit pour le travail, le divertissement ou l’apprentissage. Elle est équipée d’une capacité de **1 To de RAM**, offrant ainsi une fluidité exceptionnelle pour le multitâche et l’exécution d’applications gourmandes en ressources. Son écran large et lumineux garantit une expérience visuelle immersive, tandis que sa batterie longue durée assure une autonomie prolongée. Avec un design élégant et une connectivité avancée, la Cidea CM8300 Plus est un choix idéal pour les utilisateurs exigeants à la recherche d’une tablette puissante et efficace.",https://www.soumari.com/wp-content/uploads/2025/03/WhatsApp-Image-2025-03-08-at-03.29.32-300x300.jpeg,,,Neuf,Dakar,,
Tablette Cidea CM513 Pro – 512 Go – RAM 8 Go,Ordinateurs & Tablettes,34000,40100,,5,"La tablette C Idea CM513 Pro est un appareil Android 12 doté d’un écran IPS de 8 pouces avec une résolution de 1280 x 800 pixels, offrant une expérience visuelle claire et immersive. Elle est équipée de 8 Go de RAM et de 512 Go de stockage interne, assurant une performance fluide et un espace suffisant pour vos applications et médias. Pour la photographie, elle dispose d’une caméra arrière de 8 MP et d’une caméra frontale de 5 MP, idéales pour capturer des moments ou effectuer des appels vidéo. Sa batterie de 8000 mAh garantit une utilisation prolongée, et sa connectivité inclut le Wi-Fi, le Bluetooth, ainsi que la compatibilité 4G LTE, selon la version.",https://www.soumari.com/wp-content/uploads/2025/03/Tablette-cidea-CM513-Pro-512Gb-RAM-8-300x300.jpg,,,Neuf,Dakar,,
Tablette Cidéa CM8200 Plus -Memoire 1To – RAM 8 Go,Ordinateurs & Tablettes,57000,63800,,5,"La **Tablette Cidéa CM8200 Plus** est un appareil performant conçu pour offrir une expérience fluide et efficace. Dotée d’une memoire de **1 To**, elle assure une rapidité exceptionnelle dans l’exécution des tâches, même les plus exigeantes, et permet une navigation multitâche sans ralentissement. Son écran large et haute définition garantit un affichage clair et immersif, idéal pour le travail, le divertissement ou les jeux. Avec une autonomie optimisée et un design moderne, cette tablette est un bon choix  pour les professionnels comme pour les amateurs de technologie recherchant puissance et polyvalence.",https://www.soumari.com/wp-content/uploads/2025/03/Tablette-Cidea-CM8200-Plus-1To-RAM-8-Go-300x300.jpg,,,Neuf,Dakar,,
Tablette Cidéa CM8800 Plus – 512 Go – RAM 8 Go,Ordinateurs & Tablettes,54000,60500,,5,"La **Tablette Cidéa CM8800 Plus** est un appareil performant conçu pour offrir une expérience utilisateur fluide et efficace. Dotée d’un écran de **8 pouces**, elle assure une bonne visibilité et un confort d’utilisation optimal. Avec ses **512 Go de memoire et 8 Go de RAM**, elle garantit une rapidité d’exécution exceptionnelle, idéale pour le multitâche, les jeux et les applications exigeantes. Son design élégant et compact facilite son transport, tandis que sa grande capacité de stockage permet de conserver une multitude de fichiers, applications et médias sans contrainte. Parfaite pour un usage professionnel ou personnel, cette tablette allie puissance et praticité.",https://www.soumari.com/wp-content/uploads/2025/03/Tablette-Cidea-CM8800-Plus-%E2%80%93-512-Go-%E2%80%93-RAM-8-Go-300x300.jpg,,,Neuf,Dakar,,
Tablette Galaxy Tab A9 64gb ram 4,Ordinateurs & Tablettes,73900,82800,,5,"La **Samsung Galaxy Tab A9** est une tablette polyvalente dotée d’un écran immersif de **8,7 pouces**, idéale pour le divertissement et la productivité. Avec **64 Go de stockage** extensible via microSD et **4 Go de RAM**, elle offre une performance fluide pour les applications du quotidien. Son design élégant et compact facilite son transport, tandis que sa batterie longue durée assure une utilisation prolongée sans interruption. Fonctionnant sous **Android**, elle propose une interface intuitive et un accès à un large éventail d’applications via le Google Play Store. Parfaite pour le travail, l’apprentissage ou le divertissement en mobilité.",https://www.soumari.com/wp-content/uploads/2025/02/Tablette-galaxy-tab-A9-64gb-ram-4-_11zon-2-300x300.webp,,,Neuf,Dakar,,
Tablette Alcatel 3T10 – 32Go – Ram 2 Go,Ordinateurs & Tablettes,92000,103000,,5,"La tablette **Alcatel 3T10** est un appareil polyvalent conçu pour une utilisation quotidienne alliant performance et praticité. Dotée d’un écran de 10 pouces, elle offre une expérience visuelle confortable, idéale pour naviguer sur Internet, regarder des vidéos ou lire. Avec ses **32 Go de stockage** interne, extensible via carte microSD, et **2 Go de mémoire RAM**, elle permet de faire fonctionner les applications essentielles de manière fluide. Légère et élégante, elle convient aussi bien aux usages personnels qu’à un environnement familial ou professionnel léger.",https://www.soumari.com/wp-content/uploads/2025/02/alcatel_product-details_alcatel_3T10-300x300.png,,,Neuf,Dakar,,
Tablette Atouch SE Max – 512 Go – RAM 16 Go Ecran 10.1,Ordinateurs & Tablettes,60000,67200,,5,"La tablette SE Max offre un stockage impressionnant de 512 Go et 16 Go de RAM, garantissant des performances ultra-rapides et une grande capacité de gestion des applications. Son écran de 10,1 pouces offre une expérience visuelle claire et immersive pour le travail ou les loisirs. Parfaite pour la productivité, elle permet une utilisation fluide même pour les tâches les plus exigeantes.",https://www.soumari.com/wp-content/uploads/2024/12/Tablette-Atouch-SE-Max-%E2%80%93-512-Go-%E2%80%93-RAM-16-Go-1-300x300.webp,,,Neuf,Dakar,,
Tablette Atouch Se3 – 512 Go – RAM 8 Go – Ecran 10″,Ordinateurs & Tablettes,58000,65000,,5,"La tablette Atouch SE3 dispose d’un stockage de 512 Go et de 8 Go de RAM, offrant une grande capacité pour le stockage de données et une performance fluide. Son écran de 10 pouces garantit une expérience visuelle de qualité, idéale pour le multimédia et le travail. Elle est conçue pour offrir une navigation rapide et une utilisation optimale, que ce soit pour le divertissement ou la productivité.",https://www.soumari.com/wp-content/uploads/2024/12/Tablette-Atouch-Se3-%E2%80%93-512-Go-%E2%80%93-RAM-8-Go-300x300.webp,,,Neuf,Dakar,,
Tablette g3000 plus – 512 Go – RAM 16 Go – Ecran 10.1″,Ordinateurs & Tablettes,49800,58800,,5,"La tablette G3000 Plus dispose de 16 Go de RAM, assurant des performances rapides et une multitâche fluide. Son espace de stockage de 512 Go permet de stocker une grande quantité de fichiers, applications et médias sans être de l’espace. L’écran de 10,1 pouces offre une excellente qualité d’affichage, avec des couleurs vives et des détails nets.",https://www.soumari.com/wp-content/uploads/2024/12/Tablette-g3000-plus-512-Go-RAM-16-Go-1-300x300.webp,,,Neuf,Dakar,,
Tablette g2000 – 512 Go – RAM 16 Go – Ecran 10.1″,Ordinateurs & Tablettes,48500,57200,,5,"La tablette G2000 dispose de 16 Go de RAM, offrant une grande fluidité pour les applications et la multitâche intensive. Avec 512 Go de stockage interne, elle permet de sauvegarder une vaste quantité de fichiers, vidéos et applications. Son écran de 10,1 pouces assure une qualité d’affichage nette, idéale pour la navigation et les contenus multimédia.",https://www.soumari.com/wp-content/uploads/2024/12/Tablette-g2000-512-Go-RAM-16-Go-1-300x300.webp,,,Neuf,Dakar,,
Tablette g1000 – 512 Go – RAM 16Go – Ecran 10.1″,Ordinateurs & Tablettes,49500,58400,,5,"La tablette G1000, dotée de 16 Go de RAM, assure des performances rapides et fluides pour toutes vos tâches, et comprend les applications et jeux gourmands en ressources. Son stockage de 512 Go offre une grande capacité pour stocker des fichiers, applications et médias sans souci d’espace. L’écran de 10,1 pouces offre un affichage net et large, idéal pour la navigation, le streaming et la lecture.",https://www.soumari.com/wp-content/uploads/2024/12/Tablette-g1000-512-Go-RAM-16Go-1-300x300.webp,,,Neuf,Dakar,,
Tablette Pura 70 Plus – 512 Go – RAM 16 Go – Ecran 10.1″,Ordinateurs & Tablettes,49500,58400,,5,"La tablette Pura 70 Plus est équipée d’un écran de 10,1 pouces offrant une expérience visuelle immersive. Elle dispose de 512 Go de stockage interne, offrant amplement d’espace pour vos applications, vidéos et documents. Avec 16 Go de RAM, elle assure une performance fluide et rapide, idéale pour le multitâche et les applications exigeantes.",https://www.soumari.com/wp-content/uploads/2024/12/Tablette-Pura-70-Plus-512-Go-RAM-16-Go-1-300x300.webp,,,Neuf,Dakar,,
"Tablette Atouch SE2 – 512 Go – RAM 8 Go – Ecran 10,1″",Ordinateurs & Tablettes,44800,52900,,5,"La tablette Atouch SE2 est équipée d’un écran de 10,1 pouces offrant une expérience visuelle claire et immersive. Elle dispose de 512 Go de stockage interne, permettant de sauvegarder une grande quantité de données, d’applications et de médias. Avec 8 Go de RAM, elle garantit des performances fluides et une gestion efficace du multitâche. Son design élégant et moderne le rend facile à transporter pour un usage quotidien.",https://www.soumari.com/wp-content/uploads/2024/12/Tablette-Atouch-SE2-%E2%80%93-512-Go-%E2%80%93-RAM-8-Go-b-300x300.webp,,,Neuf,Dakar,,
Tablette Tecno Megapad 128 Go- Ram 8 Go,Ordinateurs & Tablettes,98000,109800,,5,"La **Tablette Tecno Megapad** est un appareil puissant et polyvalent, conçu pour offrir une expérience fluide aussi bien pour le travail que pour le divertissement. Dotée d’une mémoire interne de **128 Go**, elle permet de stocker facilement vos applications, fichiers et contenus multimédias, tandis que sa **RAM de 8 Go** garantit une navigation rapide et un multitâche sans ralentissement. Avec son grand écran immersif, elle offre un confort visuel idéal pour regarder des vidéos, lire ou travailler. Moderne et élégante, la Tecno Megapad combine performance, espace de stockage et design raffiné, pour répondre aux besoins des utilisateurs exigeants.",https://www.soumari.com/wp-content/uploads/2024/10/Tablette-tecno-megapad-128gb-ram-4gb-300x300.webp,,,Neuf,Dakar,,
Tablette discover G10 64gb,Ordinateurs & Tablettes,48000,56600,,5,"La tablette Discover G10 de 64 Go dispose d’un écran de 10,1 pouces offrant une expérience visuelle immersive. Avec 4 Go de RAM et des caméras de 13 MP et 8 MP, elle permet des performances fluides et des prises de vue de qualité. Sa connectivité 4G et la fonctionnalité Dual SIM en font un choix pratique pour rester connecté en déplacement.",https://www.soumari.com/wp-content/uploads/2024/09/Tablette-discover-G10-64gb-300x300.webp,,,Neuf,Dakar,,
Tablette Kids Tab Q88 – 16 Go – Ram 2 Go – 7,Ordinateurs & Tablettes,25000,29500,,5,"Faites plaisir à vos enfants avec cette tablette Kids Tab au design innovant et idéal pour les accompagner durant leurs périodes d’apprentissage. Avec son joli écran tactile de 7 pouces, couplé à une double camera avant et arrière, c’est un appareil génial. Il dispose aussi d’une batterie de longue durée, afin de vous offrir une meilleure expérience. **_Livraison Gratuite !_**",https://www.soumari.com/wp-content/uploads/2024/05/Tablette-Kids-Tab-Q88-300x300.webp,,,Neuf,Dakar,,
Tablette DISCOVER K15 – 256Gb – Ram 6Gb – 7″,Ordinateurs & Tablettes,38000,44800,,5,"Faites plaisir à vos enfants avec cette tablette Discover au design innovant et idéal pour les accompagner durant leurs périodes d’apprentissage. Son système d’exploitation Android est parfait pour installer toutes les applications pédagogiques que vous souhaitez. Avec son joli écran tactile de 7 pouces, couplé à une double camera avant et arrière, c’est un appareil génial. Il dispose aussi d’une batterie de longue durée, afin de vous offrir une meilleure expérience.",https://www.soumari.com/wp-content/uploads/2024/05/Tablette-DISCOVER-K15-300x300.webp,,,Neuf,Dakar,,
Tablette DISCOVER P13 Pro – 256Gb – Ram 6Gb – 7″,Ordinateurs & Tablettes,38000,44800,,5,"Faites plaisir à vos enfants avec cette tablette Discover au design innovant et idéal pour les accompagner durant leurs périodes d’apprentissage. Son système d’exploitation Android est parfait pour installer toutes les applications pédagogiques que vous souhaitez. Avec son joli écran tactile de 7 pouces, couplé à une double camera avant et arrière, c’est un appareil génial. Il dispose aussi d’une batterie de longue durée, afin de vous offrir une meilleure expérience.",https://www.soumari.com/wp-content/uploads/2024/05/Tablette-DISCOVER-P13-Pro-300x300.webp,,,Neuf,Dakar,,
Tablette DISCOVER P14 Pro Max – 256Gb – Ram 6Gb – 8″,Ordinateurs & Tablettes,44000,51900,,5,"Faites plaisir à vos enfants avec cette tablette Discover au design innovant et idéal pour les accompagner durant leurs périodes d’apprentissage. Son système d’exploitation Android est parfait pour installer toutes les applications pédagogiques que vous souhaitez. Avec son joli écran tactile de 8 pouces, couplé à une double camera avant et arrière, c’est un appareil génial. Il dispose aussi d’une batterie de longue durée, afin de vous offrir une meilleure expérience.",https://www.soumari.com/wp-content/uploads/2024/05/Tablette-DISCOVER-P14-Pro-Max-1-300x300.webp,,,Neuf,Dakar,,
Tablette ATOUCH KS44 – 256 Gb – 8 Gb – 7″,Ordinateurs & Tablettes,35000,41300,,5,"Faites plaisir à vos enfants avec cette tablette au design innovant, idéale pour les accompagner durant leurs périodes d’apprentissage. Son système d’exploitation Android est parfait pour installer toutes les applications pédagogiques que vous souhaitez. Avec son joli écran tactile de 7 pouces, couplé à une double camera avant et arrière, c’est un appareil génial. Il dispose d’une batterie de longue durée, afin de vous offrir une meilleure expérience.",https://www.soumari.com/wp-content/uploads/2024/03/ATOUCH-KS44-300x300.jpg,,,Neuf,Dakar,,
Tablette ATOUCH X19 Life – 512 Gb – 8 Gb – 10.1″,Ordinateurs & Tablettes,52500,58800,,5,"Le tout nouveau Atouch X19 Life est une tablette PC spéciale dotée d’un emplacement pour carte Dual Sim et du WiFi. Une tablette réalisée pour répondre aux besoins éducatifs de votre enfant, mais aussi à vos besoins professionnels. Cette tablette éducative a un look élégant et est fabriquée avec un matériau spécial en métal et en plastique. Conçue avec un style affiné, elle peut être utilisée par les adultes comme par les enfants.",https://www.soumari.com/wp-content/uploads/2024/03/ATOUCH-X19-Life-300x300.jpg,,,Neuf,Dakar,,
Tablette Atouch X19Pro – 256Go – RAM 6Go – 10″,Ordinateurs & Tablettes,46500,54900,,5,"Le tout nouveau Atouch X19 Pro est une tablette PC spéciale avec un emplacement pour carte Dual Sim et WiFi. Une tablette conçue pour répondre aux besoins éducatifs de votre enfant, mais aussi à vos besoins professionnels. Cette tablette éducative Premium a un look décent et c’est une très belle tablette fabriquée avec un matériau spécial en métal et en plastique, conçue pour mincir et peut également être utilisée par les adultes.",https://www.soumari.com/wp-content/uploads/2023/02/Tablette-Atouch-X19-Pro-Memoire-256-Go-RAM-6-Go-Photo-16-Mpx-Ecran-10.1-300x300.jpg,,,Neuf,Dakar,,
Tablette ATOUCH A-Pad 3 – 256Go – RAM 8Go – 7″,Ordinateurs & Tablettes,42000,49600,,5,"La tablette Atouch A-Pad 3 offre la possibilité d’effectuer plusieurs tâches à la fois avec une variété d’applications, des performances améliorées et des vitesses de traitement rapides. Le matériau innovant en verre trempé empêche les rayures sur l’écran et offre un toucher plus confortable et un fonctionnement fluide. Elle dispose d’un processeur CPU Quad-Core, 8 Go de RAM et 256 Go de ROM.",https://www.soumari.com/wp-content/uploads/2023/08/Tablette-ATOUCH-A-Pad-3-%E2%80%93-Memoire-256-Go-%E2%80%93-RAM-8-Go-%E2%80%93-Photo-13-Mpx-%E2%80%93-Ecran-7-300x300.jpg,,,Neuf,Dakar,,
Tablette Atouch X12 – 128 Go – RAM 4 Go – 7″,Ordinateurs & Tablettes,42000,49600,,5,"Disponible en différentes couleurs et équipé d’un appareil photo 5MP avec flash, la Tablette Atouch X12 est prêt à épater. Il dispose d’un puissant processeur quadricœur de 1,3 GHz qui est efficace et fonctionne intelligemment, vous donnant juste la bonne quantité d’énergie pour que vos opérations et votre multitâche semblent transparentes tout en économisant de l’énergie afin que vous restiez alimenté plus longtemps. Il dispose d’un stockage interne massif de 128 Go.",https://www.soumari.com/wp-content/uploads/2021/06/Atouch-x12-300x300.jpg,,,Neuf,Dakar,,
Tablette ATOUCH SE Pro -512 Go – Ram 12 Go,Ordinateurs & Tablettes,63000,70600,,5,"Faites plaisir à vos enfants avec cette tablette au design innovant, idéale pour les accompagner durant leurs périodes d’apprentissage. Son système d’exploitation Android est parfait pour installer toutes les applications pédagogiques que vous souhaitez. Avec son joli écran tactile de 10.1 pouces, couplé à une double camera avant et arrière, c’est un appareil génial. Il dispose d’une batterie de longue durée, afin de vous offrir une meilleure expérience.",https://www.soumari.com/wp-content/uploads/2023/12/Tablette-ATOUCH-SE-Pro-512-Go-%E2%80%93-Ram-12-Go-%E2%80%93-10.1-300x300.jpg,,,Neuf,Dakar,,
Tablette ATOUCH S13 – 128 Go – Ram 4 Go – 7″,Ordinateurs & Tablettes,47000,55500,,5,"Faites plaisir à vos enfants avec cette tablette au design innovant, idéale pour les accompagner durant leurs périodes d’apprentissage. Son système d’exploitation Android est parfait pour installer toutes les applications pédagogiques que vous souhaitez. Avec son joli écran tactile de 7 pouces, couplé à une double camera avant et arrière, c’est un appareil génial. Il dispose d’une batterie de longue durée, afin de vous offrir une meilleure expérience.",https://www.soumari.com/wp-content/uploads/2023/12/Tablette-ATOUCH-S13-%E2%80%93-128-Go-%E2%80%93-Ram-4-Go-%E2%80%93-7-2-300x300.jpg,,,Neuf,Dakar,,
Tablette ATOUCH M-T3 – 256 Go – RAM 8 Go – 8″,Ordinateurs & Tablettes,57500,64400,,5,"La tablette Atouch M-T3 offre la possibilité d’effectuer plusieurs tâches à la fois avec une variété d’applications, des performances améliorées et des vitesses de traitement rapides. Le matériau innovant en verre trempé empêche les rayures sur l’écran et offre un toucher plus confortable et un fonctionnement fluide.",https://www.soumari.com/wp-content/uploads/2023/11/Tablette-ATOUCH-M-T3-256-Go-RAM-8-Go-8-300x300.jpg,,,Neuf,Dakar,,
Tablette ATOUCH A7 Plus -128 Go – Ram 4 Go – 7″,Ordinateurs & Tablettes,45000,53100,,5,"Faites plaisir à vos enfants avec cette tablette au design innovant, idéale pour les accompagner durant leurs périodes d’apprentissage. Son système d’exploitation Android est parfait pour installer toutes les applications pédagogiques que vous souhaitez. Avec son joli écran tactile de 7 pouces, couplé à une double camera avant et arrière, c’est un appareil génial. Il dispose d’une batterie de longue durée, afin de vous offrir une meilleure expérience.",https://www.soumari.com/wp-content/uploads/2023/12/Tablette-ATOUCH-A7-Plus-128-Go-%E2%80%93-Ram-4-Go-%E2%80%93-7-300x300.jpg,,,Neuf,Dakar,,
Baffle ordinateur T26,Électronique & Hi-Fi,5200,6500,,5,"Le Baffle Ordinateur T26 est une enceinte multimédia conçue pour accompagner un ordinateur ou d’autres appareils compatibles. Son format compact permet de l’installer facilement sur un bureau sans prendre beaucoup de place. Il convient aussi bien à une utilisation quotidienne qu’au divertissement : musique, films, vidéos, jeux vidéo et appels.",https://www.soumari.com/wp-content/uploads/2026/08/Baffle-ordinateur-T26--300x300.jpg,,,Neuf,Dakar,,
Vidéo projecteur V16,Électronique & Hi-Fi,33500,39500,,5,"Le **V16** est un mini vidéoprojecteur conçu pour profiter facilement de vos contenus multimédias sur grand écran. Son format compact permet de le déplacer facilement et de l’utiliser à la maison, au bureau ou lors de soirées cinéma.",https://www.soumari.com/wp-content/uploads/2026/08/Video-projecteur-V16-1-300x300.jpg,,,Neuf,Dakar,,
Vidéo projecteur U5 GAME,Électronique & Hi-Fi,47000,55500,,5,"Le U5 GAME est un vidéoprojecteur compact pensé pour une utilisation multimédia et gaming. Il permet de profiter de vos jeux et contenus vidéo sur une grande surface de projection, à la maison ou dans une chambre.",https://www.soumari.com/wp-content/uploads/2026/08/Video-projecteur-U5-GAME-1-300x300.jpg,,,Neuf,Dakar,,
Vidéo projecteur V1 GAME,Électronique & Hi-Fi,44800,52900,,5,"Le V1 GAME est un vidéoprojecteur compact destiné aux amateurs de jeux vidéo et de cinéma à domicile. Il permet de connecter différents appareils, notamment une console de jeux, un ordinateur ou d’autres sources vidéo compatibles. Son format pratique permet de l’installer facilement sur une table ou un bureau et de profiter d’une image de grande taille.",https://www.soumari.com/wp-content/uploads/2026/08/Video-projecteur-V1-GAME-1-300x300.jpg,,,Neuf,Dakar,,
Vidéo projecteur U5,Électronique & Hi-Fi,29100,34300,,5,"Le vidéo projecteur U5 est un projecteur compact et portable conçu pour profiter de vos contenus multimédias sur grand écran. Il convient particulièrement au cinéma à domicile, au gaming, au streaming et aux présentations.",https://www.soumari.com/wp-content/uploads/2026/08/Video-projecteur-U5-1-1-300x300.jpg,,,Neuf,Dakar,,
Vidéo projecteur V1,Électronique & Hi-Fi,29100,34300,,5,"Le vidéo projecteur V1 est un mini projecteur compact conçu pour profiter de vos contenus sur grand écran. Il convient particulièrement au cinéma à domicile, au gaming, au streaming et aux présentations. Selon la version du V1, on retrouve une résolution native  , la prise en charge des contenus  , le Wi-Fi et le Bluetooth.",https://www.soumari.com/wp-content/uploads/2026/08/Video-projecteur-V1-3-300x300.jpg,,,Neuf,Dakar,,
Vidéo projecteur HY-300 GAME,Électronique & Hi-Fi,29500,34800,,5,"Le HY-300 GAME est un vidéoprojecteur spécialement conçu pour associer divertissement vidéo et jeux vidéo. Son format compact et son support orientable permettent de l’installer facilement à la maison. Le coffret présenté comprend deux manettes sans fil, ce qui permet de profiter immédiatement d’une expérience de jeu à deux. Le modèle est également présenté comme compatible avec les contenus 4K et dispose du Wi-Fi 6 et du Bluetooth 5.0. Des fiches commerciales du HY-300 GAME confirment également la présence d’Android et de connexions Wi-Fi/Bluetooth.",https://www.soumari.com/wp-content/uploads/2026/08/Video-projecteur-HY-300-GAME-1-2-300x300.jpg,,,Neuf,Dakar,,
Vidéo projecteur HY-320 PRO,Électronique & Hi-Fi,39700,46800,,5,"Le HY-320 PRO est un vidéoprojecteur compact et pratique conçu pour profiter de vos contenus multimédias sur grand écran. Son format moderne et portable permet de l’installer facilement à la maison, dans une chambre, un salon ou un bureau. Le projecteur est indiqué comme compatible 4K Ultra HD",https://www.soumari.com/wp-content/uploads/2026/08/Video-projecteur-HY-320-PRO-1-300x300.jpg,,,Neuf,Dakar,,
Vidéo projecteur JY-360 couleur,Électronique & Hi-Fi,40300,47600,,5,"Le JY-360 est un mini vidéoprojecteur portable au design original et coloré, inspiré d’un ballon de football. Compact et facile à déplacer, il est idéal pour créer une expérience de cinéma à domicile ou regarder vos matchs et vidéos sur grand écran. Il fonctionne sous Android   et dispose du Wi-Fi  ainsi que du Bluetooth.",https://www.soumari.com/wp-content/uploads/2026/08/Video-projecteur-JY-360-couleur-1-300x300.jpg,,,Neuf,Dakar,,
Vidéo projecteur JY-360 BALL,Électronique & Hi-Fi,39700,46800,,5,"Le JY-360 BALL est un mini vidéoprojecteur compact au design inspiré d’un ballon de football, facile à transporter et à installer. Il fonctionne sous Android  et prend en charge le Wi-Fi , permettant la connexion sans fil à différents appareils et peut accepter des contenus 4K .",https://www.soumari.com/wp-content/uploads/2026/08/Video-projecteur-JY-360-BALL-1-300x300.jpg,,,Neuf,Dakar,,
Vidéo Projecteur HY-320 plus,Électronique & Hi-Fi,42000,49600,,5,"Le HY-320 plus est un vidéoprojecteur compact conçu pour transformer facilement un mur ou un écran de projection en espace multimédia. Il est adapté aussi bien au divertissement à domicile qu’aux présentations et aux jeux vidéo. Son format pratique permet de l’installer facilement dans une chambre, un salon, un bureau ou une salle de projection. Il peut être utilisé avec différents appareils compatibles pour profiter de contenus multimédias sur grand écran.",https://www.soumari.com/wp-content/uploads/2026/08/Video-Projecteur-HY-320-1-300x300.jpg,,,Neuf,Dakar,,
Vidéo Projecteur A10,Électronique & Hi-Fi,38900,45900,,5,"Le vidéo projecteur A10 permet de transformer facilement un mur ou une surface adaptée en écran de projection. Son format pratique le rend adapté à différents usages, notamment le cinéma à domicile, les jeux vidéo, les vidéos en streaming et les présentations.",https://www.soumari.com/wp-content/uploads/2026/08/Video-Projecteur-A10-300x300.jpg,,,Neuf,Dakar,,
Caméra solaire S6 4G,Électronique & Hi-Fi,36800,43400,,5,"La caméra solaire S6 4G est conçue pour assurer une surveillance fiable des espaces extérieurs. Grâce à son panneau solaire, elle peut fonctionner de manière autonome sans nécessiter un branchement électrique permanent.",https://www.soumari.com/wp-content/uploads/2026/08/Camera-solaire-S6-4G-1-1-300x300.jpg,,,Neuf,Dakar,,
Casque ordinateur A3,Électronique & Hi-Fi,25000,29500,,5,"Le casque ordinateur A3 est conçu pour accompagner vos activités quotidiennes sur ordinateur. Il convient aussi bien aux appels vidéo, réunions en ligne, cours à distance, jeux vidéo qu’à l’écoute de musique et de vidéos. Grâce à son microphone intégré, il permet de communiquer facilement avec vos interlocuteurs. Son format casque offre une expérience d’écoute plus immersive tout en limitant les bruits environnants.",https://www.soumari.com/wp-content/uploads/2026/08/Casque-ordinateur-A3-1-300x300.jpg,,,Neuf,Dakar,,
Caméra solaire T84 4G,Électronique & Hi-Fi,36800,43400,,5,"La caméra solaire T84 4G est conçue pour assurer une surveillance extérieure tout en offrant une installation flexible. Grâce à son alimentation solaire, elle peut fonctionner sans raccordement électrique permanent. Sa connexion 4G permet de transmettre les images à distance via le réseau mobile, ce qui la rend particulièrement pratique pour les endroits où le Wi-Fi n’est pas disponible. Elle peut ainsi être utilisée pour surveiller une habitation, un commerce, un terrain ou une propriété.",https://www.soumari.com/wp-content/uploads/2026/08/Camera-solaire-T84-4G-1-300x300.jpg,,,Neuf,Dakar,,
Caméra solaire XW818 4G,Électronique & Hi-Fi,34700,40900,,5,"La XW818-4G est une caméra de surveillance extérieure conçue pour fonctionner de manière autonome grâce à son panneau solaire et sa connexion 4G. Elle convient particulièrement aux endroits où il n’est pas possible d’installer une connexion Wi-Fi. Son système PTZ permet d’orienter la caméra à distance afin de surveiller une zone plus large. Elle dispose également de fonctions intelligentes telles que la détection de mouvement, le suivi des personnes, la vision nocturne et l’audio bidirectionnel.",https://www.soumari.com/wp-content/uploads/2026/08/Camera-solaire-XW818-4G-1-300x300.jpg,,,Neuf,Dakar,,
Caméra de table M8 4G,Électronique & Hi-Fi,38500,45400,,5,"La caméra de table M8 4G est un dispositif compact conçu pour assurer une surveillance et un enregistrement de haute qualité. Elle dispose d’une fixation intégrée avec écran, permettant de consulter facilement les images directement sur l’appareil. Grâce à sa caméra arrière compacte, son grand objectif optique et sa résolution 4K Ultra HD, elle permet de capturer des images détaillées. Son support réglable facilite l’orientation de la caméra selon l’angle souhaité.",https://www.soumari.com/wp-content/uploads/2026/08/Camera-de-table-M8-4G-300x300.jpg,,,Neuf,Dakar,,
Caméra solaire TA-501PTZ 4G,Électronique & Hi-Fi,36400,43000,,5,"La TA-501PTZ 4G est une caméra de surveillance conçue pour une utilisation extérieure et pour les endroits où une connexion Wi-Fi n’est pas disponible. Grâce à sa connexion 4G, elle peut transmettre les images via le réseau mobile à condition d’utiliser une carte SIM compatible. Son panneau solaire permet de l’alimenter de manière autonome, tandis que sa fonction PTZ permet d’orienter la caméra afin de couvrir une zone plus larg",https://www.soumari.com/wp-content/uploads/2026/08/Camera-solaire-TA-501PTZ-4G-1-2-300x300.jpg,,,Neuf,Dakar,,
Caméra solaire S13 4G,Électronique & Hi-Fi,31300,36900,,5,"La Caméra solaire S13 4G est une solution de vidéosurveillance autonome conçue pour assurer une surveillance étendue des espaces extérieurs. D’après les images fournies, elle possède un système AOV à 3 objectifs, présenté comme permettant de surveiller plusieurs zones simultanément. Son panneau solaire intégré assure l’alimentation de la caméra, tandis que la technologie AOV est conçue pour permettre un fonctionnement et un enregistrement continus avec une consommation d’énergie optimisée. Les modèles AOV à trois objectifs utilisent effectivement cette architecture pour assurer une surveillance permanente.",https://www.soumari.com/wp-content/uploads/2026/08/Camera-solaire-S13-4G-1-300x300.jpg,,,Neuf,Dakar,,
Video projecteur HY-300 MAX,Électronique & Hi-Fi,31800,37500,,5,"Le HY-300 MAX est un vidéoprojecteur intelligent polyvalent conçu pour le divertissement à domicile. D’après les éléments visibles sur les images, il intègre une puce professionnelle, une connexion Wi-Fi 6, le Bluetooth ainsi qu’un mode dédié au gaming. Il est présenté comme un Game Projector 2-en-1 et est livré avec deux manettes sans fil, permettant de profiter immédiatement d’une expérience de jeu à deux. Le coffret comprend également une télécommande, le câble d’alimentation et le manuel d’utilisation.",https://www.soumari.com/wp-content/uploads/2026/08/Video-projecteur-HY-300-MAX-1-2-300x300.jpg,,,Neuf,Dakar,,
Vidéo projecteur HY 260,Électronique & Hi-Fi,42500,50200,,5,"Le vidéoprojecteur HY 260 est un projecteur compact au design vertical, conçu pour offrir une solution pratique de projection à la maison ou au bureau. Sa conception peu encombrante permet de l’installer facilement sur une table ou une autre surface stable. Son format vertical facilite son transport et son rangement. Le projecteur est accompagné d’une télécommande, d’un adaptateur secteur et d’un manuel d’utilisation, permettant une mise en service simple.",https://www.soumari.com/wp-content/uploads/2026/08/Video-projecteur-HY-260-1-2-300x300.jpg,,,Neuf,Dakar,,
Vidéo projecteur HY 300 pro,Électronique & Hi-Fi,36900,43500,,5,"Le HY 300 Pro est un mini vidéoprojecteur  compact conçu pour transformer facilement votre espace en salle de projection. Son format léger et son support orientable permettent de positionner le projecteur selon l’angle de projection souhaité. D’après les informations visibles sur l’emballage, le projecteur prend en charge la projection Full HD et la lecture de contenus .",https://www.soumari.com/wp-content/uploads/2026/08/Video-projecteur-HY-300-pro-2-300x300.jpg,,,Neuf,Dakar,,
Vidéo projecteur HY 350 mini,Électronique & Hi-Fi,35600,42000,,5,"Le HY 350 Mini est un vidéoprojecteur compact conçu pour transformer votre salon, votre chambre ou votre bureau en espace de projection. Il utilise une source lumineuse  et offre une résolution native   HD  , tout en prenant en charge la lecture de contenus",https://www.soumari.com/wp-content/uploads/2026/08/Video-projecteur-HY-350-mini-300x300.jpg,,,Neuf,Dakar,,
Caméra solaire 660 4G,Électronique & Hi-Fi,39500,46600,,5,La Caméra Solaire 660 4G est une caméra de surveillance extérieure conçue pour fonctionner dans les endroits où il n’est pas toujours possible d’installer une alimentation électrique ou une connexion Wi-Fi.,https://www.soumari.com/wp-content/uploads/2026/08/Camera-solaire-660-4G-1-1-300x300.jpg,,,Neuf,Dakar,,
Caméra Hikvision DS-2CD1027G2H-LIUF/SRB(2.8mm)(O-STD) hybride intelligente ColorVu 2 MP,Électronique & Hi-Fi,39000,46000,,5,"La Hikvision DS-2CD1027G2H-LIUF/SRB (2.8mm) est une caméra de surveillance IP de nouvelle génération conçue pour offrir une sécurité fiable et intelligente, même dans l’obscurité totale. Grâce à la technologie **ColorVu**, elle fournit des images en couleur 24h/24, même dans des conditions de très faible luminosité. Contrairement aux caméras infrarouges classiques, elle utilise une lumière blanche intégrée pour garantir une image claire, détaillée et exploitable à tout moment.",https://www.soumari.com/wp-content/uploads/2026/04/Camera-Hikvision-DS-2CD1027G2H-LIUF-300x300.webp,,,Neuf,Dakar,,
Caméra Hikvision DS-2CD1321G0-\|(2.8mm) réseau tourelle fixe 2 MP,Électronique & Hi-Fi,22000,26000,,5,"La Hikvision DS-2CD1321G0-I (2.8mm) est une caméra de surveillance IP compacte et performante, idéale pour les installations de sécurité domestiques et professionnelles. Grâce à sa résolution 2 mégapixels (Full HD 1080p), elle offre des images claires et détaillées pour une surveillance quotidienne fiable. Équipée d’un objectif fixe grand angle de 2.8 mm, cette caméra permet de couvrir une large zone, ce qui la rend parfaite pour surveiller les entrées, les couloirs, les bureaux ou les petits commerces.",https://www.soumari.com/wp-content/uploads/2026/04/Camera-Hikvision-DS-2CD1321G0-300x300.webp,,,Neuf,Dakar,,
Caméra Hikvision DS-2CD1T83G2-LIU(4mm)(O-STD) hybride intelligente 8 MP à lumière fixe,Électronique & Hi-Fi,60000,67200,,5,"La Hikvision DS-2CD1T83G2-LIU (4mm) est une caméra de surveillance IP haut de gamme conçue pour offrir une sécurité maximale grâce à une qualité d’image exceptionnelle et des fonctionnalités intelligentes avancées. Dotée d’un capteur 8 mégapixels (4K – 3840 x 2160), elle capture des images d’une précision remarquable, permettant d’identifier les moindres détails, même à distance (visages, plaques, objets). Son objectif fixe de 4 mm offre un angle de vue équilibré, idéal pour la surveillance de zones critiques comme les parkings, entrées, entrepôts ou sites industriels.",https://www.soumari.com/wp-content/uploads/2026/04/Camera-Hikvision-DS-2CD1T83G2-LIU4mmO-STD-hybride-intelligente-8-MP-a-lumiere-fixe-300x300.webp,,,Neuf,Dakar,,
Caméra Hikvision DS-2CD1143G2-LIU(2.8mm) 4 MP Smart Hybrid Light,Électronique & Hi-Fi,45000,53100,,5,"La **Hikvision DS-2CD1143G2-LIU (2.8mm)** est une caméra de surveillance IP dôme conçue pour offrir une sécurité renforcée et intelligente. Grâce à sa résolution 4 mégapixels (2560 × 1440), elle capture des images d’une grande précision, permettant d’identifier clairement les personnes et les détails importants. Son objectif grand angle de 2.8 mm permet une couverture large, idéale pour surveiller des espaces ouverts comme des bureaux, halls d’entrée, magasins ou zones résidentielles.",https://www.soumari.com/wp-content/uploads/2026/04/Camera-Hikvision-DS-2CD1143G2-LIU2.8mm-4-MP-Smart-Hybrid-Light-300x300.webp,,,Neuf,Dakar,,
Caméra Hikvision DS-2CD1043G2-LIU(4mm) réseau bullet hybride intelligente 4 MP,Électronique & Hi-Fi,45000,53100,,5,"La **caméra Hikvision DS-2CD1043G2-LIU (4mm)** est une caméra IP de surveillance hautes performances conçue pour répondre aux exigences de sécurité modernes. Grâce à sa résolution 4 mégapixels, elle fournit des images d’une grande netteté avec un niveau de détail supérieur au Full HD, idéale pour identifier précisément les visages, plaques d’immatriculation et mouvements suspects. Son objectif fixe de 4 mm permet une surveillance ciblée avec un bon compromis entre champ de vision et précision, parfait pour sécuriser des entrées, des parkings, des entrepôts ou des zones sensibles.",https://www.soumari.com/wp-content/uploads/2026/04/Camera-Hikvision-DS-2CD1043G2-LIU4mm-reseau-bullet-hybride-intelligente-4-MP-300x300.webp,,,Neuf,Dakar,,
Caméra Hikvision DS-2CD1123G2-LIU(2.8mm)(O-STD) hybride intelligente 2 MP,Électronique & Hi-Fi,38000,44800,,5,"La **caméra Hikvision DS-2CD1123G2-LIU (2.8mm)** est une solution de vidéosurveillance IP intelligente conçue pour offrir une sécurité avancée aux particuliers et aux professionnels. Dotée d’un capteur 2 mégapixels, elle délivre des images en Full HD (1080p) avec une grande précision, assurant une surveillance efficace en toutes circonstances. Grâce à son objectif grand angle de 2.8 mm, elle couvre une zone plus large, ce qui la rend idéale pour surveiller des espaces ouverts comme les halls, bureaux, magasins ou parkings.",https://www.soumari.com/wp-content/uploads/2026/04/Camera-Hikvision-DS-2CD1123G2-LIU2.8mmO-STD-hybride-intelligente-2-MP-300x300.webp,,,Neuf,Dakar,,
Caméra Hikvision DS-2CD1021GO-I(4mm) 2 MP,Électronique & Hi-Fi,22000,26000,,5,"La **caméra Hikvision DS-2CD1021G0-I (4mm)** est une solution de vidéosurveillance IP performante, conçue pour assurer la sécurité des habitations, bureaux, commerces et entrepôts. Dotée d’un capteur 2 mégapixels, elle offre une qualité d’image Full HD (1080p), garantissant des images claires et détaillées, de jour comme de nuit.",https://www.soumari.com/wp-content/uploads/2026/04/Camera-Hikvision-DS-2CD1021GO-I4mm-2-MP-300x300.webp,,,Neuf,Dakar,,
CAMERA HIKVISION IP POE 2MP DOM DS-2CD1321G0-I(2.8mm),Électronique & Hi-Fi,22000,26000,,5,"La camera hikvision ds-2cd1321g0-i (2.8mm) est une caméra IP dôme performante conçue par Hikvision. Elle offre une surveillance fiable avec une résolution Full HD 2 MP. Grâce à la technologie PoE (Power over Ethernet), elle fonctionne avec un seul câble réseau pour l’alimentation et la transmission des données, facilitant l’installation. Elle est équipée d’un infrarouge performant, permettant une surveillance claire jusqu’à 30 mètres la nuit. Son objectif 2.8 mm offre un angle de vue large, idéal pour les espaces intérieurs et extérieurs.",https://www.soumari.com/wp-content/uploads/2026/04/CAMERA-HIKVISION-IP-POE-2MP-DOM-DS-2CD1321G0-I2.8mm_11zon-300x300.webp,,,Neuf,Dakar,,
Caméra Hikvision DS-2SE4C425MWG-E(14 FO) 4+4MP 25X ColorVu et IR Acusense,Électronique & Hi-Fi,234500,253300,,5,"La camera hikvision ds-2se4c425mwg-e (14f0) est une caméra PTZ professionnelle conçue par Hikvision. Elle combine deux capteurs (4 MP + 4 MP) pour offrir une surveillance panoramique et un zoom puissant.Grâce à la technologie ColorVu, elle permet une image en couleur même de nuit, tandis que l’éclairage IR assure une visibilité jusqu’à longue distance.",https://www.soumari.com/wp-content/uploads/2026/04/Camera-Hikvision-DS-2SE4C425MWG-E14-FO-44MP-25X-ColorVu-et-IR-Acusense-300x300.webp,,,Neuf,Dakar,,
Caméra Hikvision solaire DS-2CFSP4/4G(2.8mm)(O-STD) PT 4G 4MP 24h/24 et 7j/7,Électronique & Hi-Fi,84800,95000,,5,"La camera hikvision solaire ds-2cfsp4/4g (2.8mm) 4mp est une solution de vidéosurveillance autonome conçue par Hikvision, idéale pour les zones sans électricité ni Wi-Fi.Grâce à son panneau solaire intégré et sa batterie rechargeable, elle fonctionne en continu 24h/24 et 7j/7. Sa connectivité 4G permet un accès à distance depuis n’importe où via smartphone.",https://www.soumari.com/wp-content/uploads/2026/04/Camera-Hikvision-solaire-DS-2CFSP4-4G2.8mmO-STD-PT-4G-4MP-1-300x300.webp,,,Neuf,Dakar,,
Caméra Hikvision DS-2CE76KOT-LPFS(2.8mm) hybride 3K avec éclairage et audio,Électronique & Hi-Fi,18000,21200,,5,"La camera hikvision ds-2ce76k0t-lpfs (2.8mm) 3k est une caméra analogique dôme performante conçue par Hikvision pour offrir une surveillance fiable en intérieur comme en extérieur.Elle propose une résolution 3K (5 MP) permettant d’obtenir des images très détaillées. Grâce à la technologie Smart Hybrid Light, elle combine infrarouge et lumière blanche pour s’adapter automatiquement aux conditions de luminosité.",https://www.soumari.com/wp-content/uploads/2026/04/Camera-Hikvision-DS-2CE76KOT-LPFS2.8mm-hybride-3K-avec-eclairage-et-audio-300x300.webp,,,Neuf,Dakar,,
Camera hikvision DS-2CE70KF0T-LPFS DOM HYBROID Intelligente 3K COOR VU,Électronique & Hi-Fi,30000,35400,,5,"La camera hikvision ds-2ce70kf0t-lpfs 3k colorvu est une caméra analogique dôme performante conçue par Hikvision pour une surveillance fiable en intérieur comme en extérieur. Elle offre une résolution 3K (5 MP) pour des images très détaillées. Grâce à la technologie ColorVu (F1.0), elle capture des images en couleur 24h/24, même en faible luminosité.",https://www.soumari.com/wp-content/uploads/2026/04/CAMERA-HIKVISION-DS-2CE70KF0T-LPFS-DOM-HYBROID-INTELLIGENTE-3K-COOR-VU_11zon-300x300.webp,,,Neuf,Dakar,,
CAMERA HIKVISION DS-2CE10KF0T-PFS EXTERIEUR MINI 3K COLOR VU,Électronique & Hi-Fi,30000,35400,,5,"La camera hikvision ds-2ce10kf0t-pfs 3k colorvu est une caméra analogique extérieure performante conçue par Hikvision. Elle offre une résolution 3K (5 MP) avec une qualité d’image très détaillée. Grâce à la technologie ColorVu (F1.0), elle capture des images en couleur 24h/24, même en faible luminosité. Son éclairage intégré permet une visibilité optimale la nuit.",https://www.soumari.com/wp-content/uploads/2026/04/CAMERA-HIKVISION-DS-2CE10KF0T-PFS-EXTERIEUR-MINI-3K-COLOR-VU_11zon-300x300.webp,,,Neuf,Dakar,,
Caméra HIKVISION DS-2CD1143G2-LIU,Électronique & Hi-Fi,50000,56000,,5,"La Hikvision DS-2CD1143G2-LIU est une caméra réseau IP de type dôme offrant une résolution de 4 MP pour des images nettes et détaillées de jour comme de nuit. Elle est idéale pour la surveillance des habitations, bureaux, magasins, entrepôts et autres espaces professionnels.",https://www.soumari.com/wp-content/uploads/2026/04/CAMERA-HIKVISION-DS-2CD2143G2-LIS-2U-HYBRIL-INTELLIGENTE-4MP-300x300.webp,,,Neuf,Dakar,,
Caméra Hikvision DS-2CD2047G3-LIY(4mm)(O-STD) 4 MP avec éclairage ColorVu,Électronique & Hi-Fi,90000,100800,,5,"La camera hikvision ds-2cd2047g3-liy (4mm) 4mp est une caméra IP extérieure haut de gamme conçue par Hikvision. Elle intègre la technologie ColorVu, offrant une image en couleur même dans l’obscurité totale grâce à son objectif lumineux. Dotée d’une résolution 4 MP, elle garantit une image nette et détaillée. Son objectif 4 mm permet une vision plus ciblée, idéale pour surveiller une entrée, un portail ou une zone précise.",https://www.soumari.com/wp-content/uploads/2026/04/Camera-Hikvision-DS-2CD2047G3-LIYCamera-Hikvision-DS-2CD2047G3-LIY4mmO-STD-4-MP-avec-eclairage-ColorVu-300x257.jpg,,,Neuf,Dakar,,
Camera hikvision DS-2CD2043G2-LI(2U) EXTERIEUR HYBRID INTELLIGENTE 4MP,Électronique & Hi-Fi,60000,67200,,5,"La camera hikvision ds-2cd2043g2-li(2u) 4mp est une caméra IP extérieure performante conçue par Hikvision. Elle intègre la technologie Smart Hybrid Light, combinant infrarouge et lumière blanche pour une vision nocturne optimale. Avec sa résolution 4 MP, elle offre une image nette et détaillée, idéale pour sécuriser maisons, commerces ou entreprises. Elle dispose également de fonctions intelligentes comme la détection humaine et véhicule, réduisant les fausses alertes.",https://www.soumari.com/wp-content/uploads/2026/04/CAMERA-HIKVISION-DS-2CD2043G2-LI2U-EXTERIEUR-HYBRID-INTELLIGENTE-4MP._11zon-300x300.webp,,,Neuf,Dakar,,
Caméra Hikvision DS-2CD1023G2-LIU(2.8mm)(O-STD),Électronique & Hi-Fi,25000,29500,,5,"La camera hikvision ds-2cd1023g2-liu (2.8mm) est une caméra IP performante conçue par Hikvision pour offrir une surveillance intelligente et précise. Elle propose une résolution Full HD 2 MP, combinée à la technologie Smart Hybrid Light permettant une vision nocturne optimisée avec infrarouge + lumière blanche.",https://www.soumari.com/wp-content/uploads/2026/04/Camera-Hikvision-DS-2CD1023G2-LIU2.8mmO-STD-300x300.webp,,,Neuf,Dakar,,
camera hikvision analogique color vu 2MP DOM DS-2CE70DFOT-LPFS(2.8mm),Électronique & Hi-Fi,25000,29500,,5,"La camera hikvision analogique colorvu 2mp ds-2ce70df0t-lpfs (2.8mm) est une caméra dôme performante conçue par Hikvision pour offrir une surveillance fiable avec une image couleur 24h/24. Grâce à la technologie ColorVu (F1.0) et au système Smart Hybrid Light, elle garantit une excellente visibilité même en faible luminosité. Elle dispose également d’un microphone intégré, permettant l’enregistrement audio via câble coaxial. Son objectif 2.8 mm offre un angle de vue large, idéal pour les maisons, bureaux ou commerces.",https://www.soumari.com/wp-content/uploads/2026/04/CAMERA-HIKVISION-ANALOQIQUE-COLOR-VU-2MP-DOM-DS-2CE70DFOT-LPFS2.8mm_11zon-300x300.webp,,,Neuf,Dakar,,
Mini caméra Hikvision DS-2CE16D0T-LPTS(2.8mm) 2MP,Électronique & Hi-Fi,20000,23600,,5,"La mini caméra hikvision ds-2ce16d0t-lpts (2.8mm) 2mp est une solution de vidéosurveillance compacte conçue pour offrir une image claire et fiable au quotidien. Développée par Hikvision, elle convient parfaitement aux installations résidentielles et professionnelles.",https://www.soumari.com/wp-content/uploads/2026/04/Mini-camera-Hikvision-DS-2CE16D0T-LPTS2.8mm-2MP-300x300.webp,,,Neuf,Dakar,,
Camera hikvision analogique Color VU 2MP DOM DS-2CE10DF0T-LPFS(3.6mm),Électronique & Hi-Fi,19000,22400,,5,"La camera hikvision analogique colorvu 2mp ds-2ce10df0t-lpfs (3.6mm) est une caméra de surveillance extérieure performante conçue pour offrir une image en couleur 24h/24, même dans l’obscurité.Développée par Hikvision, elle intègre la technologie ColorVu avec une ouverture F 1.0, permettant de capturer un maximum de lumière pour une image plus claire la nuit.",https://www.soumari.com/wp-content/uploads/2026/04/CAMERA-HIKVISION-ANALOGIQUE-COLOR-VU-2MP-DOM-DS-2CE10DF0T-LPFS3.6mm_11zon-300x300.webp,,,Neuf,Dakar,,
Camera hikvision analogique 5mp exterieur DS-2CE16K0T-LPFS(3.6mm),Électronique & Hi-Fi,24800,29300,,5,"La camera hikvision analogique ds-2ce16k0t-lpfs (3.6mm) est une caméra de surveillance extérieure performante conçue pour offrir une image claire et détaillée, de jour comme de nuit. Développée par Hikvision, elle intègre une résolution 3K (équivalent haute qualité proche 5MP) pour une surveillance précise.",https://www.soumari.com/wp-content/uploads/2026/04/CAMERA-HIKVISION-ANALOGIQUE-5MP-EXTERIEUR-DS-2CE16K0T-LPFS3.6mm_11zon-300x300.webp,,,Neuf,Dakar,,
Camera Hikvision Analogique 5mp Exterieur DS-2CE10DF3T-PF(3.6mm)(O-STD),Électronique & Hi-Fi,25000,29500,,5,"La camera hikvision analogique 5mp exterieur ds-2ce10df3t-pf (3.6mm) est une caméra de surveillance performante conçue pour offrir une sécurité optimale en extérieur. Développée par Hikvision, elle intègre la technologie ColorVu, permettant une vision en couleur 24h/24, même dans l’obscurité.",https://www.soumari.com/wp-content/uploads/2026/04/CAMERA-HIKVISION-ANALOGIQUE-5MP-EXTERIEUR-DS-2CE10DF3T-PF3.6mmO-STD_11zon-300x300.webp,,,Neuf,Dakar,,
CAMERA HIKVISION DS-2CE70DF3T-PF (2.8mm),Électronique & Hi-Fi,25000,29500,,5,"La camera hikvision ds-2ce70df3t-pf (2.8mm) est une caméra de surveillance performante conçue pour offrir une image claire et détaillée en toutes circonstances. Développée par Hikvision, elle intègre la technologie ColorVu, permettant une vision en couleur même la nuit.",https://www.soumari.com/wp-content/uploads/2026/04/CAMERA-HIKVISION-DS-2CE70DF3T-PF-2.8mm_11zon-300x300.webp,,,Neuf,Dakar,,
BAFLE VIDEO CONFERENCE HIKVISIOND-UAC-S1V,Électronique & Hi-Fi,105000,117600,,5,"La bafle video conference hikvision d-uac-s1v est un dispositif audio professionnel conçu pour optimiser la qualité sonore lors de vos réunions en ligne et conférences. Développée par Hikvision, elle garantit une restitution sonore claire et fluide pour une communication efficace.",https://www.soumari.com/wp-content/uploads/2026/04/BAFLE-VIDEO-CONFERENCE-HIKVISIOND-UAC-S1V_11zon-300x300.webp,,,Neuf,Dakar,,
Casque ordinateur G505,Téléphones & Accessoires,7500,9400,,5,"Le G505 est un casque audio conçu pour accompagner l’utilisateur lors de ses activités sur ordinateur. Il peut être utilisé pour jouer, écouter de la musique, regarder des films et vidéos ou participer à des appels et visioconférences. Son format permet une utilisation confortable au quotidien et convient aussi bien aux loisirs qu’au travail ou aux études.",https://www.soumari.com/wp-content/uploads/2026/08/Casque-ordinateur-G505-1-1-300x300.jpg,,,Neuf,Dakar,,
Casque ordinateur GT806,Téléphones & Accessoires,16800,19800,,5,"Le GT806 est un casque conçu pour accompagner les utilisateurs d’ordinateur dans leurs activités multimédias. Il convient aussi bien au gaming qu’à l’écoute de musique, au visionnage de vidéos et aux communications en ligne. Son format circum-aural permet de profiter d’une expérience d’écoute agréable tout en offrant une bonne immersion dans les jeux et les contenus multimédias.",https://www.soumari.com/wp-content/uploads/2026/08/Casque-ordinateur-GT806-1-1-300x300.jpg,,,Neuf,Dakar,,
Casque ordinateur B15,Téléphones & Accessoires,16800,19800,,5,"Le B15  est un casque gaming sans fil conçu pour offrir une expérience audio polyvalente. Grâce à ses trois modes de connexion, il peut être utilisé en Bluetooth, en 2.4G sans fil ou en mode filaire. Cette polyvalence permet de l’utiliser avec différents appareils selon les besoins : ordinateur, console, téléphone, tablette ou autres équipements compatibles.",https://www.soumari.com/wp-content/uploads/2026/08/Casque-ordinateur-B15-1-1-300x300.jpg,,,Neuf,Dakar,,
Casque ordinateur A66,Téléphones & Accessoires,6000,7500,,5,"Le casque ordinateur A66 est conçu pour offrir une expérience audio agréable lors de l’utilisation quotidienne d’un ordinateur. Il peut être utilisé pour écouter de la musique, regarder des films et vidéos, jouer ou participer à des conversations en ligne. Grâce à sa conception adaptée à une utilisation prolongée, il convient aussi bien au travail qu’aux études et au divertissement.",https://www.soumari.com/wp-content/uploads/2026/08/Casque-ordinateur-A66-1-1-300x300.jpg,,,Neuf,Dakar,,
Casque ordinateur V6S,Téléphones & Accessoires,7000,8800,,5,"Le casque ordinateur V6S est conçu pour offrir une expérience audio pratique aussi bien au travail qu’à la maison. Grâce à son microphone intégré, il convient parfaitement aux appels, réunions en ligne, cours à distance et communications vocales. Son design avec arceau permet de le porter confortablement pendant les activités quotidiennes sur ordinateur.",https://www.soumari.com/wp-content/uploads/2026/08/Casque-ordinateur-V6S-1-300x300.jpg,,,Neuf,Dakar,,
Coque iPhone AS1,Téléphones & Accessoires,2000,2500,,5,"La Coque iPhone AS1 est spécialement conçue pour protéger efficacement votre iPhone tout en préservant son design élégant. Grâce à sa conception robuste et légère, elle offre une excellente résistance aux chocs, aux rayures et aux petites chutes du quotidien.",https://www.soumari.com/wp-content/uploads/2026/06/Coque-iPhone-AS1_11zon-1-300x300.webp,,,Neuf,Dakar,,
AirPod GALAXY BUDS3,Téléphones & Accessoires,6500,8100,,5,"Les Galaxy Buds3 de Samsung sont conçus pour offrir une expérience audio premium grâce à leur qualité sonore avancée, leur design ergonomique et leurs fonctionnalités intelligentes. Dotés de haut-parleurs performants et d’une technologie audio optimisée, ils délivrent un son riche, des basses profondes et des aigus précis. Leur système de réduction du bruit permet de réduire les sons extérieurs afin de profiter pleinement de votre musique, de vos appels ou de vos contenus multimédias.",https://www.soumari.com/wp-content/uploads/2026/06/AirPod-GALAXY-BUDS3_11zon-300x300.webp,,,Neuf,Dakar,,
AirPod P7 PRO,Téléphones & Accessoires,5500,6900,,5,"Les AirPods P7 Pro sont des écouteurs Bluetooth sans fil conçus pour offrir une qualité sonore immersive et un confort optimal. Grâce à leur technologie de connexion avancée, ils se connectent instantanément à votre smartphone, tablette ou ordinateur compatible Bluetooth.",https://www.soumari.com/wp-content/uploads/2026/06/AirPod-P7-PRO_11zon_11zon-300x300.webp,,,Neuf,Dakar,,
AirPod P6 PRO,Téléphones & Accessoires,5000,6300,,5,"Les AirPods P6 Pro sont des écouteurs sans fil nouvelle génération conçus pour offrir une expérience audio immersive et un confort optimal au quotidien. Grâce à leur technologie Bluetooth avancée, ils assurent une connexion rapide et stable avec vos appareils mobiles.",https://www.soumari.com/wp-content/uploads/2026/06/AirPod-P6-PRO_11zon_11zon-300x300.webp,,,Neuf,Dakar,,
AirPod P4 pro,Téléphones & Accessoires,5500,6900,,5,"Les AirPods P4 Pro sont des écouteurs sans fil conçus pour offrir une expérience audio de qualité tout en garantissant un confort optimal. Grâce à la technologie Bluetooth avancée, ils se connectent rapidement à votre smartphone, tablette ou ordinateur portable.",https://www.soumari.com/wp-content/uploads/2026/06/AirPod-P4-pro-_11zon-300x300.webp,,,Neuf,Dakar,,
Bol Mélangeur Multifonctionnel RAF 7L 5 en 1,Téléphones & Accessoires,60000,67200,,5,"Le bol mélangeur RAF 7L multifonctionnel 5 en 1 est un appareil de cuisine pratique conçu pour faciliter la préparation de vos recettes au quotidien. Grâce à sa grande capacité de 7 litres, il est idéal pour préparer des quantités importantes de pâte, de crème ou de mélanges culinaires.",https://www.soumari.com/wp-content/uploads/2026/03/Bol-Melangeur-Multifonctionnel-RAF-7L-5-en-1_jfif-300x300.webp,,,Neuf,Dakar,,
Casque Sony Sans Fil Gris et Noir WH-1000XM5,Téléphones & Accessoires,170000,190400,,5,"Le casque Sony sans fil WH-1000XM5 gris et noir est une référence mondiale en matière de réduction de bruit active intelligente. Conçu pour les audiophiles exigeants, il offre une qualité sonore exceptionnelle, des basses profondes, des aigus précis et une immersion totale, que ce soit pour la musique, les appels ou les voyages. Grâce à ses processeurs de réduction de bruit avancés, le WH-1000XM5 s’adapte automatiquement à votre environnement pour éliminer efficacement les bruits extérieurs. Sa connectivité Bluetooth rapide et stable assure une expérience fluide avec smartphones, tablettes et ordinateurs.",https://www.soumari.com/wp-content/uploads/2026/01/Casque-Sony-Sans-Fil-Gris-et-Noir-WH-1000XM5-300x300.webp,,,Neuf,Dakar,,
Power bank VIMAX 20000 mah,Téléphones & Accessoires,9000,11300,,5,"Le Power Bank VIMAX 20000 mAh est conçu pour répondre aux besoins des utilisateurs les plus exigeants. Avec sa grande capacité de 20 000 mAh, il peut recharger plusieurs fois vos smartphones, tablettes, écouteurs sans fil et autres appareils connectés, idéal pour les voyages, les déplacements professionnels ou une utilisation quotidienne.",https://www.soumari.com/wp-content/uploads/2025/09/Power-bank-VIMAX-20000-mah-300x300.jpg,,,Neuf,Dakar,,
Power bank VIMAX 10000 mah,Téléphones & Accessoires,6000,7500,,5,"Le Power Bank VIMAX 10000 mAh est la solution parfaite pour garder vos appareils connectés partout, sans vous soucier de tomber à court de batterie. Avec sa capacité de 10 000 mAh, il offre suffisamment d’énergie pour recharger 2 à 3 fois la plupart des smartphones, tout en restant ultra-compact et facile à transporter dans une poche ou un sac.",https://www.soumari.com/wp-content/uploads/2025/09/Power-bank-VIMAX-10000-mah-300x300.jpg,,,Neuf,Dakar,,
Power bank NB 20000 mah,Téléphones & Accessoires,9000,11300,,5,"Équipé de ports USB multiples et d’une technologie de charge rapide, il offre une compatibilité universelle avec la plupart des appareils Android, iOS et autres gadgets connectés. Sa conception compacte et élégante le rend facile à transporter dans un sac ou une poche, tout en offrant une robustesse et une durabilité remarquables.",https://www.soumari.com/wp-content/uploads/2025/09/Power-bank-NB-20000-mah-___-300x300.jpg,,,Neuf,Dakar,,
Power bank NB 30000 mah,Téléphones & Accessoires,13000,15300,,5,"Le Power Bank NB 30000 mAh est conçu pour fournir une autonomie prolongée et fiable à tous vos appareils mobiles, tablettes et accessoires électroniques. Avec sa capacité ultra-élevée de 30000 mAh, il permet de recharger plusieurs fois vos smartphones ou autres appareils avant de nécessiter une recharge.Équipé de technologies de charge rapide, il optimise la vitesse de recharge pour différents appareils, tout en protégeant contre les surcharges, les courts-circuits et les surchauffes. Ce modèle est compatible avec la plupart des smartphones, tablettes, appareils photo, écouteurs et autres périphériques USB.",https://www.soumari.com/wp-content/uploads/2025/09/Power-bank-NB-30000-mah-300x300.jpg,,,Neuf,Dakar,,
Power Bank Nb-Pk17 10000 mah,Téléphones & Accessoires,5800,7300,,5,"La Power Bank Nb-Pk17 10000 mAh est une batterie externe compacte et élégante, conçue pour recharger vos appareils en toute simplicité lors de vos déplacements. Avec sa capacité de 10 000 mAh, elle permet de recharger plusieurs fois un smartphone ou de prolonger l’autonomie de vos tablettes et autres gadgets électroniques. Dotée de ports de sortie pratiques, elle assure une charge rapide et sécurisée grâce à sa technologie de protection intégrée contre la surcharge et la surchauffe. Son design léger et portable en fait un accessoire indispensable pour rester connecté partout et à tout moment.",https://www.soumari.com/wp-content/uploads/2025/09/Power-bank-Nb-Pk17-10000-mah--300x300.jpg,,,Neuf,Dakar,,
Support tv V Star Pivotant 32-75 Cp750,Téléphones & Accessoires,15500,18300,,5,"Le **Support TV V Star Pivotant CP750** est un support mural robuste et polyvalent conçu pour accueillir des téléviseurs de **32 à 75 pouces**. Grâce à sa structure pivotante, il permet d’orienter facilement l’écran selon l’angle de vision souhaité, offrant un confort optimal pour tous les types de pièces. Fabriqué avec des matériaux solides, il assure une excellente stabilité et sécurité à votre téléviseur. Idéal pour un usage domestique ou professionnel, ce support allie praticité, design moderne et facilité d’installation.",https://www.soumari.com/wp-content/uploads/2025/06/Support-tv-V-Star-Pivotant-32-75-Cp750-300x300.jpg,,,Neuf,Dakar,,
Support tv V Star Pivotant 55-100 cp980,Téléphones & Accessoires,19500,23000,,5,"Le **support TV V Star Pivotant 55-100 CP980** est un support mural robuste conçu pour accueillir des téléviseurs de grande taille, allant de **55 à 100 pouces**. Grâce à sa fonction **pivotante**, il permet d’orienter l’écran selon l’angle de vision souhaité, offrant ainsi un confort visuel optimal, que vous soyez assis en face ou sur le côté. Sa **structure solide** assure une excellente stabilité, tandis que son **design discret et moderne** s’intègre facilement à tout type d’intérieur. Idéal pour un salon, une salle de réunion ou un espace de divertissement, ce support est une solution pratique et élégante pour fixer votre TV au mur en toute sécurité.",https://www.soumari.com/wp-content/uploads/2025/06/Support-tv-V-Star-Pivotant-55-100-cp980-300x300.jpg,,,Neuf,Dakar,,
Tablette Atouch Q39 256gb ram 8,Téléphones & Accessoires,26500,31300,,5,"La tablette **Atouch Q39** est un appareil polyvalent conçu pour répondre aux besoins quotidiens en matière de divertissement et de productivité. Elle est dotée d’un généreux espace de stockage de **256 Go**, idéal pour sauvegarder vos applications, photos, vidéos et documents sans souci de mémoire. Avec sa **RAM de 8 Go**, elle garantit une navigation fluide et rapide, même lors de l’exécution de plusieurs tâches en simultané. Son **écran de 8 pouces** offre un affichage clair et confortable, parfait pour regarder des vidéos, lire ou surfer sur Internet. Compacte et légère, elle est facile à transporter, ce qui en fait un excellent compagnon pour les déplacements.",https://www.soumari.com/wp-content/uploads/2025/06/Tablette-Atouch-Q39-256gb-ram-8-3-300x300.jpg,,,Neuf,Dakar,,
Tablette Atouch Q42 256gb ram 8,Téléphones & Accessoires,32000,37800,,5,"La tablette **Atouch Q42** est un appareil performant conçu pour répondre aux besoins quotidiens des utilisateurs. Elle dispose d’un **grand espace de stockage de 256 Go**, idéal pour sauvegarder vos applications, photos, vidéos et documents sans souci. Grâce à sa **mémoire RAM de 8 Go**, elle offre une utilisation fluide et rapide, même lors du multitâche. Son **écran tactile de 8 pouces** assure une bonne qualité d’affichage pour la navigation, les vidéos ou la lecture. Compacte et légère, cette tablette est parfaite pour une utilisation à la maison, à l’école ou en déplacement.",https://www.soumari.com/wp-content/uploads/2025/06/Tablette-atouch-Q42-256gb-ram-8-3-300x300.jpg,,,Neuf,Dakar,,
Tablette Atouch Q38 256gb ram 8,Téléphones & Accessoires,32000,37800,,5,"La tablette **Atouch Q38** est un appareil performant conçu pour offrir une expérience fluide et polyvalente. Dotée d’un **espace de stockage de 256 Go** et de **8 Go de RAM**, elle assure une navigation rapide, un multitâche sans ralentissement et un espace suffisant pour stocker toutes vos applications, photos, vidéos et documents. Son design compact en fait un choix idéal pour une utilisation mobile, que ce soit pour les études, le divertissement ou le travail. La **Tablette Atouch Q38** allie puissance, capacité et praticité pour répondre aux besoins quotidiens des utilisateurs modernes.",https://www.soumari.com/wp-content/uploads/2025/06/Tablette-Atouch-Q38-256gb-ram-8-e-300x300.jpg,,,Neuf,Dakar,,
Casque JBL Sans Fil Live 460 NC,Téléphones & Accessoires,8000,10000,,5,"Le **casque JBL Sans Fil Live 460NC** est un casque audio élégant et performant conçu pour offrir une expérience d’écoute immersive. Doté de la technologie **de réduction active du bruit (Noise Cancelling)**, il permet de se plonger pleinement dans la musique en éliminant les bruits ambiants. Grâce à sa **connectivité Bluetooth**, il assure une liberté de mouvement sans fil et une grande facilité d’utilisation. Avec le son **Signature JBL**, les basses sont puissantes et les aigus clairs, pour un rendu sonore équilibré. Ce casque est également équipé d’un **assistant vocal intégré**, de commandes tactiles pratiques et d’une **autonomie allant jusqu’à 50 heures** (ou 40 heures avec la réduction de bruit activée), ce qui en fait un choix idéal pour une utilisation quotidienne, au travail comme en déplacement.",https://www.soumari.com/wp-content/uploads/2025/05/Casque-JBL-Sans-Fil-Live-460-NC-300x300.jpg,,,Neuf,Dakar,,
Casque JBL Sans Fil E55 BT,Téléphones & Accessoires,8000,10000,,5,"Le casque JBL Sans Fil E55 BT est un casque audio élégant et performant qui allie confort, autonomie et qualité sonore. Doté de la technologie Bluetooth, il permet une écoute sans fil fluide et une grande liberté de mouvement. Ses haut-parleurs puissants offrent un son signature JBL clair et dynamique, idéal pour la musique, les appels ou les vidéos. Avec une autonomie impressionnante allant jusqu’à 20 heures, il est parfait pour une utilisation prolongée sans interruption. Son arceau rembourré et ses coussinets doux garantissent un port confortable, même pendant de longues sessions d’écoute. Polyvalent, il est également équipé d’un câble détachable et d’un micro intégré pour répondre aux appels avec facilité.",https://www.soumari.com/wp-content/uploads/2025/05/Casque-JBL-Sans-Fil-E55-BT-2-300x300.jpg,,,Neuf,Dakar,,
Casque JBL Sans Fil Live 660 NC,Téléphones & Accessoires,8000,10000,,5,"Le casque JBL Sans Fil Live 660 NC est un casque audio haut de gamme qui offre une expérience sonore immersive grâce à la technologie de réduction de bruit active (Noise Cancelling). Doté du légendaire son JBL avec des basses puissantes, il permet une écoute claire et dynamique. Grâce à sa connectivité Bluetooth, il assure une liberté de mouvement totale sans fil, et son autonomie impressionnante allant jusqu’à 50 heures (ou 40 heures avec la réduction de bruit activée) le rend idéal pour une utilisation prolongée. Confortable avec ses coussinets doux et son arceau rembourré, il intègre également l’assistant vocal, le contrôle tactile et la fonction Ambient Aware pour rester conscient de son environnement. Le JBL Live 660 NC allie performance, confort et modernité pour les amateurs de musique exigeants.",https://www.soumari.com/wp-content/uploads/2025/05/Casque-JBL-Sans-Fil-Live-660-NC-300x300.jpg,,,Neuf,Dakar,,
Chargeur Samsung Original,Téléphones & Accessoires,9000,11300,,5,"Le **chargeur Samsung original** est un accessoire de haute qualité conçu pour offrir une recharge rapide, sécurisée et efficace à vos appareils Samsung. Grâce à sa technologie de charge rapide (Fast Charging), il permet de récupérer un maximum d’autonomie en un minimum de temps. Fabriqué selon les normes strictes de la marque, il garantit une compatibilité parfaite avec les smartphones, tablettes et autres appareils Samsung, tout en protégeant contre la surchauffe, les surtensions et les courts-circuits. Compact et élégant, ce chargeur est l’accessoire idéal pour une utilisation quotidienne à la maison, au bureau ou en déplacement.",https://www.soumari.com/wp-content/uploads/2025/05/Chargeur-Samsung-Original-300x300.jpg,,,Neuf,Dakar,,
Chargeur IPhone 16 Pro Max Original,Téléphones & Accessoires,9000,11300,,5,"Le chargeur iPhone 16 Pro Max original est un accessoire de haute qualité conçu spécifiquement pour offrir une recharge rapide, efficace et sécurisée à votre appareil. Doté de la technologie de charge rapide USB-C Power Delivery, il permet de recharger jusqu’à 50 % de la batterie en environ 30 minutes lorsqu’il est utilisé avec un câble compatible. Fabriqué par Apple, ce chargeur garantit une compatibilité parfaite avec l’iPhone 16 Pro Max, tout en préservant la durée de vie de la batterie grâce à une régulation intelligente de l’énergie. Compact, élégant et durable, il est idéal pour une utilisation à domicile, au bureau ou en déplacement.",https://www.soumari.com/wp-content/uploads/2025/05/Chargeur-IPhone-16-Pro-Max-Original-300x300.jpg,,,Neuf,Dakar,,
Chargeur IPhone 14 Pro Max Original,Téléphones & Accessoires,9000,11300,,5,"Le chargeur iPhone 14 Pro Max original est un accessoire de haute qualité conçu spécifiquement pour offrir une charge rapide, sûre et efficace à votre appareil. Compatible avec la technologie de charge rapide d’Apple, il permet de recharger jusqu’à 50 % de la batterie en environ 30 minutes lorsqu’il est utilisé avec un câble USB-C vers Lightning. Sa conception compacte et élégante le rend idéal pour une utilisation quotidienne à la maison, au bureau ou en déplacement. Ce chargeur garantit une protection optimale contre la surchauffe, la surtension et les courts-circuits, assurant ainsi la longévité de votre iPhone et la sécurité de son utilisation.",https://www.soumari.com/wp-content/uploads/2025/05/Chargeur-IPhone-14-Pro-Max-Original--300x300.jpg,,,Neuf,Dakar,,
Airpod Wreless Pro7,Téléphones & Accessoires,8000,10000,,5,"Les **AirPods Wireless Pro7** sont des écouteurs sans fil haut de gamme qui offrent une expérience audio immersive et de qualité professionnelle. Dotés de la technologie Bluetooth de dernière génération, ils garantissent une connexion rapide et stable avec tous vos appareils compatibles. Grâce à leur design ergonomique et leurs embouts ajustables, ils assurent un confort optimal même lors d’une utilisation prolongée. Les AirPods Pro7 intègrent également une réduction active du bruit pour vous isoler des distractions extérieures, tout en offrant un mode Transparence pour rester connecté à votre environnement. Avec une autonomie prolongée et un boîtier de recharge compact, ils sont parfaits pour une utilisation quotidienne, que ce soit pour les appels, la musique ou les activités sportives.",https://www.soumari.com/wp-content/uploads/2025/05/Airpod-Wreless-Pro7-300x300.jpg,,,Neuf,Dakar,,
AirPod Wireless X7,Téléphones & Accessoires,8000,10000,,5,"L’ **AirPod Wireless X7** est une paire d’écouteurs sans fil de dernière génération, conçue pour offrir une expérience audio immersive et haut de gamme. Doté de la technologie Bluetooth avancée, il garantit une connexion stable et rapide avec une faible latence. Grâce à ses haut-parleurs dynamiques optimisés, le X7 délivre un son clair, équilibré, avec des basses profondes et puissantes. Son design ergonomique assure un confort optimal même lors d’une utilisation prolongée, tandis que sa batterie longue durée permet plusieurs heures d’écoute continue. Avec son boîtier de recharge compact et élégant, l’AirPod Wireless X7 s’impose comme le compagnon idéal pour les amateurs de musique en déplacement.",https://www.soumari.com/wp-content/uploads/2025/05/AirPod-Wireless-X7-300x300.jpg,,,Neuf,Dakar,,
Écouteur Bluetooth X28,Téléphones & Accessoires,7500,9400,,5,"Les écouteurs Bluetooth X28 offrent une expérience sonore sans fil de haute qualité, idéale pour les amateurs de musique et les utilisateurs en déplacement. Dotés d’un design ergonomique et léger, ils s’adaptent parfaitement à l’oreille pour un confort optimal même lors d’une utilisation prolongée. Grâce à la technologie Bluetooth avancée, ils assurent une connexion stable et rapide avec tous vos appareils compatibles. Le modèle X28 propose une excellente autonomie, une qualité audio claire avec des basses profondes, ainsi qu’un micro intégré pour des appels mains libres fluides. Parfait pour le sport, les déplacements ou un usage quotidien.",https://www.soumari.com/wp-content/uploads/2025/05/Ecouteur-Bluetooth-X28-300x300.jpg,,,Neuf,Dakar,,
Écouteur Bluetooth Q18,Téléphones & Accessoires,12000,14200,,5,"Les écouteurs Bluetooth Q18 allient design moderne, confort et performance sonore pour une expérience audio sans fil de haute qualité. Grâce à leur technologie Bluetooth avancée, ils offrent une connexion stable et rapide avec vos appareils, permettant une écoute fluide de la musique et des appels clairs. Leur autonomie prolongée garantit plusieurs heures d’utilisation continue, idéale pour les déplacements, le sport ou le travail. Ergonomiques et légers, les Q18 s’adaptent parfaitement à vos oreilles pour un port agréable tout au long de la journée. Avec leur son clair, leurs basses puissantes et leur micro intégré, ils sont parfaits pour un usage quotidien.",https://www.soumari.com/wp-content/uploads/2025/05/Ecouteur-Bluetooth-Q18--300x300.jpg,,,Neuf,Dakar,,
Écouteur Bluetooth Q13,Téléphones & Accessoires,7500,9400,,5,"Les écouteurs Bluetooth Q13 offrent une expérience audio sans fil de haute qualité, alliant performance, confort et design moderne. Dotés de la technologie Bluetooth 5.1, ils garantissent une connexion rapide et stable avec une portée étendue. Leur qualité sonore claire et les basses profondes assurent une immersion totale, que ce soit pour la musique, les appels ou les jeux. Conçus pour s’adapter parfaitement à l’oreille, ils sont légers, discrets et ergonomiques, idéals pour une utilisation quotidienne ou sportive. Avec une autonomie longue durée et un boîtier de recharge compact, les écouteurs Q13 sont le compagnon parfait pour rester connecté partout, à tout moment.",https://www.soumari.com/wp-content/uploads/2025/05/Ecouteur-Bluetooth-Q13-300x300.jpg,,,Neuf,Dakar,,
Écouteur Bluetooth X93,Téléphones & Accessoires,6500,8100,,5,"Les Écouteurs Bluetooth X93 allient performance et élégance pour une expérience audio sans fil exceptionnelle. Dotés de la technologie Bluetooth de dernière génération, ils offrent une connexion stable et rapide à vos appareils, avec une portée étendue et une latence réduite. Leur design ergonomique assure un confort optimal, même lors d’une utilisation prolongée, tandis que leur autonomie longue durée vous permet de profiter de votre musique, de vos appels ou de vos podcasts toute la journée. Grâce à un son clair, des basses puissantes et une commande tactile intuitive, les X93 sont le compagnon idéal pour les amateurs de mobilité et de qualité sonore.",https://www.soumari.com/wp-content/uploads/2025/05/Ecouteur-Bluetooth-X93-300x300.jpg,,,Neuf,Dakar,,
Airpod Oraimo Pro 7s,Téléphones & Accessoires,6000,7500,,5,"Les **AirPods Oraimo Pro 7s** sont des écouteurs sans fil haut de gamme conçus pour offrir une expérience audio immersive et confortable. Dotés de la technologie de réduction de bruit active (ANC), ils permettent d’isoler efficacement les bruits ambiants pour une écoute claire et intense. Grâce à leur autonomie longue durée et leur boîtier de charge rapide, ils sont parfaits pour une utilisation prolongée au quotidien. Leur design ergonomique assure un excellent maintien dans les oreilles, tandis que la connectivité Bluetooth 5.2 garantit une liaison stable et rapide avec tous les appareils compatibles. Les Oraimo Pro 7s allient performance, élégance et confort pour répondre aux besoins des utilisateurs les plus exigeants.",https://www.soumari.com/wp-content/uploads/2025/05/Airpod-Oraimo-Pro-7s_11zon-1-300x300.webp,,,Neuf,Dakar,,
Coque IPhone FA3,Téléphones & Accessoires,2000,2500,,5,"La coque iPhone FA3 est un accessoire élégant et pratique conçu pour offrir une protection optimale à votre iPhone contre les chocs, les rayures et les chutes. Fabriquée à partir de matériaux de qualité, elle allie robustesse et légèreté, assurant ainsi une prise en main confortable et une protection durable. Avec un design moderne et un ajustement précis, cette coque ne compromet pas l’accès aux boutons, aux ports et aux fonctionnalités de l’appareil, tout en ajoutant une touche de style. Son fini soigné et ses bords renforcés garantissent une protection contre les impacts tout en maintenant la finesse de votre iPhone.",https://www.soumari.com/wp-content/uploads/2025/03/Coque-IPhone-FA3-300x300.jpg,,,Neuf,Dakar,,
Coque IPhone TA2,Téléphones & Accessoires,2000,2500,,5,"La coque iPhone TA2 est une coque de protection élégante et fonctionnelle conçue pour offrir une protection optimale à votre iPhone tout en conservant son design sleek. Fabriquée avec des matériaux de qualité, elle protège efficacement contre les chocs, les rayures et les impacts, tout en permettant un accès facile à tous les ports, boutons et fonctionnalités de l’appareil. Son design mince et léger n’ajoute pas de volume à votre téléphone, tout en offrant une prise en main confortable. Avec ses finitions soignées, la coque iPhone TA2 allie sécurité et esthétisme, en garantissant que votre iPhone reste en parfait état au quotidien.",https://www.soumari.com/wp-content/uploads/2025/03/Coque-iPhone-TA2-300x300.jpg,,,Neuf,Dakar,,
Chargeur IPhone C25,Téléphones & Accessoires,2500,3100,,5,"Le chargeur iPhone 25W est un adaptateur secteur USB-C conçu pour fournir une charge rapide et efficace à vos appareils Apple. Associé à un câble USB-C vers Lightning de 3 mètres, il permet une flexibilité accrue lors de la recharge. Ce chargeur est capable de recharger un iPhone 14, 13, 12 ou 11 de 0 % à 50 % en seulement 30 minutes, surpassant ainsi les performances des chargeurs traditionnels de 5W. Fabriqué avec des matériaux de haute qualité tels que le TPE et le PVC ignifuge, il assure une durabilité et une sécurité optimales. De plus, il est compatible avec une large gamme d’appareils Apple, garantissant une polyvalence d’utilisation.",https://www.soumari.com/wp-content/uploads/2025/03/Chargeur-IPhone-C25-300x300.jpg,,,Neuf,Dakar,,
Chargeur TD-T60,Téléphones & Accessoires,2000,2500,,5,"Le **Chargeur TD-T60** est un dispositif de charge polyvalent, conçu pour répondre à diverses applications industrielles et électroniques. Parmi ses caractéristiques principales, il offre une puissance de sortie maximale de 60 kW, avec une tension d’entrée variant entre 323 et 480 V AC, typiquement à 380 V. La tension de sortie s’étend de 150 à 1000 V DC, permettant une flexibilité pour différentes utilisations. Fonctionnant à une fréquence de 45-55 Hz, il peut délivrer un courant maximal de 200 A. Avec une efficacité égale ou supérieure à 94 %, il assure une performance énergétique optimale. De plus, il est équipé d’une communication 4G et d’un écran LCD de 7 pouces pour une interface utilisateur conviviale.",https://www.soumari.com/wp-content/uploads/2025/03/Chargeur-TD-T60-300x300.jpg,,,Neuf,Dakar,,
Chargeur TD-T61,Téléphones & Accessoires,2000,2500,,5,"Le chargeur **TD-T61** est un adaptateur secteur conçu pour recharger efficacement les radios bidirectionnelles Midland des séries X-TALKER (T51, T55, T61, T65, T71 et T75). Il offre une alimentation stable, un cordon de 3 pieds pour plus de flexibilité et est compatible avec les stations de charge doubles, permettant de recharger deux radios simultanément. Idéal pour assurer une communication continue dans les environnements professionnels et personnels.",https://www.soumari.com/wp-content/uploads/2025/03/Chargeur-TD-T61-300x300.jpg,,,Neuf,Dakar,,
Chargeur S6,Téléphones & Accessoires,2500,3100,,5,"Le chargeur S6 est un dispositif de charge intelligent conçu pour offrir une performance optimale et sécurisée lors du chargement de divers appareils. Compact et facile à utiliser, il est capable de charger rapidement et efficacement des appareils électroniques tels que les smartphones, tablettes, et autres dispositifs compatibles. Grâce à ses multiples ports de charge, il permet de charger plusieurs appareils simultanément tout en offrant une protection contre les surcharges, les courts-circuits et les températures élevées. Ce chargeur est particulièrement apprécié pour sa fiabilité, sa sécurité, et sa capacité à maintenir un flux de charge stable, garantissant ainsi une expérience de charge rapide et fiable.",https://www.soumari.com/wp-content/uploads/2025/03/Chargeur-S6-300x300.jpg,,,Neuf,Dakar,,
Chargeur S100,Téléphones & Accessoires,2000,2500,,5,"Le chargeur S100 est un dispositif compact et performant conçu pour offrir une recharge rapide et efficace des batteries. Doté de plusieurs fonctions de sécurité, il protège contre les surtensions, les courts-circuits et les inversions de polarité, garantissant une recharge sans risque pour les batteries. Il est compatible avec une large gamme de batteries, offrant une performance optimale pour les batteries plomb-acide, gel et AGM. Facile à utiliser, le chargeur S100 dispose d’un indicateur LED qui permet de suivre l’état de la charge en temps réel. Idéal pour une utilisation domestique ou dans des environnements professionnels, il assure une recharge fiable et durable des batteries.",https://www.soumari.com/wp-content/uploads/2025/03/Sans-titre-1-Recupere-300x300.jpg,,,Neuf,Dakar,,
Chargeur De Téléphone Pour Voiture,Téléphones & Accessoires,2000,2500,,5,"Le chargeur de téléphone pour voiture est un accessoire pratique qui permet de recharger votre téléphone mobile pendant vos trajets. Il se branche directement sur l’allume-cigare ou la prise 12V de votre véhicule et offre généralement un port USB ou plusieurs ports pour charger simultanément plusieurs appareils. Compact et léger, il est conçu pour être facilement transporté et utilisé dans n’importe quel type de véhicule. Ce chargeur assure une recharge rapide et sécurisée, protégeant votre téléphone contre les surcharges, les courts-circuits et les surtensions. Idéal pour les longs trajets, il permet de maintenir votre appareil chargé et prêt à l’emploi, que ce soit pour la navigation, les appels ou l’écoute de musique.",https://www.soumari.com/wp-content/uploads/2025/03/Chargeur-De-Telephone-Pour-Voiture-300x300.jpg,,,Neuf,Dakar,,
Casque Pour Enfant stn-28,Téléphones & Accessoires,6000,7500,,5,"Le casque pour enfant STN-28 est conçu pour offrir une protection optimale tout en assurant un confort supérieur. Fabriqué avec des matériaux légers et résistants, il est équipé d’une coque extérieure solide pour protéger la tête des chocs et d’un intérieur rembourré pour absorber les impacts. Son design ergonomique permet un ajustement facile, avec des sangles ajustables pour s’adapter à la taille de l’enfant. Ce casque est idéal pour les activités comme le vélo, la trottinette ou la planche à roulettes, offrant ainsi sécurité et style aux jeunes aventuriers. De plus, il présente des ventilations pour une meilleure aération et éviter la transpiration.",https://www.soumari.com/wp-content/uploads/2025/03/Casque-Pour-Enfant-stn-28-4-300x300.jpg,,,Neuf,Dakar,,
Airpod B22,Téléphones & Accessoires,6500,8100,,5,"Les **AirPods B22** sont des écouteurs sans fil compacts et élégants, offrant une qualité sonore nette et immersive. Ils se connectent facilement à vos appareils via Bluetooth, vous permettant de profiter de votre musique ou de prendre des appels sans l’encombrement de câbles. Leur design ergonomique assure un confort optimal, même pendant de longues sessions d’écoute. Avec une autonomie de plusieurs heures, ils sont parfaits pour une utilisation quotidienne, que ce soit pour écouter de la musique, répondre à des appels ou suivre des podcasts. Leur boîtier de charge portable vous permet de recharger les écouteurs rapidement et facilement où que vous soyez.",https://www.soumari.com/wp-content/uploads/2025/03/Airpod-B22-1-1-300x300.jpg,,,Neuf,Dakar,,
Airpod M35,Téléphones & Accessoires,6500,8100,,5,"Les **écouteurs sans fil M35 TWS** offrent une expérience audio de haute qualité avec des fonctionnalités modernes. Ils sont équipés de la technologie Bluetooth 5.2, assurant une connexion stable et rapide avec une portée de plus de 10 mètres. Leur design ergonomique et léger garantit un confort optimal lors d’une utilisation prolongée. Les commandes tactiles intuitives permettent de gérer facilement la musique, les appels et le volume. Avec une autonomie d’environ 6 heures en lecture musicale et un boîtier de charge de 2000 mAh, ils offrent une utilisation prolongée sans souci. De plus, leur certification IPX6 les rend résistants à l’eau, adaptés aux activités sportives ou aux conditions météorologiques défavorables.",https://www.soumari.com/wp-content/uploads/2025/03/Airpod-M35-2-1-300x300.jpg,,,Neuf,Dakar,,
Airpod A6,Téléphones & Accessoires,6500,8100,,5,"Les **Airpods A6** sont des écouteurs sans fil de la marque Suntex, offrant une expérience audio de haute qualité. Ils disposent d’une connectivité Bluetooth 5.3, garantissant une connexion stable et une faible latence. Leur conception ergonomique assure un port confortable, idéal pour une utilisation quotidienne. Ils sont résistants à l’eau avec une certification IPX4, les rendant adaptés aux activités sportives. L’étui de chargement MagSafe est doté d’un port USB-C et d’un haut-parleur intégré, offrant jusqu’à 30 heures d’autonomie totale. Chaque écouteur offre jusqu’à 6 heures d’écoute sur une seule charge. Les Airpods A6 sont également équipés de microphones intégrés pour des appels clairs et une fonction de réduction active du bruit pour une expérience d’écoute immersive.",https://www.soumari.com/wp-content/uploads/2025/03/Airpod-A6-1-1-300x300.jpg,,,Neuf,Dakar,,
AirPod Pro 13,Téléphones & Accessoires,7000,8800,,5,"Les **AirPods Pro 13** sont des écouteurs sans fil haut de gamme, offrant une expérience audio immersive avec des technologies avancées telles que la réduction active du bruit (ANC) et un mode transparence. Leur design intra-auriculaire assure un ajustement confortable et sécurisé, tandis que les embouts en silicone disponibles en différentes tailles garantissent une isolation phonique optimale. Grâce à leur connectivité Bluetooth 5.0, les AirPods Pro 13 assurent une connexion stable et rapide avec vos appareils. Avec une autonomie de plusieurs heures, ils sont équipés d’un boîtier de charge sans fil, offrant une recharge rapide pour un usage prolongé. Leur qualité sonore est exceptionnelle, avec des basses profondes et des aigus cristallins, idéals pour une écoute musicale ou pour passer des appels avec une clarté parfaite.",https://www.soumari.com/wp-content/uploads/2025/03/AirPod-Pro-13-300x300.jpg,,,Neuf,Dakar,,
Microphone SOLOCAST,Électronique & Hi-Fi,24500,28900,,5,"Le SOLOCAST est un microphone USB compact conçu pour les créateurs de contenu, les gamers et les utilisateurs qui recherchent une solution simple pour améliorer la qualité de leurs communications audio. Il se connecte facilement à un ordinateur et convient particulièrement au streaming, aux podcasts, aux réunions en ligne, aux appels vocaux et au gaming. Son format compact permet de l’installer facilement sur un bureau.",https://www.soumari.com/wp-content/uploads/2026/08/Microphone-SOLOCAST-1-300x300.jpg,,,Neuf,Dakar,,
Microphone MU-900,Électronique & Hi-Fi,15800,18600,,5,"Le MU-900 est un microphone conçu pour capturer la voix avec une restitution claire et adaptée à différents usages. Il peut être utilisé pour les enregistrements audio, le streaming, les podcasts, le karaoké, les jeux vidéo et les appels vocaux. Grâce à son format pratique, il convient aussi bien aux utilisateurs particuliers qu’aux créateurs de contenu et aux amateurs de musique.",https://www.soumari.com/wp-content/uploads/2026/08/Microphone-MU-900-1-300x300.jpg,,,Neuf,Dakar,,
SPEAKER S2,Électronique & Hi-Fi,6900,8600,,5,"Le Speaker S2 est une enceinte audio polyvalente destinée à offrir une expérience sonore agréable au quotidien. Son format pratique permet de l’utiliser facilement dans différents environnements. Il convient notamment pour écouter de la musique, regarder des vidéos, écouter des podcasts ou profiter de contenus multimédias. Son design compact facilite son installation et son utilisation.",https://www.soumari.com/wp-content/uploads/2026/08/SPEAKER-S2-1-300x300.jpg,,,Neuf,Dakar,,
Baffle Ordinateur A11,Électronique & Hi-Fi,6100,7600,,5,"Le Baffle Ordinateur A11 est une enceinte audio pratique destinée à accompagner votre ordinateur et vos appareils multimédias. Il permet de profiter d’un rendu sonore plus agréable pour la musique, les films, les vidéos et les jeux vidéo. Son format compact permet de l’installer facilement sur un bureau, à la maison, au bureau ou dans un espace d’étude.",https://www.soumari.com/wp-content/uploads/2026/08/Baffle-Ordinateur-A11-300x300.jpg,,,Neuf,Dakar,,
Baffle Ordinateur T90,Électronique & Hi-Fi,4700,5900,,5,"Le Baffle Ordinateur T90 est une enceinte audio conçue pour accompagner les ordinateurs et autres appareils multimédias. Il permet d’obtenir un son plus agréable pour la musique, les vidéos, les films et les jeux. Grâce à son format adapté à un bureau, il s’intègre facilement dans un espace de travail ou de divertissement. Il convient aussi bien à une utilisation à domicile qu’au bureau ou pour les études.",https://www.soumari.com/wp-content/uploads/2026/08/Baffle-Ordinateur-T90--300x300.jpg,,,Neuf,Dakar,,
Baffle Ordinateur T01,Électronique & Hi-Fi,6300,7900,,5,"Le Baffle Ordinateur T01 est une enceinte audio compacte destinée à accompagner votre ordinateur et vos appareils multimédias. Il permet de profiter d’un son plus agréable pour la musique, les films, les vidéos et les jeux vidéo. Son format pratique permet de l’installer facilement sur un bureau sans occuper beaucoup d’espace. Il convient aussi bien à une utilisation à la maison qu’au bureau ou pour les études.",https://www.soumari.com/wp-content/uploads/2026/08/Baffle-Ordinateur-T01-2-300x300.jpg,,,Neuf,Dakar,,
Micro casque UKC sans fil WL-183,Électronique & Hi-Fi,12000,14200,,5,"Le Micro Casque UKC Sans Fil WL-183 est un système audio sans fil conçu pour offrir une qualité sonore claire, une grande mobilité et un confort d’utilisation optimal. Équipé de la technologie UHF sans fil, il assure une transmission stable avec moins d’interférences, idéale pour les conférences, présentations, enseignements, animations, lieux de culte et événements.",https://www.soumari.com/wp-content/uploads/2026/05/Micro-casque-UKC-sans-fil-WL-183-_11zon-300x300.webp,,,Neuf,Dakar,,
Amplificateur UKC CS-6000,Électronique & Hi-Fi,115000,128800,,5,"Le UKC CS-6000 est un amplificateur de puissance professionnel conçu pour offrir une qualité sonore claire, puissante et stable, parfaitement adaptée aux DJ, concerts, lieux de culte, salles de fête et installations fixes.",https://www.soumari.com/wp-content/uploads/2026/05/Amplificateur-UKC-CS-6000-_11zon-300x300.webp,,,Neuf,Dakar,,
Amplificateur UKC CS-10000,Électronique & Hi-Fi,135000,151200,,5,"Le UKC CS-10000 est un amplificateur de puissance professionnel conçu pour offrir une qualité sonore puissante, claire et stable, parfaitement adaptée aux installations audio professionnelles, concerts, lieux de culte, salles de fête et systèmes DJ.",https://www.soumari.com/wp-content/uploads/2026/05/Amplificateur-UKC-CS-10000-_11zon-300x300.webp,,,Neuf,Dakar,,
Amplificateur UKC CS-8000,Électronique & Hi-Fi,125000,140000,,5,"Le UKC CS-8000 est un amplificateur de puissance professionnel conçu pour offrir un son clair, puissant et stable, idéal pour les installations audio professionnelles, événements, salles de fête, lieux de culte et systèmes DJ. Grâce à sa haute puissance de sortie, il permet d’alimenter efficacement plusieurs enceintes avec une excellente restitution sonore, des basses profondes et une faible distorsion.",https://www.soumari.com/wp-content/uploads/2026/05/Amplificateur-UKC-CS-8000_11zon-300x300.webp,,,Neuf,Dakar,,
Amplificateur MA8800 J PRO,Électronique & Hi-Fi,120000,134400,,5,"Le MA8800 J PRO est un amplificateur de puissance professionnel conçu pour répondre aux besoins des installations audio exigeantes : événements, concerts, lieux de culte, salles de conférence, DJ et sonorisation professionnelle.",https://www.soumari.com/wp-content/uploads/2026/05/Amplificateur-MA8800-J-PRO_11zon-300x300.webp,,,Neuf,Dakar,,
Amplificateur MA8600 J PRO,Électronique & Hi-Fi,115000,128800,,5,"Le MA8600 J PRO est un amplificateur de puissance professionnel conçu pour offrir un son puissant, clair et stable pour les installations audio professionnelles, événements, concerts, salles de réunion, lieux de culte et systèmes DJ.",https://www.soumari.com/wp-content/uploads/2026/05/Amplificateur-MA8600-J-PRO_11zon-300x300.webp,,,Neuf,Dakar,,
SPEAKER UKC T8 PRO,Électronique & Hi-Fi,120000,134400,,5,"Le UKC T8 Pro est une enceinte Bluetooth portable conçue pour offrir un son puissant, une excellente autonomie et une utilisation polyvalente à la maison, en extérieur ou lors de vos événements. Grâce à sa connexion Bluetooth, connectez facilement votre smartphone, tablette ou ordinateur pour écouter votre musique sans fil.",https://www.soumari.com/wp-content/uploads/2026/05/SPEAKER-UKC-T8-PRO_11zon-300x300.webp,,,Neuf,Dakar,,
Mini chaine Sony blanc SRSULT50,Électronique & Hi-Fi,192000,215000,,5,"La Sony SRS-ULT50 est une mini chaîne audio moderne conçue pour offrir un son puissant et immersif dans un format compact. Grâce à la technologie audio avancée de Sony, elle délivre des basses profondes et dynamiques, idéales pour profiter pleinement de votre musique préférée.",https://www.soumari.com/wp-content/uploads/2026/04/Mini-chaine-Sony-blanc-SRSULT50_11zon-300x300.webp,,,Neuf,Dakar,,
Mini chaine Sony blanc SRSULT30,Électronique & Hi-Fi,115000,128800,,5,"La Sony SRS-ULT30 est une mini chaîne audio compacte et performante conçue pour offrir une qualité sonore exceptionnelle dans un format élégant et moderne. Idéale pour une utilisation à domicile ou en déplacement, elle combine puissance, clarté et praticité.",https://www.soumari.com/wp-content/uploads/2026/04/Mini-chaine-Sony-blanc-SRSULT30._11zon-300x300.webp,,,Neuf,Dakar,,
Haut parleur roch Rs-PK6030,Électronique & Hi-Fi,33000,38900,,5,"e Haut-parleur Roch RS-PK6030 est conçu pour offrir une expérience audio dynamique et immersive. Parfait pour les soirées, événements, animations ou pour un usage à domicile, il garantit un son clair avec des basses puissantes. Grâce à sa forte puissance sonore, il assure une excellente diffusion du son dans les grands espaces. Sa connectivité moderne permet de lire facilement votre musique via Bluetooth, USB ou AUX (selon version).",https://www.soumari.com/wp-content/uploads/2026/03/Haut-parleur-roch-Rs-PK6030-300x300.webp,,,Neuf,Dakar,,
Haut parleur roch RS-903,Électronique & Hi-Fi,33000,38900,,5,"Le Haut-parleur Roch RS-903 est conçu pour offrir une qualité sonore puissante et immersive. Idéal pour les soirées, événements, animations ou usage domestique, il garantit des basses profondes et un son clair. Grâce à sa puissance élevée, il assure une diffusion sonore optimale dans les grands espaces. Son design moderne et robuste le rend à la fois élégant et résistant pour une utilisation régulière",https://www.soumari.com/wp-content/uploads/2026/03/Haut-parleur-roch-RS-903-300x300.webp,,,Neuf,Dakar,,
Pack sonorisation,Électronique & Hi-Fi,103750,116200,,5,"Découvrez notre sélection de Packs de sonorisation , conçus pour vous offrir une solution audio prête à l’emploi pour tous vos besoins : événements, animations, réunions, cultes, écoles, restaurants ou usages personnels. Nos packs sont pensés pour garantir un son clair, puissant et équilibré, tout en restant simples à installer et à utiliser. **Commandez par Téléphone au 76 552 75 67** _**Livraison Gratuite !**_",https://www.soumari.com/wp-content/uploads/2026/02/Pack-sonorisation-1-300x300.jpg,,,Neuf,Dakar,,
Pack sonorisation professionnel,Électronique & Hi-Fi,147000,164600,,5,"Découvrez notre sélection de Packs de sonorisation professionnels, spécialement conçus pour offrir un son clair, puissant et équilibré lors de vos événements, réunions, spectacles et animations. Nos packs sont idéals pour les DJ, églises, salles de conférence, écoles, restaurants, hôtels, organisateurs d’événements et entreprises. **Commandez par Téléphone au 76 552 75 67** _**Livraison Gratuite !**_",https://www.soumari.com/wp-content/uploads/2026/02/Pack-sonorisation-professionnel-1-300x300.jpg,,,Neuf,Dakar,,
Mini Chaîne Hisense 300W HP110,Électronique & Hi-Fi,150000,168000,,5,"La mini chaîne Hisense 300W HP110 est conçue pour offrir une expérience sonore puissante et immersive. Avec une puissance de 300 watts, elle délivre un son clair, équilibré et des basses profondes, idéales pour écouter de la musique, regarder des films ou animer des fêtes. Grâce à sa connectivité polyvalente, cette mini chaîne permet de lire facilement votre musique depuis plusieurs sources. Son design moderne et élégant s’intègre parfaitement dans votre salon, chambre ou espace événementiel.",https://www.soumari.com/wp-content/uploads/2026/01/Mini-chaine-Hisense-300W-HP110-300x300.webp,,,Neuf,Dakar,,
Mini chaine Sony SRSULT70,Électronique & Hi-Fi,237600,256600,,5,"La Mini Chaîne Sony SRS-ULT70 est une enceinte Bluetooth portable conçue pour offrir un son puissant et immersif, avec des basses profondes grâce à la technologie ULT POWER SOUND. Compacte mais performante, elle est parfaite pour animer vos soirées, écouter de la musique à la maison ou en extérieur. Grâce à sa connectivité Bluetooth stable, la Sony SRS-ULT70 se connecte facilement à vos smartphones, tablettes et ordinateurs. Son design robuste et moderne garantit une excellente durabilité, tandis que sa batterie longue durée vous permet de profiter de votre musique pendant des heures sans interruption.",https://www.soumari.com/wp-content/uploads/2026/01/Mini-chaine-Sony-SRSULT70-300x300.webp,,,Neuf,Dakar,,
Mini Chaîne Sony Noir SRS-ULT1000,Électronique & Hi-Fi,730000,788400,,5,"La Mini Chaîne Sony SRS-ULT1000 en coloris noir est conçue pour les amateurs de musique qui recherchent un son puissant, clair et immersif, avec des basses renforcées. Grâce à la technologie ULT POWER SOUND, cette enceinte offre une expérience audio intense, idéale pour les soirées, événements et moments festifs.",https://www.soumari.com/wp-content/uploads/2026/01/Mini-Chaine-Sony-Noir-SRS-ULT1000-300x300.jpg,,,Neuf,Dakar,,
Mini Chaîne Sony SRS-XV9000,Électronique & Hi-Fi,450000,486000,,5,"La Mini Chaîne Sony SRS-XV9000 est une enceinte Bluetooth haut de gamme conçue pour transformer chaque moment en véritable événement sonore. Grâce à sa technologie de diffusion sonore à 360°, elle remplit efficacement de grands espaces avec un son clair, équilibré et des basses profondes et puissantes.",https://www.soumari.com/wp-content/uploads/2026/01/Mini-Chaine-Sony-SRS-XV9000-300x300.jpg,,,Neuf,Dakar,,
Mini Chaîne Sony SRS-XV800,Électronique & Hi-Fi,371800,401500,,5,"La Sony SRS-XV800 est une enceinte Bluetooth haut de gamme conçue pour offrir un son puissant à 360°, idéal pour les fêtes, événements, soirées et animations. Grâce à sa technologie audio avancée, elle délivre des basses profondes, des aigus clairs et un volume impressionnant sans distorsion.",https://www.soumari.com/wp-content/uploads/2026/01/Mini-Chaine-Sony-SRS-XV800-300x300.webp,,,Neuf,Dakar,,
Mini chaîne Sony blanc et noir SRS-ULT10,Électronique & Hi-Fi,72500,81200,,5,"La Mini chaîne Sony blanc et noir SRS-ULT10 est conçue pour offrir une expérience audio immersive dans un format compact et moderne. Grâce au savoir-faire audio de Sony, elle délivre un son clair, équilibré et puissant, parfait pour écouter de la musique, regarder des films ou animer vos moments de détente. Son design bicolore blanc et noir apporte une touche élégante qui s’intègre facilement dans tous les intérieurs. Facile à utiliser, la Mini chaîne Sony SRS-ULT10 permet de connecter rapidement vos appareils compatibles pour profiter de votre musique préférée où que vous soyez.",https://www.soumari.com/wp-content/uploads/2026/01/Mini-chaine-Sony-blanc-et-noir-SRS-ULT10-300x300.webp,,,Neuf,Dakar,,
Mini chaîne Hisense Thunder 620W,Électronique & Hi-Fi,200000,216000,,5,"La Mini chaîne Hisense Thunder 620W est conçue pour les amateurs de musique à la recherche de puissance et de qualité sonore. Avec une puissance de sortie de 620 watts, elle délivre un son clair, des basses profondes et une excellente immersion audio, parfaite pour les fêtes, événements ou l’écoute quotidienne. Son design moderne et robuste s’intègre facilement dans tout type d’intérieur. Polyvalente, la mini chaîne Hisense Thunder permet de lire différents supports audio et de connecter vos appareils pour profiter pleinement de votre musique préférée.",https://www.soumari.com/wp-content/uploads/2026/01/Mini-chaine-Hisense-Thunder-620W-W-300x300.webp,,,Neuf,Dakar,,
Micro cravate G5,Électronique & Hi-Fi,27000,31900,,5,"Le micro cravate G5 est la solution parfaite pour ceux qui recherchent une qualité sonore professionnelle dans un format compact et pratique. Conçu pour les créateurs de contenu, journalistes, enseignants ou conférenciers, il garantit une capture vocale claire et précise, sans bruit de fond.Grâce à sa connexion sans fil stable, le G5 offre une liberté de mouvement totale lors de vos enregistrements ou présentations. Son design discret se fixe facilement sur les vêtements, rendant vos vidéos plus naturelles et esthétiques.",https://www.soumari.com/wp-content/uploads/2025/11/Micro-cravate-G5-300x300.webp,,,Neuf,Dakar,,
MINI CHAINE HISENSE MINI HIFI 1000W HA350 2.0,Électronique & Hi-Fi,61500,68900,,5,"La mini-chaîne Hisense HA350 2.0 est un système audio compact et puissant, parfait pour animer vos espaces de vie. Dotée d’une puissance de 100 W, elle garantit un son clair et dynamique, idéal pour écouter vos morceaux préférés ou vos émissions de radio grâce à son tuner FM intégré. Cette mini-chaîne est équipée de la connectivité Bluetooth, vous permettant de diffuser facilement de la musique depuis votre smartphone, tablette ou tout autre appareil compatible, sans câbles encombrants. Hisense HA350 est un système de mini chaine  polyvalente et abordable pour les amateurs de musique qui recherchent une expérience sonore immersive. C’est un excellent choix pour profiter d’un son de qualité, que ce soit à la maison ou lors de petites fêtes.",https://www.soumari.com/wp-content/uploads/2025/10/MINI-CHAINE-HISENSE-MINI-HIFI-1000W-HA350-2.0-___-300x300.jpg,,,Neuf,Dakar,,
MINI CHAINE LG CL98 WATT,Électronique & Hi-Fi,341700,369000,,5,"Plongez dans une expérience sonore intense avec la Mini Chaîne LG CL98, un véritable concentré de puissance audio de 3500 Watts pensé pour les passionnés de musique et les rois de la fête. Grâce à son caisson de basse X-Shiny et sa technologie de compression des basses, chaque battement est ressenti en profondeur, transformant votre salon en véritable piste de danse.",https://www.soumari.com/wp-content/uploads/2025/10/MINI-CHAINE-LG-CL98-WATT--300x300.jpg,,,Neuf,Dakar,,
BAR DE SON HISENSE 1400W HS1800 2.1,Électronique & Hi-Fi,66000,73900,,5,"Cette barre de son Hisense offre une qualité sonore impressionnante grâce à son système 2.1 canaux et son caisson de basses sans fil. Avec 140 watts de puissance et une connectivité Bluetooth, elle améliore votre expérience audio pour les films, la musique et plus encore. Améliorez votre système de divertissement à domicile avec cette toute nouvelle barre de son.",https://www.soumari.com/wp-content/uploads/2025/10/BAR-DE-SON-HISENSE-1400W-HS1800-2.1-300x300.jpg,,,Neuf,Dakar,,
Haut Parleur Jerry WM5,Électronique & Hi-Fi,49000,57800,,5,"Le **Haut-Parleur Jerry WM5** est un dispositif audio portable conçu pour offrir une expérience sonore puissante et claire. Avec une conception compacte et élégante, il est idéal pour une utilisation à la maison, en extérieur ou lors de rassemblements. Il intègre une batterie rechargeable offrant plusieurs heures d’autonomie, permettant d’écouter de la musique sans interruption. Facile à connecter via Bluetooth, il supporte également d’autres modes de lecture pour plus de flexibilité. Sa robustesse et sa qualité sonore font du Jerry WM5 un compagnon fiable pour tous vos moments musicaux.",https://www.soumari.com/wp-content/uploads/2025/08/Haut-Parleur-Jerry-WM5-300x300.jpg,,,Neuf,Dakar,,
Haut Parleur Jerry P10,Électronique & Hi-Fi,70000,78400,,5,"Le **Haut-Parleur Jerry P10** est un appareil audio portable alliant puissance et praticité. Il offre un son clair et immersif grâce à sa conception de qualité, avec une puissance adaptée pour animer vos soirées ou profiter de votre musique au quotidien. Compact et léger, il est facile à transporter, et sa batterie intégrée assure une longue autonomie pour des heures d’écoute sans interruption. Compatible avec diverses sources audio, il se connecte facilement via Bluetooth ou câble, offrant ainsi flexibilité et confort d’utilisation. Son design moderne et robuste en fait un compagnon idéal pour la maison, les sorties ou les événements en extérieur.",https://www.soumari.com/wp-content/uploads/2025/08/Haut-Parleur-Jerry-P10--300x300.jpg,,,Neuf,Dakar,,
Haut Parleur Jerry JR-301,Électronique & Hi-Fi,23000,27100,,5,"Le **Haut-Parleur Jerry JR-301** est un appareil moderne et puissant, conçu pour offrir une expérience sonore claire et immersive. Compact et élégant, il combine praticité et performance, idéal aussi bien pour la maison que pour vos déplacements. Grâce à sa connectivité sans fil, il permet une utilisation facile avec différents appareils, tout en garantissant une autonomie satisfaisante pour profiter pleinement de vos musiques, films ou événements. Solide et bien conçu, le Jerry JR-301 s’impose comme un choix parfait pour ceux qui recherchent un haut-parleur fiable, pratique et de qualité.",https://www.soumari.com/wp-content/uploads/2025/08/Haut-Parleur-Jerry-JR-301-300x300.jpg,,,Neuf,Dakar,,
Barre De Son Jerry 009,Électronique & Hi-Fi,28000,33000,,5,"La **Barre de Son Jerry 009** est un équipement audio moderne conçu pour offrir une expérience sonore immersive et puissante. Compacte et élégante, elle s’intègre facilement dans tout type d’intérieur, que ce soit pour un salon ou une chambre. Dotée d’une connectivité sans fil via Bluetooth, elle permet de diffuser facilement votre musique, vos films ou vos jeux depuis un smartphone, une tablette ou un ordinateur. Son design raffiné et ses finitions soignées en font non seulement un appareil performant mais aussi un véritable accessoire déco. Idéale pour améliorer la qualité sonore de votre télévision, elle combine puissance, clarté et simplicité d’utilisation pour un divertissement au quotidien.",https://www.soumari.com/wp-content/uploads/2025/08/Barre-De-Son-Jerry-009-1-300x300.jpg,,,Neuf,Dakar,,
Bar De Son Jerry 008,Électronique & Hi-Fi,35000,41300,,5,"La **Barre de son Jerry 008** est un équipement audio moderne conçu pour offrir une expérience sonore immersive et puissante. Avec son design élégant et compact, elle s’intègre facilement dans tout type d’intérieur, que ce soit pour le salon, la chambre ou le bureau. Elle délivre un son clair et équilibré, idéal pour profiter pleinement de vos films, musiques ou jeux vidéo. Facile à installer et à connecter grâce à ses options de connectivité variées, la Jerry 008 combine performance et simplicité d’utilisation, faisant d’elle un excellent choix pour améliorer la qualité audio de vos divertissements au quotidien.",https://www.soumari.com/wp-content/uploads/2025/08/Bar-De-Son-Jerry-008-300x300.jpg,,,Neuf,Dakar,,
Barre De Son Jerry 007,Électronique & Hi-Fi,24000,28300,,5,"La **Barre de son Jerry 007** est un équipement audio moderne conçu pour offrir une expérience sonore puissante et immersive. Dotée d’un design élégant et compact, elle s’intègre facilement dans tout type d’intérieur, que ce soit pour le salon, la chambre ou le bureau. Sa connectivité Bluetooth permet de diffuser facilement votre musique, vos films ou vos jeux sans fil, tout en garantissant une qualité sonore claire et dynamique. Pratique et polyvalente, la Jerry 007 combine performance et simplicité d’utilisation, idéale pour transformer vos moments de divertissement en une véritable expérience cinéma à domicile.",https://www.soumari.com/wp-content/uploads/2025/08/Barre-De-Son-Jerry-007--300x300.jpg,,,Neuf,Dakar,,
Haut Parleur Jerry K36,Électronique & Hi-Fi,60000,67200,,5,"Le **Haut-Parleur Jerry K36** est un appareil audio puissant et polyvalent, conçu pour offrir une expérience sonore de haute qualité. Doté d’une connectivité Bluetooth, il permet de diffuser facilement vos morceaux préférés depuis un smartphone ou une tablette. Sa batterie intégrée assure une longue autonomie, idéale pour les soirées ou les déplacements, tandis que sa conception compacte et moderne facilite son transport et son installation dans n’importe quel espace. Avec un design élégant et des performances audio claires et puissantes, le Jerry K36 combine praticité et qualité sonore pour tous vos besoins musicaux.",https://www.soumari.com/wp-content/uploads/2025/08/Haut-Parleur-Jerry-K36-2-300x300.jpg,,,Neuf,Dakar,,
Haut Parleur Jerry K5,Électronique & Hi-Fi,52000,58200,,5,"Le **Haut-Parleur Jerry K5** est un appareil audio performant conçu pour offrir un son puissant et clair. Équipé de haut-parleurs de qualité, il permet une restitution optimale des basses et des aigus pour une expérience d’écoute immersive. Compact et élégant, il est facile à transporter et s’intègre parfaitement à tout type d’espace, que ce soit à la maison, en extérieur ou lors d’événements. Grâce à sa connectivité Bluetooth, il se connecte facilement à tous vos appareils compatibles, et sa batterie longue durée assure plusieurs heures d’écoute continue. Le Jerry K5 allie design moderne et performance sonore pour satisfaire aussi bien les amateurs de musique que les utilisateurs recherchant un dispositif pratique et fiable.",https://www.soumari.com/wp-content/uploads/2025/08/Haut-Parleur-Jerry-K5-300x300.jpg,,,Neuf,Dakar,,
Haut Parleur Jerry D7,Électronique & Hi-Fi,55000,61600,,5,"Le **Haut-Parleur Jerry D7** est un appareil audio moderne qui allie puissance et design élégant. Conçu pour offrir un son clair et profond, il dispose de basses renforcées et d’aigus précis pour une expérience d’écoute optimale, que ce soit pour la musique, les films ou les appels. Sa connectivité Bluetooth permet une association rapide et stable avec vos appareils, tandis que sa batterie intégrée assure une autonomie suffisante pour vos moments de divertissement. Compact et facile à transporter, le Jerry D7 est idéal aussi bien pour une utilisation à la maison qu’en déplacement.",https://www.soumari.com/wp-content/uploads/2025/08/Haut-Parleur-Jerry-D7-2-300x300.jpg,,,Neuf,Dakar,,
Haut Parleur Jerry D15,Électronique & Hi-Fi,70000,78400,,5,"Le **Haut-Parleur Jerry D15** est un équipement audio puissant et moderne, conçu pour offrir une qualité sonore claire et des basses profondes. Avec son design robuste et élégant, il s’adapte aussi bien aux soirées en intérieur qu’aux événements en extérieur. Pratique et facile à transporter, il est idéal pour animer vos fêtes, vos présentations ou vos moments de détente musicale. Alliant performance, style et fiabilité, le Jerry D15 est le compagnon parfait pour profiter pleinement de votre musique à tout moment.",https://www.soumari.com/wp-content/uploads/2025/08/Haut-Parleur-Jerry-D15-300x300.jpg,,,Neuf,Dakar,,
Haut Parleur Jerry DH33,Électronique & Hi-Fi,32000,37800,,5,"Le **Haut-Parleur Jerry DH33** est un appareil audio moderne conçu pour offrir un son puissant et clair, idéal pour vos moments de divertissement. Avec son design élégant et robuste, il s’adapte aussi bien à une utilisation intérieure qu’extérieure. Ce haut-parleur combine performance et praticité, en proposant une bonne autonomie et une connectivité simplifiée, vous permettant de profiter de vos musiques préférées sans interruption. Son format ergonomique facilite le transport, tandis que sa qualité sonore assure une expérience d’écoute immersive et agréable.",https://www.soumari.com/wp-content/uploads/2025/08/Haut-Parleur-Jerry-DH33-300x300.jpg,,,Neuf,Dakar,,
Haute parleur Bluetooth SING-E ZQS-V100,Électronique & Hi-Fi,25000,29500,,5,"Le **Haut-Parleur Bluetooth SING-E ZQS-6301** est une enceinte portable moderne, conçue pour offrir un son puissant et clair. Grâce à sa connectivité Bluetooth, il permet de diffuser facilement vos musiques préférées depuis un smartphone, une tablette ou tout autre appareil compatible. Compact et élégant, il est idéal pour une utilisation à la maison, en extérieur ou lors de vos déplacements. Sa batterie rechargeable garantit plusieurs heures d’autonomie, tandis que ses commandes simples assurent une prise en main rapide et pratique. Un choix parfait pour profiter de vos playlists partout avec style et performance.",https://www.soumari.com/wp-content/uploads/2025/08/Haute-parleur-Bluetooth-SING-E-ZQS-V100-300x300.jpg,,,Neuf,Dakar,,
Haute Parleur Bluetooth SING-E ZQS-68210s,Électronique & Hi-Fi,29000,34200,,5,"Le **Haut-parleur Bluetooth SING-E ZQS-6301/ZQS-68210S** est une enceinte moderne et performante, conçue pour offrir un son puissant et clair aussi bien en intérieur qu’en extérieur. Grâce à sa connectivité Bluetooth, il permet de diffuser facilement votre musique depuis un smartphone, une tablette ou tout autre appareil compatible. Compact et élégant, il est pratique à transporter et dispose généralement de fonctionnalités supplémentaires comme l’entrée USB, la carte TF ou encore la radio FM, pour varier les sources d’écoute. Avec sa batterie rechargeable offrant une bonne autonomie, il garantit des heures de divertissement sans interruption. C’est un choix idéal pour animer vos soirées, vos déplacements ou simplement profiter d’une expérience musicale de qualité au quotidien.",https://www.soumari.com/wp-content/uploads/2025/08/Haute-Parleur-Bluetooth-SING-E-ZQS-68210s-300x300.jpg,,,Neuf,Dakar,,
Haute Parleur Bluetooth SING-E ZQS-6301,Électronique & Hi-Fi,25500,30100,,5,"Le **Haut-parleur Bluetooth SING-E ZQS-6301** est une enceinte moderne et performante qui allie puissance et praticité. Grâce à sa connectivité Bluetooth, il permet de diffuser facilement votre musique depuis un smartphone, une tablette ou tout autre appareil compatible. Compact mais puissant, il offre un son clair et dynamique, idéal pour vos soirées, pique-niques ou moments de détente. Son design élégant et portable facilite son transport, tandis que sa batterie rechargeable assure plusieurs heures d’autonomie pour profiter de vos morceaux préférés en toute liberté.",https://www.soumari.com/wp-content/uploads/2025/08/Haute-Parleur-Bluetooth-SING-E-ZQS-6301-300x300.jpg,,,Neuf,Dakar,,
Haute Parleur Bluetooth SING-E JQS-910L,Électronique & Hi-Fi,40000,47200,,5,"Le **haut-parleur Bluetooth SING-E JQS-910L** est un appareil audio portable alliant puissance et praticité. Il offre une connexion Bluetooth stable pour diffuser votre musique sans fil depuis vos smartphones, tablettes ou autres appareils compatibles. Doté d’une puissance sonore claire et immersive, il assure un rendu de qualité pour tous vos morceaux préférés. Sa batterie rechargeable intégrée permet une utilisation prolongée, idéale pour les déplacements ou les fêtes en extérieur. Compact et léger, ce haut-parleur se transporte facilement, tout en offrant un design moderne et élégant qui s’intègre parfaitement à tous les environnements.",https://www.soumari.com/wp-content/uploads/2025/08/Haute-Parleur-Bluetooth-SING-E-JQS-910L-300x300.jpg,,,Neuf,Dakar,,
Haute Parleur Bluetooth SING-E ZQS-8229w,Électronique & Hi-Fi,19500,23000,,5,"Le **Haut-Parleur Bluetooth SING-E ZQS-8229W** est une enceinte portable moderne conçue pour offrir un son puissant et clair, idéale pour vos soirées, événements ou moments de détente. Grâce à sa connectivité Bluetooth, elle vous permet de diffuser facilement votre musique depuis votre smartphone, tablette ou tout autre appareil compatible, sans câbles encombrants. Compacte et élégante, elle combine praticité et performance, avec une autonomie adaptée pour profiter pleinement de vos playlists. Ce modèle est pensé pour allier design, mobilité et qualité sonore, faisant de lui un compagnon parfait pour animer vos journées et vos soirées.",https://www.soumari.com/wp-content/uploads/2025/08/Haute-Parleur-Bluetooth-SING-E-ZQS-8229w-300x300.jpg,,,Neuf,Dakar,,
Haute Parleur Bluetooth SING-E JQS-918,Électronique & Hi-Fi,110000,123200,,5,"Le **Haut-Parleur Bluetooth SING-E JQS-918** est une enceinte moderne et performante, conçue pour offrir un son puissant et clair grâce à sa technologie avancée. Compact et élégant, il se connecte facilement à vos appareils via Bluetooth pour vous permettre d’écouter vos musiques préférées sans fil, où que vous soyez. Sa batterie rechargeable assure une bonne autonomie, idéale pour vos déplacements, vos soirées ou vos moments de détente à la maison. Pratique et polyvalent, le SING-E JQS-918 combine design soigné, simplicité d’utilisation et qualité sonore, pour une expérience audio agréable au quotidien.",https://www.soumari.com/wp-content/uploads/2025/08/Haute-Parleur-Bluetooth-SING-E-JQS-918-2-300x300.jpg,,,Neuf,Dakar,,
Haute Parleur Bluetooth SING-E JQS-912L,Électronique & Hi-Fi,43000,50700,,5,"Le **Haut-Parleur Bluetooth SING-E JQS-912L** est une enceinte moderne et pratique, idéale pour profiter de votre musique partout. Grâce à sa connectivité Bluetooth, il permet une connexion rapide et stable avec vos appareils compatibles (smartphone, tablette, ordinateur). Son design élégant et compact en fait un accessoire facile à transporter, tout en offrant une qualité sonore claire et puissante. Polyvalent, il peut être utilisé aussi bien à la maison qu’en extérieur pour vos moments de détente ou vos fêtes. Avec une autonomie confortable et une utilisation simple, le SING-E JQS-912L allie performance et praticité pour répondre à vos besoins musicaux au quotidien.",https://www.soumari.com/wp-content/uploads/2025/08/Haute-Parleur-Bluetooth-SING-E-JQS-912L-300x300.jpg,,,Neuf,Dakar,,
Souffleur Turbo électrique sans fil 2 en 1,Électronique & Hi-Fi,15000,17700,,5,"Le souffleur turbo électrique sans fil 2 en 1 est un outil polyvalent conçu pour un nettoyage rapide, efficace et sans effort. Grâce à sa technologie turbo, il génère un flux d’air puissant permettant de souffler la poussière, les feuilles légères et les débris en quelques secondes.",https://www.soumari.com/wp-content/uploads/2026/04/Souffleur-Turbo-electrique-sans-fil-2-en-1-1-300x300.webp,,,Neuf,Dakar,,
Balance Electronique Plateforme Numérique 60kg D1,Électronique & Hi-Fi,27500,32500,,5,"La **Balance Électronique Plateforme Numérique 60kg D1** est un outil précis et fiable conçu pour les pesées professionnelles. Dotée d’une capacité maximale de **60 kg**, elle offre une lecture numérique claire et rapide grâce à son écran digital. Sa **plateforme robuste** assure une stabilité optimale pour différents types de produits, qu’il s’agisse de marchandises, de colis ou d’articles alimentaires. Facile à utiliser, cette balance combine **précision, praticité et durabilité**, ce qui en fait un choix idéal pour les commerces, marchés, entrepôts et autres environnements nécessitant des mesures exactes et rapides.",https://www.soumari.com/wp-content/uploads/2025/08/Balance-Electronique-Plateforme-Numerique-60kg-D1-300x300.jpg,,,Neuf,Dakar,,
Balance Electronique De Précision Pour Pesagede Capacité 60kg,Électronique & Hi-Fi,32500,38400,,5,"La **Balance Électronique de Précision pour Pesage – Capacité 60 kg** est un outil fiable et pratique, conçu pour offrir une mesure précise et rapide de vos produits. Avec une capacité maximale de 60 kg, elle convient parfaitement aux commerces, marchés, entrepôts ou encore pour un usage domestique nécessitant une pesée exacte. Son écran digital clair et facile à lire permet d’afficher instantanément le poids, tandis que sa conception robuste garantit une utilisation durable et stable. Simple d’utilisation et dotée d’une grande précision, cette balance est idéale pour optimiser vos transactions et assurer un pesage en toute confiance.",https://www.soumari.com/wp-content/uploads/2025/08/Balance-Electronique-De-Precision-Pour-Pesagede-Capacite-60kg-300x300.jpg,,,Neuf,Dakar,,
Mini Chapelet Electronique Affichage,Électronique & Hi-Fi,3500,4400,,5,"Un **mini chapelet électronique avec affichage LED** est un dispositif compact et moderne conçu pour aider à la prière en comptant les perles comme un chapelet traditionnel, mais avec des fonctionnalités électroniques pratiques. Ce chapelet comporte généralement de petites LED intégrées qui s’allument ou clignotent à chaque prière ou mouvement, permettant à l’utilisateur de suivre facilement les prières. Il est souvent doté d’un petit écran LED qui affiche le nombre de prières ou de répétitions effectuées, rendant l’expérience plus intuitive et accessible, surtout pour ceux qui ont du mal à compter mentalement ou à suivre avec un chapelet traditionnel. De taille réduite, ce mini chapelet électronique est idéal pour une utilisation discrète et portable, permettant de l’emporter partout. Il peut être alimenté par une petite batterie ou une pile rechargeable et se distingue par sa légèreté et sa simplicité d’utilisation. En plus de ses fonctionnalités pratiques, il peut offrir des sons ou des vibrations pour signaler la fin d’une prière ou l’atteinte d’un certain nombre de répétitions. Ce chapelet moderne combine donc la spiritualité avec la technologie pour rendre les prières plus accessibles.",https://www.soumari.com/wp-content/uploads/2025/02/Ensembles-Chapelet-2-Pieces-Avec-Boite-300x300.webp,,,Neuf,Dakar,,
Ensembles Chapelet 2 Pièces Avec Boîte,Électronique & Hi-Fi,3000,3800,,5,"Les ensembles chapelet 2 pièces avec boîte sont des sets élégants et pratiques, composés de deux chapelets finement conçus, accompagnés d’une boîte de rangement. Chaque chapelet, souvent fabriqué en perles de haute qualité, est destiné à la prière ou à la méditation. La boîte, en matériau durable et décorée de manière sobre ou raffinée, permet de protéger les chapelets contre l’usure tout en facilitant leur transport. Ce set est idéal pour les personnes à la recherche d’un accessoire spirituel à la fois esthétique et fonctionnel, offrant un mélange parfait entre tradition et praticité.",https://www.soumari.com/wp-content/uploads/2025/02/Ensembles-Chapelet-2-Pieces-Avec-Boite-2-300x300.jpg,,,Neuf,Dakar,,
Balance intelligente Bluetooth,Électronique & Hi-Fi,6250,7800,,5,"La balance intelligente Bluetooth vous permet de suivre votre poids et votre composition corporelle avec précision. Grâce à sa connexion sans fil, elle synchronise les données avec votre smartphone via une application dédiée. Son design moderne et épuré s’adapte à tous les intérieurs. Avec des mesures telles que l’IMC, la masse graisseuse et musculaire.",https://www.soumari.com/wp-content/uploads/2024/10/Balance-intelligente-Bluetooth-2-300x300.webp,,,Neuf,Dakar,,
Chapelets électronique portable M2,Électronique & Hi-Fi,3750,4700,,5,"Le chapelet électronique portable M2 est un outil compact et pratique pour la prière, offrant une comptabilisation précise des récitations. Son écran LED facilite la visualisation et sa conception ergonomique permet une prise en main confortable. Rechargeable et léger, il se transporte aisément partout.",https://www.soumari.com/wp-content/uploads/2024/09/Chapelets-electronique-portable-M2-300x300.webp,,,Neuf,Dakar,,
Sonnerie intelligente sans fil avec télécommande,Électronique & Hi-Fi,5000,6300,,5,"La sonnerie intelligente sans fil avec télécommande offre une installation facile et une utilisation pratique, permettant de choisir et d’ajuster les mélodies à distance. Équipée de plusieurs options de son et d’un signal clair, elle assure une alerte fiable pour toutes les situations. Son design moderne et sa portée étendue en font un ajout élégant et fonctionnel à toute maison.",https://www.soumari.com/wp-content/uploads/2024/09/Sonnerie-intelligente-sans-fil-avec_11zon-1-300x300.webp,,,Neuf,Dakar,,
Balance Electronique Numerique B4,Électronique & Hi-Fi,7000,8800,,5,"Cette Plate-forme de pesée en verre trempé et résistant possède un Design élégant et simple avec un grand écran rétroéclairé facile à lire. La balance est calibrée automatiquement et vous pourrez la lire avec précision dès que vous monterez dessus. Grace au système d’induction, Sa Mise sous/hors tension est automatique.",https://www.soumari.com/wp-content/uploads/2024/02/Balance-Electronique-Numerique-B4-300x300.webp,,,Neuf,Dakar,,
Ring Light RL-18,Électronique & Hi-Fi,19500,23000,,5,Le Ring Light RL-18 est idéale pour obtenir des résultats professionnels dans vos photos et vidéos grâce à une une lumière uniforme et naturelle. La luminosité réglable vous permettra de contrôler la quantité de lumière pour différents réglages et la conception ergonomique garantit une installation et une portabilité faciles.,https://www.soumari.com/wp-content/uploads/2024/01/Ring-Light-RL-18-300x300.jpg,,,Neuf,Dakar,,
Ring Light MJ45,Électronique & Hi-Fi,25000,29500,,5,Le Ring Light MJ36 est idéale pour obtenir des résultats professionnels dans vos photos et vidéos grâce à une une lumière uniforme et naturelle. La luminosité réglable vous permettra de contrôler la quantité de lumière pour différents réglages et la conception ergonomique garantit une installation et une portabilité faciles.,https://www.soumari.com/wp-content/uploads/2024/01/Ring-Light-MJ45-300x300.jpg,,,Neuf,Dakar,,
Ring Light MJ36,Électronique & Hi-Fi,16500,19500,,5,"Le **Ring Light MJ36** est un éclairage circulaire conçu pour améliorer la qualité des photos et vidéos en fournissant un éclairage uniforme et sans ombre. Doté de plusieurs niveaux de luminosité et de températures de couleur réglables, il s’adapte à différents besoins, que ce soit pour le maquillage, le streaming, la photographie ou les visioconférences. Facile à installer, il est souvent livré avec un trépied ajustable et un support pour smartphone, offrant ainsi une grande flexibilité d’utilisation. Son design moderne et sa lumière LED écoénergétique en font un accessoire incontournable pour les créateurs de contenu et les professionnels de l’image.",https://www.soumari.com/wp-content/uploads/2024/01/Ring-Light-MJ36-300x300.jpg,,,Neuf,Dakar,,
Mini Tirelire Electronique avec Deverouillage par Mot de Passe,Électronique & Hi-Fi,12750,15000,,5,"Enseigner à vos enfants à économiser de l’argent dès leur plus jeune âge leur donne une excellente base pour gérer leur argent à l’avenir. S’ils apprennent à bien établir un budget lorsqu’ils sont enfants, ils apprendront à être un adulte responsable en ce qui concerne leurs finances. La meilleure façon d’y parvenir est de leur offrir leur propre tirelire.",https://www.soumari.com/wp-content/uploads/2024/01/Mini-Tirelire-Electronique-avec-Deverouillage-par-Mot-de-Passe-300x300.jpg,,,Neuf,Dakar,,
Dispositif PARPAR Liquide Anti Moustique,Électronique & Hi-Fi,2000,2500,,5,Une solution anti-moustique puissante et pratique qui sert de première ligne de défense contre les maladies potentielles et les risques pour la santé. Le répulsif anti-moustique électrique Par Par se présente sous la forme d’un vaporisateur liquide facile à utiliser qui offre une protection complète contre les moustiques. Il garantit 60 nuits d’utilisation pendant 8 heures par nuit sans moustiques et sans avoir besoin de recharge.,https://www.soumari.com/wp-content/uploads/2023/12/Dispositif-PARPAR-Liquide-Anti-Moustique-300x300.jpg,,,Neuf,Dakar,,
Mini Clavier Sans Fil Avec Pavé Tactile i8,Électronique & Hi-Fi,4900,6100,,5,"Ce Mini Clavier sans fil avec Pavé Tactile i8 a une conception à main ergonomique avec un style novateur, mignon et élégant qui le rend facile à porter et à utiliser. Avec ses 92 touches et son pavé tactile ce Clavier sans fil de 2,4 GHz n’a pas besoin de logiciel car il dispose d’un recepteur usb dans le compartiment de la batterie qui rend facile son utilisation.",https://www.soumari.com/wp-content/uploads/2023/11/Mini-Clavier-sans-fil-avec-Pave-Tactile-i8-300x300.jpg,,,Neuf,Dakar,,
Balance Electronique en Verre B3,Électronique & Hi-Fi,6000,7500,,5,"Cette Plate-forme de pesée en verre trempé et résistant possède un Design élégant et simple avec un grand écran rétroéclairé facile à lire. La balance est calibrée automatiquement et vous pourrez la lire avec précision dès que vous monterez dessus. Grace au système d’induction, Sa Mise sous/hors tension est automatique.",https://www.soumari.com/wp-content/uploads/2023/10/Balance-Electronique-en-Verre-4-300x300.jpg,,,Neuf,Dakar,,
Balance Electronique en Verre B2,Électronique & Hi-Fi,6000,7500,,5,"Cette Plate-forme de pesée en verre trempé et résistant possède un Design élégant et simple avec un grand écran rétroéclairé facile à lire. La balance est calibrée automatiquement et vous pourrez la lire avec précision dès que vous monterez dessus. Grace au système d’induction, Sa Mise sous/hors tension est automatique.",https://www.soumari.com/wp-content/uploads/2023/10/Balance-Electronique-en-Verre-02-300x300.jpg,,,Neuf,Dakar,,
Balance Electronique en Verre B1,Électronique & Hi-Fi,6000,7500,,5,"Cette Plate-forme de pesée en verre trempé et résistant possède un Design élégant et simple avec un grand écran rétroéclairé facile à lire. La balance est calibrée automatiquement et vous pourrez la lire avec précision dès que vous monterez dessus. Grace au système d’induction, Sa Mise sous/hors tension est automatique.",https://www.soumari.com/wp-content/uploads/2023/10/Balance-Electronique-en-Verre-300x300.jpg,,,Neuf,Dakar,,
Chapelet Electronique SXH5136,Électronique & Hi-Fi,3750,4700,,5,"Ce Chapelet Electronique avec Led est un Super cadeau pour votre famille et vos amis . Elle convient pour la relaxation méditative, la prière, la décompression et les doigts actifs, etc…. Fabriqué en matière plastique de haute qualité, solide, durable pour de bonnes performances et une longue durée de vie.",https://www.soumari.com/wp-content/uploads/2023/10/e7bd4849-b9c5-4f44-87fa-f43b61d983fd-300x300.webp,,,Neuf,Dakar,,
Chapelet Electronique,Électronique & Hi-Fi,3750,4700,,5,"Ce Chapelet Electronique avec Led est un Super cadeau pour votre famille et vos amis . Elle convient pour la relaxation méditative, la prière, la décompression et les doigts actifs, etc…. Fabriqué en matière plastique de haute qualité, solide, durable pour de bonnes performances et une longue durée de vie.",https://www.soumari.com/wp-content/uploads/2023/10/Chapelet-Electronique-avec-Led-300x300.jpg,,,Neuf,Dakar,,
Tondeuse WMARK NG-2033,Électronique & Hi-Fi,19500,23000,,5,"Profitez d’une précision de coupe exceptionnelle avec la tondeuse WMark. Elle embarque des lames en acier chromé de haute qualité. Que ce soit pour les cheveux ou la barbe, cette tondeuse répond à toutes vos attentes. Son design compact, tient parfaitement dans la main. Vous pourrez la recharger et l’utiliser durant des heures grâce à la grande autonomie de sa batterie.",https://www.soumari.com/wp-content/uploads/2023/09/Tondeuse-WMARK-NG-2033-0-300x300.jpg,,,Neuf,Dakar,,
Balance Commerciale Electronique Pliable 1 Tonne 60CM/80CM,Électronique & Hi-Fi,132000,147800,,5,"Échelle industrielle à disposer sur une surface plane, de préférence au sol. Fabriqué en acier de haute qualité et résistant avec une structure pliante, le laissant plat pour un rangement facile. Préparé pour peser des charges dans des environnements industriels.",https://www.soumari.com/wp-content/uploads/2023/09/Balance-Commerciale-Electronique-Pliable-1-Tonne-300x300.jpg,,,Neuf,Dakar,,
Balance Cuisine Numerique Portable de 5KG/1KG,Électronique & Hi-Fi,4100,5100,,5,"Balance de cuisine au design pratique et peu encombrant, le bol est détachable et vous pouvez le ranger dans le réfrigérateur pour ranger facilement les aliments déjà pesés. La balance est équipée de seulement deux touches, situées sur les côtés de l’écran LCD. La touche M / A vous permet d’allumer et d’éteindre le produit, bien que la clé de TARE soit utilisée pour peser différents ingrédients dans le même récipient et vous permet de déduit le poids d’un récipient du poids total, afin de calculer facilement le poids net du contenu.",https://www.soumari.com/wp-content/uploads/2023/08/Sac-de-Course-en-Plastique-0-300x300.jpg,,,Neuf,Dakar,,
Balance Electronique Portable LCD 50KG Crochet en Acier,Électronique & Hi-Fi,3750,4700,,5,"Cette balance portable est conçue avec un écran LCD, qui peut afficher les données de pesage clairement et vous pouvez les lire facilement. Elle est fabriquée en acier inoxydable, robuste et antirouille et est facile à transporter en raison de sa conception compacte et légère, adaptée à une utilisation domestique et extérieure.",https://www.soumari.com/wp-content/uploads/2023/01/Balance-Electronique-Portable-LCD-50KG-Crochet-de-Cour-dAcier-300x300.jpg,,,Neuf,Dakar,,
Balance Electronique Pliable avec Plateforme Numérique Capacite de 300KG,Électronique & Hi-Fi,37200,43900,,5,Cette fantastique balance à plateforme est parfaite si vous avez besoin d’une lecture précise du poids jusqu’à un maximum de 300kg. La plate-forme en acier inoxydable durable permet de peser facilement des articles plus gros et l’écran simple à lire rend la pesée facile.,https://www.soumari.com/wp-content/uploads/2023/02/Balance-Electronique-Commercial-Pesage-Numerique-en-Metal-600KG-300x300.jpg,,,Neuf,Dakar,,
Insect killer marshal MA20 20W,Électronique & Hi-Fi,15000,17700,,5,"Ce tueur d’insectes est conçu avec un filet de protection pour éviter tout contact accidentel afin d’assurer la sécurité de l’utilisateur, en particulier les enfants.",https://www.soumari.com/wp-content/uploads/2023/05/Insect-killer-marshal-MA20-20W-300x300.jpg,,,Neuf,Dakar,,
Facial Gun Pistolet de Massage Rechargeable,Électronique & Hi-Fi,18750,22100,,5,"Le masseur manuel a un moteur puissant pour fournir une forte puissance. Il peut soulager les douleurs musculaires après l’exercice, réduire la rigidité musculaire, réduire la fatigue, détendre efficacement le corps et vous rendre plus sain.",https://www.soumari.com/wp-content/uploads/2023/04/Facial-Gun-Pistolet-de-Massage-Rechargeable-2-1-300x300.jpg,,,Neuf,Dakar,,
Balance Electronique Pliable avec Plateforme Numérique Capacite de 150KG,Électronique & Hi-Fi,30000,35400,,5,Cette fantastique balance à plateforme est parfaite si vous avez besoin d’une lecture précise du poids jusqu’à un maximum de 150kg. La plate-forme en acier inoxydable durable permet de peser facilement des articles plus gros et l’écran simple à lire rend la pesée facile.,https://www.soumari.com/wp-content/uploads/2023/02/Balance-Electronique-Commercial-Pesage-Numerique-en-Metal-600KG-300x300.jpg,,,Neuf,Dakar,,
Lecteur Code Barre Portatif Filaire USB 2.4G GIGA 360 BW9909,Électronique & Hi-Fi,60000,67200,,5,"Ce lecteur de code barre portatif filaire vous offre une solution précise, simple et rapide pour la saisie et le stockage de données. Vous pouvez programmer facilement les paramètres de fonctionnement en scannant les codes barres dans le manuel.",https://www.soumari.com/wp-content/uploads/2023/02/Lecteur-Code-Barre-Portatif-Filaire-USB-2.4G-GIGA-360-BW9909-300x300.jpg,,,Neuf,Dakar,,
Balance Electronique Commercial Pesage Numérique en Metal 600KG,Électronique & Hi-Fi,72000,80600,,5,Cette fantastique balance à plateforme est parfaite si vous avez besoin d’une lecture précise du poids de aussi peu que 0.5 lb jusqu’à un maximum de 600 Lbs. La plate-forme en acier inoxydable durable permet de peser facilement des articles plus gros et l’écran simple à lire rend la pesée facile.,https://www.soumari.com/wp-content/uploads/2023/02/Balance-Electronique-Commercial-Pesage-Numerique-en-Metal-600KG-300x300.jpg,,,Neuf,Dakar,,
Balance Numerique en Verre avec Ecran LCD,Électronique & Hi-Fi,7500,9400,,5,"- Les balances sont faites de verre carré durable avec des inserts métalliques.   - Le tableau de bord électronique, de taille plutôt importante, s’intègre parfaitement dans la conception globale et permet de déterminer avec précision le poids.   - Ils ont une fonction unique de conversion des kilogrammes en livres.",https://www.soumari.com/wp-content/uploads/2023/01/Balance-Numerique-en-Verre-avec-Ecran-LCD-300x300.jpg,,,Neuf,Dakar,,
Balance Electronique Portable LCD 50KG Crochet de Cour d’Acier,Électronique & Hi-Fi,3750,4700,,5,"**Numérique**: cette balance portable est conçue avec un écran LCD, qui peut afficher les données de pesage clairement et vous pouvez les lire facilement. **Précis**: cet équilibre de pêche fonctionne avec un transducteur de jauge, qui garantit un résultat de mesure précis, vous pouvez l’utiliser sans soucis. **Protection**: il est conçu avec un indicateur de surcharge et un indicateur de batterie faible, et la capacité de pesage de 50kg est suffisante pour répondre à vos besoins quotidiens. **Portable**: cette cour d’acier suspendue est facile à ranger et à transporter en raison de la conception compacte et légère, adaptée à une utilisation domestique et extérieure. **Fiable**: cette balance est fabriquée en acier inoxydable, robuste et antirouille, vous pouvez l’utiliser pendant longtemps sans être cassé.",https://www.soumari.com/wp-content/uploads/2023/01/Balance-Electronique-Portable-LCD-50KG-Crochet-en-acier-4-300x300.jpg,,,Neuf,Dakar,,
Compteur de Billet Automatique 2108 UV/MG Petit Modele,Électronique & Hi-Fi,60000,67200,,5,"Cette machine de comptage de billets de banque ultra-rapide accepte la plupart des devises du monde. Sa vitesse de comptage est au moins de 1000 billets par minute. Il dispose d’un système de détection de demie notes, de détection de doubles notes et de détection UV/MG. Cette machine rend le comptage des billets plus facile et plus rapide, avec un résultat de comptage précis.",https://www.soumari.com/wp-content/uploads/2023/01/COMPTEUR-DE-BILLET-AUTOMATIQUE-2108-UVMG-PETIT-MODELE-2-300x300.jpg,,,Neuf,Dakar,,
Balance a Palette Sans Fil de Precision 300KG,Électronique & Hi-Fi,58800,65900,,5,"Les balances calculatrices électroniques sans fil de la série BLES sont le dernier développement des balances à plate-forme, dans lesquelles le signal du capteur est connecté au panneau de commande via une transmission de données sans fil. Ainsi, le panneau et la plate-forme de capteur ne sont pas reliés par un câble, ce qui vous permet de compléter et de placer librement le panneau. Cela augmente considérablement la liberté et la commodité d’utilisation des balances et n’affecte pas la précision et la rapidité de la réponse.",https://www.soumari.com/wp-content/uploads/2023/01/Balance-a-Palette-Sans-Fil-de-Precision-300KG-300x300.jpg,,,Neuf,Dakar,,
Balance a Palette Sans Fil de Precision 150KG,Électronique & Hi-Fi,49600,58500,,5,"Les balances calculatrices électroniques sans fil de la série BLES sont le dernier développement des balances à plate-forme, dans lesquelles le signal du capteur est connecté au panneau de commande via une transmission de données sans fil. Ainsi, le panneau et la plate-forme de capteur ne sont pas reliés par un câble, ce qui vous permet de compléter et de placer librement le panneau. Cela augmente considérablement la liberté et la commodité d’utilisation des balances et n’affecte pas la précision et la rapidité de la réponse.",https://www.soumari.com/wp-content/uploads/2023/01/Balance-a-Palette-Sans-Fil-de-Precision-150KG-300x300.jpg,,,Neuf,Dakar,,
Balance Commerciale Electronique Numérique Rechargeable 40KG,Électronique & Hi-Fi,20800,24500,,5,"La Balance Commerciale Electronique et Numérique Rechargeable de Précision 40KG se distingue comme un outil indispensable pour les professionnels exigeants, alliant robustesse, précision et fonctionnalités avancées. Conçue pour répondre aux besoins des commerces de détail, des marchés agricoles et des entrepôts logistiques, cette balance intègre une technologie de pointe avec un double écran LCD, une capacité de pesée maximale de 40 kg et une batterie rechargeable durable. Son design étanche et son interface intuitive en font une solution polyvalente, optimisée pour améliorer l’efficacité opérationnelle tout en garantissant des résultats fiables",https://www.soumari.com/wp-content/uploads/2023/01/Balance-Commerciale-Electronique-et-Numerique-Rechargeable-de-Precision-40KG__1-300x300.jpg,,,Neuf,Dakar,,
Détecteur De Faux Billets AD-2138,Électronique & Hi-Fi,9000,11300,,5,"Testeur de faux billets astucieux pour vérifier rapidement et de manière fiable l’authenticité des billets. Le contrôle des billets insérés s’effectue sur la base de plusieurs signes de sécurité : image en filigrane, spectre IR et UV, champ magnétique. Affiche la valeur des billets insérés et calcule le montant total – idéal pour tester rapidement les billets individuels dans un petit commerce ou dans le domaine de la gastronomie.",https://www.soumari.com/wp-content/uploads/2022/12/DETECTEUR-DE-FAUX-BILLET-AD-2138-300x300.jpg,,,Neuf,Dakar,,
Kit Vidéo Surveillance STAR TRACK 4 Cameras – Disque 1To,Électronique & Hi-Fi,111500,124900,,5,"Découvrez la vidéo couleur 2MP Full HD et la simplicité de réutilisation infrastructure coaxiale avec HD. La caméra HD Star Track couleur présente une image couleur de haute qualité avec des détails riches même dans l’obscurité totale conditions. Il propose divers modèles d’objectifs fixes avec un OSD multilingue et sortie commutable HD / SD. Il adopte une puissante LED blanche chaude illuminateurs, couvrant une portée effective jusqu’à 20 m",https://www.soumari.com/wp-content/uploads/2022/09/KIT-VIDEO-SURVEILLANCE-STAR-TRACK-4-300x300.jpg,,,Neuf,Dakar,,
Sayona – Insect killer,Électronique & Hi-Fi,15000,17700,,5,"Débarrassez-vous de vos zones de vie en plein air d’insectes volants – sans nuire à l’environnement! Les restes d’insectes, non contaminés par les pesticides, tombent au sol pour être naturellement réabsorbés dans l’écosystème. Fonctionnement sans entretien doté d’une lumière UV et d’une grille électrifiée qui élimine des milliers de parasites nuisibles pour quelques centimes par jour. La lanterne décorative fait même office d’éclairage de sécurité! Consultez la description pour plus de détails",https://www.soumari.com/wp-content/uploads/2022/09/Sayona-Insect-Killer-300x300.jpg,,,Neuf,Dakar,,
Impulse Plastic Machine de Scellage Electrique FS-300,Électronique & Hi-Fi,15500,18300,,5,"La machine de scellage de film poly de la série FS est largement utilisée pour sceller le polyéthylène, les sacs en film polyester, les sacs en pe/pp, les sacs en film d’aluminium, les sacs en papier kraft thermofusibles, etc. La thermo scelleuse à impulsion peut être utilisé pour stocker des aliments (biscuits, tartes, gâteaux, grains de café, noix, fruits, lait, jus) sacs scellés, largement utilisés dans les ménages, les joints industriels, les restaurants, les cafés, les supermarchés, etc.",https://www.soumari.com/wp-content/uploads/2022/07/machine-de-scellage-fs-300-300x300.jpg,,,Neuf,Dakar,,
Impulse Plastic Machine de Scellage Electrique FS-200,Électronique & Hi-Fi,12000,14200,,5,"La machine de scellage de film poly de la série FS est largement utilisée pour sceller le polyéthylène, les sacs en film polyester, les sacs en pe/pp, les sacs en film d’aluminium, les sacs en papier kraft thermofusibles, etc. La thermo scelleuse à impulsion peut être utilisé pour stocker des aliments (biscuits, tartes, gâteaux, grains de café, noix, fruits, lait, jus) sacs scellés, largement utilisés dans les ménages, les joints industriels, les restaurants, les cafés, les supermarchés, etc.",https://www.soumari.com/wp-content/uploads/2022/07/scellage-fs-200-300x300.jpeg,,,Neuf,Dakar,,
Kit Vidéo Surveillance EURONET AHD 4 CAMERAS,Électronique & Hi-Fi,93900,105200,,5,"Utilisation ultra-simple. Branchez l’enregistreur sur tout type d’écran (TV, écran PC, moniteur) avec un câble HDMI ou VGA. Connectez les caméras à l’enregistreur avec les câbles vidéo 20m fournis (il est possible d’acheter des câbles plus longs si nécessaire) et visualisez en direct vos 4 caméras. Si vous avez la box internet et vous souhaitez accéder à votre système de surveillance à distance, rien de plus simple, branchez l’enregistreur sur la box internet par câble réseau (RJ45) et le tour est joué. Aucune configuration de la box internet n’est nécessaire. Avec la nouvelle technologie P2P Cloud vous vous pourrez vous connecter à vos caméras depuis le monde entier.",https://www.soumari.com/wp-content/uploads/2022/05/4-CAMERAS-EURONET-AHD-300x300.jpeg,,,Neuf,Dakar,,
Kit Vidéo Surveillance AHD CCTV 8 Caméras de Sécurité,Électronique & Hi-Fi,111500,124900,,5,"Les systèmes de vidéosurveillance comprennent un réseau d’enregistrement en temps réel 8 CH AHD DVR et 8pcs intérieur/extérieur résistant aux intempéries IR Day & Caméras de surveillance nocturne fournissant tout ce dont vous avez besoin pour que votre système de surveillance soit opérationnel dans votre maison ou entreprise rapidement et facilement. Il prend également en charge la vue sur ordinateur et smartphone, etc.",https://www.soumari.com/wp-content/uploads/2021/12/AHD-CCTV-8-Cameras-300x300.png,,,Neuf,Dakar,,
Kit Vidéo Surveillance FOSVISION AHD KIT 4CH,Électronique & Hi-Fi,72000,80600,,5,"Les systèmes de vidéosurveillance comprennent un réseau d’enregistrement en temps réel 4CH AHD DVR et 4pcs intérieur/extérieur résistant aux intempéries IR Day & Caméras de surveillance nocturne fournissant tout ce dont vous avez besoin pour que votre système de surveillance soit opérationnel dans votre maison ou entreprise rapidement et facilement. Il prend également en charge la vue sur ordinateur et smartphone, etc.",https://www.soumari.com/wp-content/uploads/2021/12/Kit-Video-Surveillance-FOSVISION-AHD-KIT-4CH-300x300.jpg,,,Neuf,Dakar,,
TONDEUSE SOLAIRE HTC AT-204,Électronique & Hi-Fi,5900,7400,,5,"Cette tondeuse solaire sans fil de qualité est doté d’un moteur extrêmement puissant, robuste et durable très précis. Compact simple et pratique à utiliser, lame en céramique de sécurité infantile ultrasilencieux Utilisation facile",https://www.soumari.com/wp-content/uploads/2021/08/AT-204-300x300.jpg,,,Neuf,Dakar,,
TONDEUSE WAHL PRO BASIC,Électronique & Hi-Fi,14500,17100,,5,"La tondeuse adorée dans le monde entier ! La Wahl Pro Basic est un incontournable dans l’industrie du barbier et est reconnue comme l’une des meilleures tondeuses coniques du marché. Simple à utiliser, vous pourrez couper, façonner et définir avec cette tondeuse puissante mais silencieuse.",https://www.soumari.com/wp-content/uploads/2021/08/WAHL-PRO-BASIC-300x300.jpg,,,Neuf,Dakar,,
TONDEUSE PROFESSIONAL PROLITHIUM SERIE 8591,Électronique & Hi-Fi,15000,17700,,5,"· Batterie Lithium-Ion · 2 heures de charge pour 90 minutes de fonctionnement · Unité d’entraînement-Moteur cc, 5,500 rpm · Secteur et rechargeable · Le levier de pouce ajuste le cône et la texture sans changer les lames · Voyant de Charge · Léger-290g",https://www.soumari.com/wp-content/uploads/2021/08/WAHL-PROLITHIUM-8591-300x300.jpg,,,Neuf,Dakar,,
TONDEUSE NOVA NHC-6011 RECHARGEABLE POUR HOMME,Électronique & Hi-Fi,7000,8800,,5,"Tondeuse à cheveux Nova Professional pour hommes. \\* Lame tranchante, endurance \* Utilisé sans fil, pratique pour fonctionner \* Batterie de charge haute efficacité à l’intérieur \* Décharge 45 minutes en continu après la charge. \\* Temps de charge : 12 heures (4,5 V 100 mA) \* Entrée : 110-240 V 50 Hz/60 Hz 3 W.",https://www.soumari.com/wp-content/uploads/2021/08/nova-nhc-6011-300x300.jpg,,,Neuf,Dakar,,
Samsung A16 128Go RAM 4go 5000mAh,Téléphones & Accessoires,110000,123200,,5,"Marque : Samsung; Type de produit: Samsung A16 128Go RAM 4go; Type : smartphone; Stockage Interne/ Ram: 128 Go/ 4 Go; Taille de l’écran : 6,7 pouces; Puissance des caméras Avant/ arrière:13 MP/ 50 MP; Batterie :5000 mAh",https://www.electromenager-dakar.com/wp-content/uploads/2025/04/nouveau-fichier-247x296.png.webp,,,Neuf,Dakar,,
Samsung A06 – Smartphone 128 Go et 4 Go de RAM – 5000mAh,Téléphones & Accessoires,81000,90700,,5,"Marque : Samsung Galaxie A06; Type de produit : Samsung A06 – Smartphone 128 Go et 4 Go de RAM; Type : Smartphone; Stockage interne/ Ram : 128GO/ 4GO; Taille d’écran : 6,3 pouces; Puissance des cameras : 5MP,f/2.2 /13MP,f 2.4; Batterie : 5000mAh",https://www.electromenager-dakar.com/wp-content/uploads/2025/04/Samsung-A06-%E2%80%93-Smartphone-128-Go-et-4-Go-de-RAM-5000mAh-247x296.png.webp,,,Neuf,Dakar,,
"Samsung A17 –128 Go, RAM 4 Go, Écran 6,7″, Batterie 5000 mAh",Téléphones & Accessoires,167000,187000,,5,"Marque : Samsung; Type de produit: Samsung A17 –256 Go, RAM 4 Go; Type : smartphone; Stockage Interne/ Ram:128 Go/ Ram 4Go; Taille de l’écran : 6,7 pouces; Caméra principale/ Caméra frontale: 50 MP + 5 MP ultra-large + 2 MP macro/ 13 MP; Batterie : 5000 mAh",https://www.electromenager-dakar.com/wp-content/uploads/2026/01/A17-247x296.png.webp,,,Neuf,Dakar,,
iTel S23 -128 Go RAM 4 Go-5000mah,Téléphones & Accessoires,150000,168000,,5,"Marque: iTel; Type de produit: Smartphone; Taille écran: 6,6 »; Stockage interne: 128 Go, RAM 4Go; Caméra AI 50 Mpx; Empreinte digitale; Batterie: 5000 mAh",https://www.electromenager-dakar.com/wp-content/uploads/2025/02/ITEL-S2369-247x296.png.webp,,,Neuf,Dakar,,
"Nokia 105 Classic -1,8 » 800mah",Téléphones & Accessoires,20000,23600,,5,"Marque : Nokia; Type de produit: Nokia 105; Type : Téléphone classique; Mémoire: très limitée (quelques Mo), stockage de contacts jusqu’à environ 2000 selon versions.; Taille de l’écran : 1,8 pouces; Puissance des caméras Avant/ arrière:  Ne dispose pas de caméras; Batterie : 800 mAh",https://www.electromenager-dakar.com/wp-content/uploads/2025/11/Telephone-247x296.png.webp,,,Neuf,Dakar,,
"Honor X6C -128GB ROM 6GB RAM – 6.61″,Batterie 5200mAh",Téléphones & Accessoires,84000,94100,,5,"Marque: Honor; Type de produit: Smartphone; Stockage interne/RAM: 128Go, RAM 6Go; Taille écran: 6.61″; Camera avant: 5 MP; Caméra arrière:50 MP; Batterie: 5200 mAh, Li-Po, non amovible; Référence: Honor X6C",https://www.electromenager-dakar.com/wp-content/uploads/2025/10/Honor-X6C-247x296.png.webp,,,Neuf,Dakar,,
TECNO CAMON 50 ULTRA 512+8GB – Écran AMOLED- 6 150 mAh,Téléphones & Accessoires,324000,349900,,5,"Marque: Tecno; Type de produit : Smartphone; Stockage interne / Ram : 512 Go/ 8 Go; Écran : AMOLED haute définition; Caméra frontale / arrière  :13 Mp/ 50 Mp; Batterie : 6 150 mAh; Sécurité : Empreinte digitale / Face ID; Connectivité : 4G / 5G selon version, Wi-Fi, Bluetooth; Système : Android; Design : Premium et moderne; Référence : CAMON 50 ULTRA",https://www.electromenager-dakar.com/wp-content/uploads/2026/03/Design-sans-titre-9-247x296.png.webp,,,Neuf,Dakar,,
"Tecno SPARK Slim –256 Go, RAM 8 Go, Écran 6,78″, Batterie 5 160 mAh, (Android 15)",Téléphones & Accessoires,195000,218400,,5,"Marque : Tecno; Type de produit: Tecno SPARK Slim – 256 Go, RAM 8 Go; Type : smartphone; Stockage Interne/ Ram: 256 Go/ Ram 8Go; Taille de l’écran : 6,78 pouces; Puissance des caméras Avant/ arrière: 13 MP/ 50 MP, double flash arrière; Batterie : 5 160 mAh",https://www.electromenager-dakar.com/wp-content/uploads/2026/01/Tecno-SPARK-Slim-247x296.png.webp,,,Neuf,Dakar,,
"Iphone 17 PRO MAX ESIM (256Go-512Go) RAM 12Go 6,9 pouces 4823 mAh",Téléphones & Accessoires,920000,993600,,5,"Marque : Iphone; Type de produit: Iphone 17 PRO MAX ESIM  (256Go-512Go) 6,9 pouces 4823 mAh; Type : smartphone; Stockage Interne/ Ram: (256Go-512Go) / 12 Go; Taille de l’écran : 6,9 pouces; Puissance des caméras Avant/ arrière: Haute résolution pour selfies nets et vidéos en qualité supérieure / Triple capteur (résolution très haute, capteur principal optimisé + ultra grand-angle + téléobjectif); Batterie : 4823 mAh",https://www.electromenager-dakar.com/wp-content/uploads/2025/11/iphone-17-PRO-1-247x296.png.webp,,,Neuf,Dakar,,
"HUAWEI PURA 70 Ultra – 512Go – RAM 16 Go – 6,8″ -5200mah",Téléphones & Accessoires,625000,675000,,5,"Marque: Huawei; Type de produit: Smartphone; Taille écran: 6,8pouces; Stockage interne: 512 Go, RAM 16 Go; Puissance caméra Avant et Arrière(escamotable): 13Mp/50Mpx; **Pas de Play store**; Batterie: Pura 70 ultra",https://www.electromenager-dakar.com/wp-content/uploads/2025/02/upl-247x296.png.webp,,,Neuf,Dakar,,
Téléviseur Hisense 43″ 43A4k Smart Tv -Vidaa U,Électronique & Hi-Fi,132000,147800,,5,"Marque: Hisense; Type de produit: Téléviseur Smart TV; Ecran: 43 pouces (108 cm ); Système d’exploitation: Vidaa U 6.0; Magasin d’applications: Oui (Netflix, Youtube, Prime Video… etc); Application pour Smartphone: Remotenow (Android & iOS); Audio: Dolby Audio; Bluetooth: Non; Référence:43A4K",https://www.electromenager-dakar.com/wp-content/uploads/2025/02/43p-247x296.png.webp,,,Neuf,Dakar,,
"Téléviseur Smart LED Samsung T5300 43″ – Full HD, HDR, Tizen",Électronique & Hi-Fi,200000,216000,,5,"Marque:   Samsung; Type de produit: Téléviseur Smart LED Samsung 43″; Ecran: 43 pouces ( 108 cm ); Système d’exploitation: Tizen; Magasin d’applications: Oui (Netflix, Youtube, Prime Video… etc); Image : Full HD, HDR; Bluetooth: Oui; Référence: T5300",https://www.electromenager-dakar.com/wp-content/uploads/2025/07/1-2-247x296.png.webp,,,Neuf,Dakar,,
Téléviseur Hisense 32″LED Smart TV 32A4GS\|A4Q VIDAA U,Électronique & Hi-Fi,78000,87400,,5,Marque: Hisense; Type de produit: Téléviseur Smart TV; Taille écran: 32 pouces (82 cm); VIDAA U; Connectivité: USB/HDMI/Ethernet/WIFI; Navigateur web; Référence: 32A4GS/A4Q,https://www.electromenager-dakar.com/wp-content/uploads/2020/06/Ajouter-un-sous-titredefff-247x296.png.webp,,,Neuf,Dakar,,
Téléviseur LED Hisense 32″ 32A5200 – HD TV,Électronique & Hi-Fi,60000,67200,,5,Marque: Hisense; Type de produit: Téléviseur LED; Taille écran: 32″ pouces (82 cm); Connectivité: HDMI/USB; Référence: 32A5200,https://www.electromenager-dakar.com/wp-content/uploads/2020/12/HISENSE-TELEVISEUR-247x296.png.webp,,,Neuf,Dakar,,
Téléviseur LG 32″ LP500BPTA – LED Full HD,Électronique & Hi-Fi,65000,72800,,5,Marque: LG; Type de produit: Téléviseur; Taille écran: 32″ pouces (82 cm); Connectivité: USB/HDMI; Référence: LP500BPTA,https://www.electromenager-dakar.com/wp-content/uploads/2025/02/11-62-1-247x296.jpg.webp,,,Neuf,Dakar,,
Téléviseur Hisense 65″ 65A6Q Smart Tv 4K -Vidaa U,Électronique & Hi-Fi,345000,372600,,5,"Marque: Hisense; Type de produit: Téléviseur Smart TV; Ecran: 65 pouces (165 cm ); Système d’exploitation: Vidaa U 6.0; Magasin d’applications: Oui (Netflix, Youtube, Prime Video… etc); Image : Dolby vision; Bluetooth: Oui; Référence:65A6N/A6Q",https://www.electromenager-dakar.com/wp-content/uploads/2025/02/55A6K-247x296.png.webp,,,Neuf,Dakar,,
Téléviseur SHARP  »43 » SMART TV Android-2TC43,Électronique & Hi-Fi,140000,156800,,5,Marque: SHARP; Type de produit: Téléviseur LED android TV; Taille écran:  »43″ (108 cm); Connectivité: HDMI; Wifi; Android TV – Profitez d’une variété d’applications; Référence:2TC43,https://www.electromenager-dakar.com/wp-content/uploads/2023/05/Design-sans-titrekkjnj-247x296.png.webp,,,Neuf,Dakar,,
Téléviseur Hisense 50″ A4Q HD \| Smart TV FHD (VIDAA U),Électronique & Hi-Fi,175000,196000,,5,Marque: Hisense; Type Produit: Télévision; Taille écran:  50″ pouces (127 cm); Connectivité: USB/HDMI/Ethernet; VIDAA U; Dolby vision; wifi double band; Résolution: FHD; Référence: A4Q,https://www.electromenager-dakar.com/wp-content/uploads/2023/10/Hisense-A4Q-247x296.png.webp,,,Neuf,Dakar,,
Téléviseur LG 50″ UP7550PVG – Smart TV – UHD 4K,Électronique & Hi-Fi,267000,288400,,5,,https://www.electromenager-dakar.com/wp-content/uploads/2025/02/Electromenager-Dakar-15-1-247x296.png.webp,,,Neuf,Dakar,,
Téléviseur Astech 43″ 43GT – Smart TV,Électronique & Hi-Fi,135000,151200,,5,Marque: Astech; Type de produit: Téléviseur 43 POUCES FHD Smart TV GOOGLE TV; Ecran: 43 pouces (108 cm); Système : Google TV; Connectiques: HDMI/USB; Référence: 43GT,https://www.electromenager-dakar.com/wp-content/uploads/2025/05/astech-247x296.png.webp,,,Neuf,Dakar,,
Ordinateur portable hybride 2 en 1 Dell Latitude 3190 – 128Go – 8Go RAM- 11.6″,Ordinateurs & Tablettes,110000,123200,,5,Marque: Dell; Type de produit: Ordinateur portable; Taille écran: 11.6″; Processeur: Intel Core-8350U; RAM: 8Go de RAM; Stockage: 128Go; Systéme d’exploitation: Windows 10 Pro; Référence: Dell Latitude 3190,https://www.electromenager-dakar.com/wp-content/uploads/2025/02/32-2-247x296.png.webp,,,Neuf,Dakar,,
Ordinateur portable Dell Latitude 5400 8ème génération i5- 14″- 256Go- 8Go (avec capteur d’empreinte digitale),Ordinateurs & Tablettes,210000,226800,,5,"Marque: Dell; Type de produit: Ordinateur portable; Taille écran: 14 pouces (IPS, 1920 x 1080 pixels Full HD); Stockage: 256 Go; RAM: 8 Go; Processeur: Intel Core i5 8350U; Système d’exploitation: Windows; Connectivité: Bluetooth, Ethernet, Wifi; Clavier azerty retro-éclairé, capteur d’empreinte digitale; Référence: Latitude-5400-8eme-Generation-NZO",https://www.electromenager-dakar.com/wp-content/uploads/2025/02/ordinateur-portable-dell-latitude-5400-gen-8-2-1-247x296.png.webp,,,Neuf,Dakar,,
"Ordinateur Portable Hp Elite X2 G8 Core i5 11ème Génération 12,3″- 256Go -Ram 16Go",Ordinateurs & Tablettes,325000,351000,,5,Marque: HP; Type de produit: Ordinateur Portable; Taille écran: Écran Tactile Full HD 12.3 pouces; Processeur: Intel® Core™ i5-1135G7; Ram: 16Go DDR4; Disque Dur SSD 256Go; Carte SIM 4G; Clavier Rétro-Eclairé + Empreinte Digitale; Référence: Elite X2 G8 11G,https://www.electromenager-dakar.com/wp-content/uploads/2026/02/Elite-2-247x296.png.webp,,,Neuf,Dakar,,
Ordinateur portable HP EliteBook 840 11ème génération – 256Go – RAM 16Go – 14″,Ordinateurs & Tablettes,520000,561600,,5,Marque: HP; Type de produit: Ordinateur portable; Taille écran: 14″ (Tactile); Processeur: Intel Core i5-1135G7 11ème génération; RAM: 16Go; Stockage: 256Go SSD; Système d’exploitation: Windows 11 Pro; Référence: EliteBook 840 G8,https://www.electromenager-dakar.com/wp-content/uploads/2025/02/21ddd-247x296.png.webp,,,Neuf,Dakar,,
Ordinateur portable Lenovo ThinkPad Yoga X380 8ème génération – 256Go SSD – RAM 8Go – Écran 13.3″ Full HD,Ordinateurs & Tablettes,300000,324000,,5,Marque: Lenovo; Type de produit: ordinateur portable; Processeur : Intel Core i5-8350U (1.7 GHz / 3.6 GHz Turbo); Mémoire RAM : 8 Go DDR4; Stockage : SSD 256 Go (extensible à 512 Go); Écran : 13.3 pouces Full HD tactile; Clavier : Rétroéclairé; Sécurité : Lecteur d’empreinte digitale; Référence: Lenovo ThinkPad Yoga X380,https://www.electromenager-dakar.com/wp-content/uploads/2026/04/Design-sans-titre-6-247x296.png.webp,,,Neuf,Dakar,,
"Ordinateur Portable Hp Elitebook 830 G6 Core i7 8ème Génération 13,3″- 256Go -Ram 16Go",Ordinateurs & Tablettes,240000,259200,,5,Marque: HP; Type de produit: Ordinateur Portable; Taille écran: Écran Tactile Full HD 13.3 pouces; Processeur: Intel Core i7-8565U (Quad-Core 1.8 GHz / 4.6 GHz Turbo – Cache 8 Mo); Ram: 16Go DDR4; Disque Dur SSD 256Go; Clavier Rétro-éclairé + Empreinte Digitale; Référence: Elitebook 830 G6,https://www.electromenager-dakar.com/wp-content/uploads/2026/02/830-G6-2-247x296.png.webp,,,Neuf,Dakar,,
Ordinateur Portable Hp EliteBook 850 G6 8ème génération Ram 16Go – 15.6 pouces,Ordinateurs & Tablettes,189000,211700,,5,Marque: HP; Type de produit: Ordinateur Portable; Taille écran: Écran 4K 15.6 pouces; Processeur: Intel Core i5 (1.7 GHz / 3.5 GHz Turbo – Cache 8 Mo); Ram: 16Go DDR4 (extensible à 32Go); Disque Dur SSD 256Go (Extensible à 512Go); Clavier Rétro-éclairé + Empreinte Digitale + Pavé Numérique; Référence: EliteBook 850 G6,https://www.electromenager-dakar.com/wp-content/uploads/2026/02/Elitebbok-850-G6-247x296.png.webp,,,Neuf,Dakar,,
"Ordinateur portable Microsoft Surface Laptop 3-10ᵉG – 256Go- Ram 16Go 13,5 pouces",Ordinateurs & Tablettes,295000,318600,,5,"Marque: Microsoft; Type de produit: Ordinateur portable; Taille écran: 13,5 pouces; Stockage: 256Go; RAM: 16 Go; Clavier Rétro-éclairé; Reconnaissance Faciale; Processeur: Intel Core i5-1035G7; Système d’exploitation: N/S; Référence: Surface Laptop 3",https://www.electromenager-dakar.com/wp-content/uploads/2025/09/Design-sans-titre-31-247x296.png.webp,,,Neuf,Dakar,,
Ordinateur portable Dell Latitude 5440 14″ – 256Go+16Go – intel core 5,Ordinateurs & Tablettes,600000,648000,,5,Marque: Dell; Type de produit: Ordinateur portable; Taille écran: 14″; Stockage: 256Go + 14Go de RAM; **i5**; Port USB et Entrée HDMI; Systéme: Windows 10pro; Modèle: Dell  5440,https://www.electromenager-dakar.com/wp-content/uploads/2025/02/3380-247x296.png.webp,,,Neuf,Dakar,,
Ordinateur portable Lenovo ThinkPad T14 Ryzen 7 Pro 4750U 10ème génération – SSD 256Go – RAM 16Go – Écran tactile Full HD 14″,Ordinateurs & Tablettes,250000,270000,,5,"Marque: Lenovo; Type de produit: ordinateur portable; Processeur : AMD Ryzen™ 7 Pro 4750U (1.7 GHz jusqu’à 4.1 GHz); Cœurs / Threads : 8 Cœurs / 16 Threads; Mémoire RAM : 16 Go (extensible à 32 Go); Stockage : SSD M.2 NVMe 256 Go (extensible à 512 Go); Carte graphique : AMD Radeon; Écran : 14 pouces Full HD Tactile; Clavier : Rétroéclairé; Utilisation : Bureautique avancée, multitâche, professionnel, étudiant; Référence: Lenovo ThinkPad T14",https://www.electromenager-dakar.com/wp-content/uploads/2026/04/Design-sans-titre-6-247x296.jpg.webp,,,Neuf,Dakar,,
Ordinateur Portable HP EliteBook 840 8ème Génération 256Go – 8Go Ram – 14″,Ordinateurs & Tablettes,195000,218400,,5,Marque: HP; Type de produit: Ordinateur Portable; Taille écran: 14 pouces; Processeur: Intel Core i5-8350U; RAM: 8 Go; Stockage: 256 Go; Système d’exploitation: Windows 10 Pro; Clavier Azerty+Rétro-éclairage+Emprunte digitale; Référence: EliteBook 840 G6 8ième génération,https://www.electromenager-dakar.com/wp-content/uploads/2026/01/EliteBook-840-G8-247x296.png.webp,,,Neuf,Dakar,,
"MacBook Pro Touch Bar 2017 13 pouces Core i7 – Performance Apple, Écran Retina et Sécurité Touch ID",Ordinateurs & Tablettes,350000,378000,,5,"Marque: Apple; Type de produit : Ordinateur portable haut de gamme; Modèle : MacBook Pro Touch Bar 2017 13 pouces; Processeur : Intel Core i7 (3.5GHz / 4GHz Turbo – Cache 4 Mo); Mémoire RAM : 16 Go; Stockage : SSD 512 Go; Écran : Retina 13.3 pouces – Haute résolution; Clavier : Magic Keyboard avec Touch ID; Connectivité : Thunderbolt 3 (USB-C), Wi-Fi, Bluetooth; Système d’exploitation : macOS; État : 10/10 – Excellent état; Autonomie : Jusqu’à 10 heures; Poids : Environ 1.37 kg",https://www.electromenager-dakar.com/wp-content/uploads/2025/10/Design-sans-titre-247x296.png.webp,,,Neuf,Dakar,,
Montre connectée Modio WP01 – Smartwatch,Téléphones & Accessoires,10300,12200,,5,"Montre connectée Modio WP01 avec écran tactile, suivi d’activité et notifications d’appels/messages. Connexion Bluetooth à votre smartphone.",https://promo.sn/wp-content/uploads/2026/08/images-5-1024x1024.webp,,,Neuf,Dakar,,
TECNO Spark 50 Pro 128 Go – 8 Go RAM – Ecran 6.78″,Téléphones & Accessoires,157900,176800,,5,"Le Tecno Spark 50 Pro est un smartphone puissant avec 8 Go de RAM et 128 Go de stockage. Il dispose d’un écran de 6,78 pouces pour une expérience visuelle exceptionnelle.

Profitez de nos promotions pour l’obtenir à un prix compétitif au Sénégal.",https://promo.sn/wp-content/uploads/2026/08/tecno-spark-50-pro-blue-1024x1024.webp,,,Neuf,Dakar,,
itel A200 – Smartphone 4G 6.75 120Hz 5000mAh IP65,Téléphones & Accessoires,59900,67100,,5,"Découvrez le **itel A200**, un smartphone 4G robuste et abordable pour le marché sénégalais. Profitez d’un **écran 6.75 pouces** à 120Hz et d’une **batterie longue durée de 5000mAh**.",https://promo.sn/wp-content/uploads/2026/08/itel-a200-principal-coloris-1024x1024.webp,,,Neuf,Dakar,,
"Watch Tecno WO3 – Montre Connectée, Suivi d’Activité",Téléphones & Accessoires,14900,17600,,5,"La montre connectée Tecno WO3 combine style et fonctionnalités pour vous accompagner au quotidien. Suivi d’activité, notifications intelligentes et bonne autonomie. Parfait pour les Sénégalais actifs.",https://promo.sn/wp-content/uploads/2026/08/tecno-watch-1024x1024.webp,,,Neuf,Dakar,,
"Watch Tecno WN01 – Montre Connectée, Suivi d’Activité",Téléphones & Accessoires,23900,28200,,5,La montre connectée Tecno WN01 est parfaite pour suivre vos activités quotidiennes et rester connecté. Elle offre une bonne autonomie et des notifications intelligentes. Idéale pour les Sénégalais qui veulent rester actifs et connectés,https://promo.sn/wp-content/uploads/2026/08/tecno-watch-1024x1024.webp,,,Neuf,Dakar,,
Speaker Tecno S5 – Enceinte Bluetooth Portable,Téléphones & Accessoires,21900,25800,,5,"L’enceinte Bluetooth Tecno S5 offre un son puissant et clair, une connexion sans fil stable et une bonne autonomie pour vous accompagner partout. Idéale pour les amateurs de musique au Sénégal, cette enceinte est parfaite pour les soirées avec amis ou les voyages.",https://promo.sn/wp-content/uploads/2026/08/tecno-speaker-s5-1024x1024.webp,,,Neuf,Dakar,,
Speaker Tecno S3 – Enceinte Bluetooth Portable,Téléphones & Accessoires,12900,15200,,5,"L’enceinte Bluetooth Tecno S3 offre un son puissant et clair, idéale pour les amateurs de musique au Sénégal. Avec une connexion sans fil stable et une bonne autonomie, elle vous accompagne partout.",https://promo.sn/wp-content/uploads/2026/08/tecno-speaker-s3-1024x1024.webp,,,Neuf,Dakar,,
Ecouteur Tecno 31C – Ecouteurs Filaires Confortables,Téléphones & Accessoires,2500,3100,,5,L’écouteur Tecno 31C offre un son clair et un confort optimal pour une utilisation prolongée. Compatible avec la plupart des téléphones Tecno et Android. Idéal pour les utilisateurs sénégalais qui recherchent un son de qualité à un prix abordable,https://promo.sn/wp-content/uploads/2026/08/tecno-ecouteur-31c-1024x1024.webp,,,Neuf,Dakar,,
Cable Tecno CC01 – Câble de Charge et Transfert de Données,Téléphones & Accessoires,2900,3600,,5,"Le câble Tecno CC01 assure une charge rapide et un transfert de données stable pour votre téléphone. Conçu pour un usage quotidien, il est robuste et durable. Idéal pour les utilisateurs sénégalais qui ont besoin d’un câble de charge fiable.",https://promo.sn/wp-content/uploads/2026/08/tecno-usb-cable-1024x1024.webp,,,Neuf,Dakar,,
Cable Tecno TCD-C11 – Câble USB-C de Charge et Transfert de Données,Téléphones & Accessoires,2500,3100,,5,"Le câble Tecno TCD-C11 USB-C est conçu pour une charge rapide et un transfert de données stable. Il est robuste et durable, parfait pour un usage quotidien au Sénégal. Profitez d’une connexion fiable pour vos appareils.",https://promo.sn/wp-content/uploads/2026/08/tecno-usb-cable-1024x1024.webp,,,Neuf,Dakar,,
Cable Tecno TCD-M13 – Câble de Charge et Transfert de Données,Téléphones & Accessoires,1900,2400,,5,"Le câble Tecno TCD-M13 assure une charge rapide et un transfert de données stable.

Robuste et durable pour un usage quotidien.

Idéal pour les téléphones Tecno",https://promo.sn/wp-content/uploads/2026/08/tecno-usb-cable-1024x1024.webp,,,Neuf,Dakar,,
Power Bank Tecno S101Q 10000mAh – Batterie Externe Compacte,Téléphones & Accessoires,10900,12900,,5,Batterie externe compacte et légère pour recharger votre téléphone en déplacement. Capacité de 10000mAh pour une autonomie prolongée. Idéal pour les utilisateurs de téléphone à Dakar et au Sénégal,https://promo.sn/wp-content/uploads/2026/08/tecno-power-bank-1024x1024.webp,,,Neuf,Dakar,,
Power Bank Tecno PDC2 20000mAh – Batterie Externe Grande Capacité,Téléphones & Accessoires,19900,23500,,5,Rechargez vos appareils plusieurs fois avec le Power Bank Tecno PDC2 20000mAh. Compact et fiable pour vos déplacements au quotidien. Idéal pour les Sénégalais qui recherchent une batterie externe de grande capacité,https://promo.sn/wp-content/uploads/2026/08/tecno-power-bank-1024x1024.webp,,,Neuf,Dakar,,
Chargeur Tecno XCU32-M13 – Charge Rapide,Téléphones & Accessoires,3500,4400,,5,"Le chargeur Tecno XCU32-M13 offre une charge rapide et sûre pour votre téléphone. Compatible avec la plupart des appareils Tecno et Android, il est idéal pour les utilisateurs sénégalais qui ont besoin d’une charge rapide et fiable.",https://promo.sn/wp-content/uploads/2026/06/tecno-e60t-65w-gan-charger-main.png,,,Neuf,Dakar,,
Chargeur Tecno E01S – Charge Rapide,Téléphones & Accessoires,3900,4900,,5,"Le chargeur Tecno E01S est conçu pour offrir une charge rapide et sûre pour votre téléphone. Compatible avec la plupart des appareils Tecno et Android, il est idéal pour les utilisateurs sénégalais qui recherchent un chargeur fiable et efficace. Avec sa conception robuste et son prix abordable en CFA, c’est le choix parfait pour ceux qui veulent charger leur téléphone en toute sécurité",https://promo.sn/wp-content/uploads/2026/06/tecno-e60t-65w-gan-charger-main.png,,,Neuf,Dakar,,
Chargeur Tecno E20D – Charge Rapide,Téléphones & Accessoires,7900,9900,,5,"Le chargeur Tecno E20D offre une charge rapide et sûre pour votre téléphone. Compatible avec la plupart des appareils Tecno et Android, il est idéal pour les utilisateurs qui ont besoin d’une charge rapide et fiable.",https://promo.sn/wp-content/uploads/2026/06/tecno-e60t-65w-gan-charger-main.png,,,Neuf,Dakar,,
Machine à laver Astech 12kg semi automatique TWT12-B102-NL,Électroménager,141500,158500,,5,"La Astech TWT12-B102-NL est une machine à laver semi-automatique de 12 kg, conçue pour répondre aux besoins des familles et aux grandes lessives. Son système permet de réaliser le lavage puis l’essorage dans des compartiments séparés. Son chargement par le haut facilite l’ajout et le retrait du linge",https://www.soumari.com/wp-content/uploads/2026/08/Machine-a-laver-Astech-12kg-semi-automatique-TWT12-B102-NL-1-300x300.jpg,,,Neuf,Dakar,,
Machine à laver Astech 14kg semi automatique TWT14-B102-NL,Électroménager,155300,173900,,5,"La Astech TWT14-B102-NL est une machine à laver semi-automatique d’une grande capacité de 14 kg. Son système à double cuve permet de réaliser le lavage et l’essorage dans des compartiments séparés. Avec sa grande capacité, elle convient particulièrement aux familles nombreuses et aux personnes qui souhaitent laver de grandes quantités de vêtements en une seule fois.",https://www.soumari.com/wp-content/uploads/2026/08/Machine-a-laver-Astech-14kg-semi-automatique-TWT14-B102-NL-1-1-300x300.jpg,,,Neuf,Dakar,,
Machine à laver LG 8KG semi automatique TOP LOAD P800R3AGNC,Électroménager,130500,146200,,5,"La LG P800R3AGNC est une machine à laver double cuve de 8 kg, conçue pour faciliter le lavage et l’essorage du linge au quotidien. Elle bénéficie de la technologie RollerJet 3D, qui utilise des rouleaux à l’intérieur de la cuve pour aider à décoller les saletés. Sa fonction Wind Jet Dry fait circuler l’air pendant l’essorage afin de réduire l’humidité du linge et d’accélérer son séchage",https://www.soumari.com/wp-content/uploads/2026/08/Machine-a-laver-LG-8KG-semi-automatique-TOP-LOAD-P800R3AGNC-300x300.jpg,,,Neuf,Dakar,,
Ventilateur à eau roch 12 litres RC12LR,Électroménager,44000,51900,,5,"Le ROCH RC12LR est un ventilateur à eau / rafraîchisseur d’air conçu pour vous aider à supporter les fortes chaleurs. Il combine la ventilation et le refroidissement par évaporation de l’eau afin de diffuser un air plus agréable. Avec son réservoir de 12 litres, il offre un bon compromis entre capacité et encombrement. Il peut être utilisé dans différentes pièces de la maison ainsi que dans les bureaux, boutiques et autres petits espaces professionnels.",https://www.soumari.com/wp-content/uploads/2026/08/Ventilateur-a-eau-roch-12-litres-RC12LR-300x300.jpg,,,Neuf,Dakar,,
Ventilateur à eau ROCH 50 litres RC50L AC,Électroménager,90000,100800,,5,"Le ROCH RC50L AC est un ventilateur à eau grande capacité conçu pour améliorer la circulation et le rafraîchissement de l’air. Son réservoir de 50 litres permet de disposer d’une importante réserve d’eau pour une utilisation prolongée. Grâce à son système de refroidissement par eau, il est particulièrement adapté aux périodes de forte chaleur. Sa grande capacité le rend pratique pour les espaces nécessitant une ventilation et un rafraîchissement réguliers.",https://www.soumari.com/wp-content/uploads/2026/08/Ventilateur-a-eau-ROCH-50-litres-RC50L-AC-300x300.jpg,,,Neuf,Dakar,,
Ventilateur à eau ROCH 30 litres RC30LR,Électroménager,64300,72000,,5,"Le ROCH RC30LR est un ventilateur à eau / rafraîchisseur d’air équipé d’un grand réservoir de 30 litres. Il associe la ventilation et le refroidissement par évaporation pour apporter une sensation de fraîcheur agréable. Son réservoir de grande capacité permet une utilisation prolongée sans avoir à ajouter fréquemment de l’eau. Il est particulièrement adapté aux périodes de forte chaleur et peut être utilisé dans différentes pièces de la maison, au bureau ou dans un espace professionnel.",https://www.soumari.com/wp-content/uploads/2026/08/Ventilateur-a-eau-ROCH-30-litres-RC30LR-300x300.jpg,,,Neuf,Dakar,,
Ventilateur crompton whirl wind plafonnier,Électroménager,20500,24200,,5,"Le Crompton Whirl Wind est un ventilateur plafonnier de 900 mm, conçu pour assurer une circulation efficace de l’air dans les espaces intérieurs. Son installation au plafond permet de libérer l’espace au sol tout en favorisant une diffusion de l’air dans la pièce. le Whirl Wind est particulièrement adapté aux chambres, salons et salles à manger. Sa finition blanche lui permet de s’intégrer facilement dans différents styles d’intérieur.",https://www.soumari.com/wp-content/uploads/2026/08/Ventilateur-crompton-whirl-wind-plafonnier-1-300x300.jpg,,,Neuf,Dakar,,
Ventilateur CROMPTON plafonnier,Électroménager,20750,24500,,5,"Le ventilateur Crompton plafonnier est conçu pour assurer une circulation d’air régulière et confortable dans la pièce. Son installation directement au plafond permet de libérer l’espace au sol tout en offrant une diffusion de l’air sur une zone étendue. Grâce à sa conception adaptée à une installation fixe, il constitue une solution pratique pour les pièces nécessitant une ventilation quotidienne. Il peut être utilisé dans une maison, un appartement, un bureau, un commerce ou un espace professionnel.",https://www.soumari.com/wp-content/uploads/2026/08/Ventilateur-CROMPTON-plafonnier-1-1-300x300.jpg,,,Neuf,Dakar,,
Ventilateur coralstar plafonnier 24″ blanc CS-2401,Électroménager,12200,14400,,5,"Le Coralstar CS-2401 est un ventilateur plafonnier de 24 pouces conçu pour assurer une circulation efficace de l’air tout en optimisant l’espace disponible. Sa fixation au plafond permet de libérer complètement l’espace au sol et de diffuser l’air de manière homogène dans la pièce. Ce modèle est équipé de 4 pales métalliques, offrant une conception robuste et adaptée à une utilisation régulière. Son moteur puissant permet de générer un flux d’air efficace pour améliorer le confort pendant les périodes de forte chaleur.",https://www.soumari.com/wp-content/uploads/2026/08/Ventilateur-coralstar-plafonnier-24-blanc-CS-2401-1-1-300x300.jpg,,,Neuf,Dakar,,
Ventilateur coralstar plafonnier CS-5601,Électroménager,22000,26000,,5,"Le Ventilateur Coralstar CS-5601 est un ventilateur de plafond conçu pour améliorer la circulation de l’air tout en optimisant l’espace disponible dans la pièce. Contrairement aux modèles sur pied ou muraux, son installation au plafond permet de libérer complètement le sol. Grâce à sa position en hauteur, il favorise une diffusion homogène de l’air dans la pièce et convient parfaitement aux espaces de vie et de travail.",https://www.soumari.com/wp-content/uploads/2026/08/Ventilateur-coralstar-plafonnier-CS-5601-300x300.jpg,,,Neuf,Dakar,,
Ventilateur global com sur pied 18″ VSP-1823,Électroménager,13800,16300,,5,"Le Ventilateur Global Com VSP-1823 est un ventilateur sur pied de 18 pouces, conçu pour favoriser une circulation efficace de l’air dans les pièces. Grâce à son format sur pied, il peut être installé facilement à l’endroit souhaité et déplacé selon les besoins. Son diamètre de **18 pouces** permet une diffusion d’air adaptée aux espaces de vie et de travail. Sa conception sur pied évite toute fixation murale et offre davantage de flexibilité pour positionner le flux d’air.",https://www.soumari.com/wp-content/uploads/2026/08/Ventilateur-global-com-sur-pied-18-VSP-1823-300x300.jpg,,,Neuf,Dakar,,
Ventilateur champion sur pied avec commande N10 MMS-AT10,Électroménager,16500,19500,,5,"Le Ventilateur Champion N10 MMS-AT10 est un ventilateur **sur pied** conçu pour assurer une circulation efficace de l’air dans différentes pièces. Sa conception mobile permet de le déplacer facilement selon vos besoins et de l’utiliser dans plusieurs espaces de la maison ou du lieu de travail. Grâce à sa **commande**, son utilisation est simple et pratique. Il permet de gérer facilement son fonctionnement pour adapter la ventilation aux besoins de l’utilisateur.",https://www.soumari.com/wp-content/uploads/2026/08/Ventilateur-champion-sur-pied-avec-commande-N10-MMS-AT10-2-300x300.jpg,,,Neuf,Dakar,,
Ventilateur champion sur pied avec Commande N12 MMS-AT12,Électroménager,18200,21500,,5,"Le Ventilateur Champion N12 MMS-AT12 est un ventilateur sur pied conçu pour assurer une circulation d’air efficace tout en offrant une grande liberté d’installation. Contrairement à un modèle mural, son pied permet de le déplacer facilement d’une pièce à une autre selon les besoins. Équipé d’une **commande**, il offre une utilisation simple et pratique au quotidien. Sa conception sur pied permet également de positionner la ventilation à une hauteur adaptée afin de favoriser une meilleure diffusion de l’air.",https://www.soumari.com/wp-content/uploads/2026/08/Ventilateur-champion-sur-pied-avec-Commande-N12-MMS-AT12-2-300x300.jpg,,,Neuf,Dakar,,
Ventilateur champion mural avec commande VMCAT-OPPSV26,Électroménager,24000,28300,,5,"Le Ventilateur champion mural avec commande VMCAT-OPPSV26 est un ventilateur mural conçu pour assurer une circulation efficace de l’air tout en optimisant l’espace disponible. Son installation murale permet de libérer le sol et de profiter d’une ventilation pratique dans différentes pièces. Équipé d’une commande, il permet une utilisation simple et pratique au quotidien. Sa conception murale est particulièrement adaptée aux chambres, salons, bureaux, boutiques et autres espaces nécessitant une bonne circulation de l’air.",https://www.soumari.com/wp-content/uploads/2026/08/Ventilateur-champion-mural-avec-commande-VSCAT-OPPSV26-300x300.jpg,,,Neuf,Dakar,,
Ventilateur champion mural 18 avec commande VMCAT-MST26,Électroménager,20200,23800,,5,"Le Ventilateur champion mural 18 avec commande VMCAT-MST26 est un ventilateur mural de 18 pouces, conçu pour assurer une circulation d’air efficace tout en optimisant l’espace disponible au sol. Grâce à son installation murale, il convient particulièrement aux pièces où l’espace est limité. Il peut être installé dans une chambre, un salon, un bureau, un magasin ou encore un espace professionnel. Son système de commande permet de contrôler facilement son fonctionnement. Le diamètre de 18 pouces offre une couverture d’air adaptée pour rafraîchir efficacement la pièce et améliorer la sensation de confort",https://www.soumari.com/wp-content/uploads/2026/08/Ventilateur-champion-mural-18-avec-commande-VSCAT-MST26-1-300x300.jpg,,,Neuf,Dakar,,
Réfrigérateur finix combine 4 tiroirs defrost 270L FIN270,Électroménager,206000,222500,,5,"Le Réfrigérateur Finix FIN270 est un réfrigérateur combiné de 270 litres, conçu pour répondre aux besoins quotidiens des familles. Il associe un espace réfrigérateur pratique à un compartiment congélateur équipé de 4 tiroirs, permettant de mieux organiser et séparer les différents aliments. Avec sa capacité de 270 L, il offre suffisamment d’espace pour stocker les produits frais, boissons, fruits, légumes, viandes et produits surgelés.",https://www.soumari.com/wp-content/uploads/2026/08/Refrigerateur-finix-combine-4-tiroirs-defrost-270L-FIN270--300x300.jpg,,,Neuf,Dakar,,
Réfrigérateur Astech combiné 4 tiroirs gris FC-280DR / PS,Électroménager,200000,216000,,5,"Le réfrigérateur Astech FC-280DR / PS est un modèle combiné à 2 portes  , conçu pour répondre aux besoins des familles à la recherche d’un appareil pratique et spacieux. Ses 4 tiroirs de congélateur permettent de classer facilement les viandes, poissons, légumes, produits surgelés et autres aliments. Les étagères réglables du compartiment réfrigérateur offrent également davantage de flexibilité pour organiser les bouteilles, plats et produits alimentaires.",https://www.soumari.com/wp-content/uploads/2026/08/Refrigerateur-Astech-combine-4-tiroirs-gris-FC-280DR-PS-2-300x300.jpg,,,Neuf,Dakar,,
Cuisinière Hisense 4 feux 50×50 à gaz noir HFG50111B,Électroménager,125000,140000,,5,"La Hisense HFG50111B est une cuisinière à gaz 4 feux au format 50×50 cm, pensée pour offrir une solution de cuisson complète tout en occupant peu d’espace. Son format compact convient particulièrement aux appartements, petites cuisines et espaces où chaque centimètre compte. La cuisinière intègre également un four à gaz, pratique pour préparer des gratins, pâtisseries, rôtis et différents plats nécessitant une cuisson au four",https://www.soumari.com/wp-content/uploads/2026/08/Cuisiniere-Hisense-4-feux-50x50-a-gaz-noir-HFG50111B-300x300.jpg,,,Neuf,Dakar,,
Réfrigérateur finix combine 3 tiroirs defrost 190l gris 480X500X1420 FIN190,Électroménager,153000,171400,,5,"Le Réfrigérateur FINIX FIN190 est un réfrigérateur combiné d’une capacité de 190 litres, conçu pour offrir une excellente conservation des aliments tout en optimisant l’espace de rangement. Son design compact et élégant en gris s’intègre parfaitement dans toutes les cuisines modernes. Il est équipé d’un réfrigérateur supérieur et d’un congélateur inférieur à 3 tiroirs, permettant de stocker facilement les aliments frais et surgelés. Le système Defrost assure un refroidissement efficace et homogène, tandis que le condenseur externe favorise une meilleure dissipation de la chaleur et facilite l’entretien.",https://www.soumari.com/wp-content/uploads/2026/07/Refrigerateur-finix-combine-3-tiroirs-defrost-190l-gris-480X500X1420-FIN190-1-300x300.jpg,,,Neuf,Dakar,,
Machine à laver SILTA 7kg semi automatique SWT7000,Électroménager,99700,111700,,5,"La Machine à Laver SILTA SWT7000 est un lave-linge semi-automatique à double cuve conçu pour offrir un lavage efficace, rapide et économique. Avec sa capacité de 7 kg, elle répond parfaitement aux besoins des célibataires, couples et familles de taille moyenne. Grâce à son système double cuve, vous pouvez laver le linge dans une cuve tout en essorant une autre charge dans la seconde, ce qui réduit le temps nécessaire pour terminer votre lessive. Son moteur puissant garantit un nettoyage efficace des vêtements tout en respectant les tissus.",https://www.soumari.com/wp-content/uploads/2026/07/Machine-a-laver-SILTA-7kg-semi-automatique-SWT7000-1-1-300x300.jpg,,,Neuf,Dakar,,
Machine à laver SILTA 10kg semi automatique blanc SWT10000,Électroménager,123000,137800,,5,"La Machine à Laver SILTA SWT10000 est un lave-linge semi-automatique à double cuve conçu pour offrir des performances de lavage efficaces tout en réduisant la consommation d’eau et d’énergie. Avec sa capacité de 10 kg, elle convient parfaitement aux familles nombreuses ainsi qu’au lavage des vêtements volumineux comme les draps, couvertures et rideaux.",https://www.soumari.com/wp-content/uploads/2026/07/Machine-a-laver-SILTA-10kg-semi-automatique-blanc-SWT10000-1-300x300.jpg,,,Neuf,Dakar,,
Réfrigérateur Binatone bar 2 portes Fr-112D,Électroménager,85000,95200,,5,"Le Réfrigérateur Binatone FR-112D est un réfrigérateur bar à double porte conçu pour offrir une excellente capacité de conservation dans un format compact. Avec un volume total de 90 litres, il permet de conserver efficacement les aliments frais et surgelés tout en optimisant l’espace. Grâce à son système de refroidissement performant et son condenseur extérieur, le FR-112D assure une température homogène et une meilleure dissipation de la chaleur, garantissant une conservation optimale des aliments. Son thermostat réglable permet d’adapter facilement le niveau de froid selon vos besoins.",https://www.soumari.com/wp-content/uploads/2026/07/Refrigerateur-Binatone-bar-2-portes-Fr-112D-1-1-300x300.jpg,,,Neuf,Dakar,,
Réfrigérateur vitrine Astech FV384AC – 384L,Électroménager,343000,370400,,5,,https://www.electromenager-dakar.com/wp-content/uploads/2022/03/Refrigerateur-vitrine-247x296.png.webp,,,Neuf,Dakar,,
Réfrigérateur Bar Sharp SJ-K135X – 130L,Électroménager,90000,100800,,5,Marque: Sharp; Type de projet: Réfrigérateur Bar Sharp SJ-K135X – 130L; Classe énergétique A; Capacité brute: 130L; Capacité nette : N/S; Capacite nette Réfrigérateur/Congélateur: N/S / N/S; Référence: SJ-K135X,https://www.electromenager-dakar.com/wp-content/uploads/2025/02/1-14-247x296.jpg,,,Neuf,Dakar,,
Réfrigérateur combiné Hisense RD-23DC4SA – 3T 175L,Électroménager,160000,179200,,5,Marque: Hisense; Type de produit: Réfrigérateur combiné; Capacité Brute: N/S; Capacité nette: 175 litres; Volume du réfrigérateur: 122 L; Volume du congélateur: 53 L; Classe énergétique: E; Nombre de tiroirs: 3; Couleur: Gris; Référence: RD-23DC4SA,https://www.electromenager-dakar.com/wp-content/uploads/2025/02/1-4-7-1-247x296.jpg.webp,,,Neuf,Dakar,,
Réfrigérateur combiné Beko RCSE300K30SN – 287 L,Électroménager,272000,293800,,5,Marque: Beko; Type de produit: Réfrigérateur combiné; Volume net: 286 L; Volume net réfrigérateur: 167 L; Volume net congélateur: 119 L; Capacité de congélation: 3 kg; Classe Energétique : F; Technologie : Minfrost; Autonomie du congélateur: 15h; Référence: RCSE300K30SN,https://www.electromenager-dakar.com/wp-content/uploads/2025/02/11-7-1-247x296.png,,,Neuf,Dakar,,
Réfrigérateur bar-vitrine -hisense- RJ-12D4NX Vitré – 94L,Électroménager,120000,134400,,5,Marque: HISENSE; Type de produit: Réfrigérateur bar-vitrine -hisense- RJ-12D4NX Vitré – 94L; Classe énergétique : N/S; Capacité brute : 94L; Capacité Nette: N/S; Capacité nette Réfrigérateur/Congélateur: N/S  /94L; Référence : RJ-12D4N,https://www.electromenager-dakar.com/wp-content/uploads/2025/02/h.f.1-247x296.png.webp,,,Neuf,Dakar,,
Réfrigérateur combiné Astech FC-180S – 180L – 3T,Électroménager,156000,174700,,5,Marque: Astech; Type de produit: Réfrigérateur Combiné congélation bas Astech FC-180S 180L; Classe énergétique: A++; Capacité brute/nette: N/S /180L; Capacité nette réfrigérateur/ congélateur: 110L/ 70L; Référence:FC-180S,https://www.electromenager-dakar.com/wp-content/uploads/2024/02/Refrigerateur-combine-Astech-FC-180S-247x296.png.webp,,,Neuf,Dakar,,
Réfrigérateur Combiné Hisense RD-34DC4SB – 240L – 4Tirroirs,Électroménager,235000,253800,,5,,https://www.electromenager-dakar.com/wp-content/uploads/2020/09/Refrigerateur-Combine-Hisense-247x296.png.webp,,,Neuf,Dakar,,
Réfrigérateur combiné Hisense RD-35DC4SA – 264 L-3tiroirs,Électroménager,225000,243000,,5,Marque: Hisense; Type de produit: Réfrigérateur combiné congélation bas Hisense RD-35DC4SA 264 L; Classe énergétique: A+; Capacité Brute : N/S; Capacité nette : 264 litres; Capacité nette réfrigérateur/ congélateur: 198 L/ 66L; Référence: RD-35DC4SA,https://www.electromenager-dakar.com/wp-content/uploads/2025/02/11-5-1-1-247x296.jpg.webp,,,Neuf,Dakar,,
Réfrigérateur mini bar Astech FB-50 – 46 L,Électroménager,55000,61600,,5,,https://www.electromenager-dakar.com/wp-content/uploads/2020/09/MINI-BAR-ASTECH-247x296.png.webp,,,Neuf,Dakar,,
Réfrigérateur mini bar Hisense RS-06DR4 – 46 litres,Électroménager,70000,78400,,5,,https://www.electromenager-dakar.com/wp-content/uploads/2017/04/Refrigerateur-bar-Hisense-247x296.png.webp,,,Neuf,Dakar,,
Réfrigérateur 2-portes Hisense RD-22DR4SA – 168 L,Électroménager,160000,179200,,5,Marque: Hisense; Type de produit: Réfrigérateur combiné; Classe énergétique: A+; Capacité brute: N/S; Capacité nette: 168 L; Capacité nette de réfrigérateur/ congélateur: 126 L/ 42 L; Référence: RD-22DR4SA,https://www.electromenager-dakar.com/wp-content/uploads/2025/02/11-9-1-247x296.jpg.webp,,,Neuf,Dakar,,
Réfrigérateur 2-portes Hisense RD-39DR4SA TM 249 L,Électroménager,230000,248400,,5,Marque: Hisense; Type de produit: Réfrigérateur 2-portes Hisense; Classe énergétique: A+; Capacité brute/nette: 258 L/ 249L; Capacité nette de réfrigérateur/ congélateur: N/S/ N/S; Référence: RD-39DR4SA,https://www.electromenager-dakar.com/wp-content/uploads/2026/02/RD-39DR4SA-247x296.png.webp,,,Neuf,Dakar,,
Machine à laver Hisense WFVB6010MT – 6kg – A++,Électroménager,160000,179200,,5,Marque: Hisense; Type de produit: Machine à laver WFVB6010MT – 6kg – A++; Vitesse d’essorage: 1000 tour/min; Programme lavage: 15 programmes; Classe énergétique: A++; Options: Départ différé (0–24h)/ Verrouillage enfant; Référence: WFVB6010MS,https://www.electromenager-dakar.com/wp-content/uploads/2025/02/Electromenager-dakar-112-247x296.png.webp,,,Neuf,Dakar,,
Machine à laver Astech MLV70B-N71NV-LC – 7kg -Inverter,Électroménager,175000,196000,,5,Marque: Astech; Type de produit: Machine à laver; Capacité de lavage: 7 kg; Vitesse d’essorage: 1000tr/min; Model Inverter; Nombre de programmes: 16; Classe énergétique: A+++; Référence: MLV70B-N71NV-LC,https://www.electromenager-dakar.com/wp-content/uploads/2024/05/Machine-a-Laver-astech-247x296.png.webp,,,Neuf,Dakar,,
Machine à laver Roch RWM-60S-H – 6kg – A+++-GRIS,Électroménager,168000,188200,,5,Marque: Roch; Type de produit: Machine à laver; Capacité: 6kg; Vitesse d’essorage: 1000 tour/min; Affichage LED; Classe énergétique: A+++; Référence: RWM-60S-H,https://www.electromenager-dakar.com/wp-content/uploads/2022/01/Electromenager-Dakar-1-247x296.png,,,Neuf,Dakar,,
Machine à laver Astech MLV90B-N91NV-LC – 9kg -Inverter,Électroménager,235000,253800,,5,Marque: Astech; Type de produit: Machine à laver; Capacité de lavage: 9 kg; Vitesse d’essorage: 1400tr/min; Classe énergétique: A+++; Model Inverter; Nombre de programmes: 16; Référence: MLV90B-N91NV-LC,https://www.electromenager-dakar.com/wp-content/uploads/2025/02/as1-4-247x296.png,,,Neuf,Dakar,,
Machine à laver Sharp ES-FE810DZL-S 8Kg Silver – A++,Électroménager,216000,233300,,5,Marque: Sharp; Type de produit: machine à laver; Capacité de lavage: 8 kg; Classe énergétique: A++; Vitesse d’essorage: 1200tr/min; Lavage rapide 15min; Fonction de repassage facile; Fonction anti-allergique; Référence: ES-FE810DZL,https://www.electromenager-dakar.com/wp-content/uploads/2025/02/machine-1-247x296.jpg.webp,,,Neuf,Dakar,,
Machine à laver LG FH2J3WDNPO – 6.5 kg,Électroménager,235000,253800,,5,,https://www.electromenager-dakar.com/wp-content/uploads/2020/11/11-39-247x296.jpg.webp,,,Neuf,Dakar,,
Machine à laver Sharp Es-FE710DZL-S 7Kg,Électroménager,180000,201600,,5,Marque: Sharp; Type de produit: machine à laver; Type de chargement: frontal; Capacité de lavage: 7 kg; Classe énergétique: A++; Vitesse d’essorage: 1000tr/min; Lavage rapide 15min; Fonction de repassage facile; Fonction anti-allergique; Porte à grande ouverture; Référence: Es-FE710DZL-S,https://www.electromenager-dakar.com/wp-content/uploads/2020/04/Machine-a-Laver-SHARP-7kg-247x296.png,,,Neuf,Dakar,,
Machine à laver Astech MLV80B-N8INV-LC – 8kg (Inverter),Électroménager,216000,233300,,5,Marque: Astech; Type de produit: Machine à laver; Capacité de lavage: 8 kg; Nombre de programmes: 16; Vitesse d’essorage:1400 tr/min; Classe Énergétique de Lavage: A+++; Référence: MLV80B-N8INV-LC,https://www.electromenager-dakar.com/wp-content/uploads/2025/03/machine-a-laver-astech-247x296.png,,,Neuf,Dakar,,
Machine à laver Sharp Es-fe610czl-s – 6Kg Silver – A++,Électroménager,168000,188200,,5,Marque: Sharp; Type de produit: machine à laver; Capacité de lavage: 6 kg; Classe énergétique: A++; Vitesse d’essorage: 1000tr/min; Lavage rapide 15min; Fonction de repassage facile; Fonction anti-allergique; Référence: Es-fe610czl-s,https://www.electromenager-dakar.com/wp-content/uploads/2025/02/machine-1-247x296.jpg.webp,,,Neuf,Dakar,,
Machine à laver LG F2Y1HYP6J – 7Kg,Électroménager,282000,304600,,5,Marque: LG; Type de produit: Machine à laver; Capacité de lavage: 7kg; Nombre de programmes: 11; Vitesse d’essorage: 1200 tr/min; Classe Énergétique de Lavage: A+++; Référence: F2Y1HYP6J,https://www.electromenager-dakar.com/wp-content/uploads/2025/02/37-2-1-247x296.png.webp,,,Neuf,Dakar,,
Machine à laver LG F2Y1TYP6J – 8Kg,Électroménager,314000,339100,,5,Marque: LG; Type de produit: Machine à laver; Capacité de lavage: 8kg; Nombre de programmes: 10; Vitesse d’essorage: 1200 tr/min; Classe Énergétique de Lavage: A+++; Référence: F2Y1TYP6J,https://www.electromenager-dakar.com/wp-content/uploads/2025/02/37-2-1-247x296.png.webp,,,Neuf,Dakar,,
Machine à laver LG F0L9DYP2S – 15kg,Électroménager,621000,670700,,5,Marque: LG; Type de produit: Machine à laver; Capacité de lavage: 15 kg; Vitesse d’essorage: 1400 tour/min; Affichage LED; Classe énergétique: D; Lavage vapeur anti-allergie; Référence: F0L9DYP2S,https://www.electromenager-dakar.com/wp-content/uploads/2025/02/Electromenager-dakar-21-2-247x296.png,,,Neuf,Dakar,,
