produit,categorie,fournisseur,telephone_fournisseur,whatsapp_fournisseur,email_fournisseur,prix_fcfa,lien_produit_source,photo_locale
Honor T10 – 64 Go – RAM 4 Go,Téléphones,Soumari.com,+221 78 636 56 20,https://wa.me/221786365620,,66 900,https://www.soumari.com/produit/honor-t10-64-go-ram-4-go/,Honor_T10_–_64_Go_–_RAM_4_Go.jpg
Honor X7E – 256 Go – RAM 6 Go,Téléphones,Soumari.com,+221 78 636 56 20,https://wa.me/221786365620,,134 600,https://www.soumari.com/produit/honor-x7e-256-go-ram-6-go/,Honor_X7E_–_256_Go_–_RAM_6_Go.jpg
Honor X7E – 128 Go – RAM 6 Go,Téléphones,Soumari.com,+221 78 636 56 20,https://wa.me/221786365620,,120 600,https://www.soumari.com/produit/honor-x7e-128-go-ram-6-go/,Honor_X7E_–_128_Go_–_RAM_6_Go.jpg
Honor X5C- 64 Go – RAM 4 Go,Téléphones,Soumari.com,+221 78 636 56 20,https://wa.me/221786365620,,63 000,https://www.soumari.com/produit/honor-x5c-64-go-ram-4-go/,Honor_X5C-_64_Go_–_RAM_4_Go.jpg
Redmi A7 pro – 64 Go – RAM 4 Go,Téléphones,Soumari.com,+221 78 636 56 20,https://wa.me/221786365620,,75 000,https://www.soumari.com/produit/redmi-a7-pro-64-go-ram-4-go/,Redmi_A7_pro_–_64_Go_–_RAM_4_Go.jpg
Redmi A7 pro – 128 Go – RAM 4 Go,Téléphones,Soumari.com,+221 78 636 56 20,https://wa.me/221786365620,,81 300,https://www.soumari.com/produit/redmi-a7-pro-128-go-ram-4-go/,Redmi_A7_pro_–_128_Go_–_RAM_4_Go.jpg
Redmi A7 – 64 Go – RAM 3 Go,Téléphones,Soumari.com,+221 78 636 56 20,https://wa.me/221786365620,,66 500,https://www.soumari.com/produit/redmi-a7-64-go-ram-3-go/,Redmi_A7_–_64_Go_–_RAM_3_Go.jpg
Téléphone Honor X9D – 256 Go – RAM 12 Go,Téléphones,Soumari.com,+221 78 636 56 20,https://wa.me/221786365620,,183 000,https://www.soumari.com/produit/telephone-honor-x9d-256-go-ram-12-go/,Telephone_Honor_X9D_–_256_Go_–_RAM_12_Go.webp
Téléphone Honor X8D – 256 Go – RAM 8 Go,Téléphones,Soumari.com,+221 78 636 56 20,https://wa.me/221786365620,,131 200,https://www.soumari.com/produit/telephone-honor-x8d-256-go-ram-8-go/,Telephone_Honor_X8D_–_256_Go_–_RAM_8_Go.webp
Téléphone HONOR X7D – 256 Go – RAM 8 Go,Téléphones,Soumari.com,+221 78 636 56 20,https://wa.me/221786365620,,106 500,https://www.soumari.com/produit/telephone-honor-x7d-256-go-ram-8-go/,Telephone_HONOR_X7D_–_256_Go_–_RAM_8_Go.webp
Téléphone HONOR X5C PLUS – 128 Go – RAM 4 Go,Téléphones,Soumari.com,+221 78 636 56 20,https://wa.me/221786365620,,71 600,https://www.soumari.com/produit/telephone-honor-x5c-plus-128-go-ram-4-go/,Telephone_HONOR_X5C_PLUS_–_128_Go_–_RAM_4_Go.webp
Redmi note 15 – 256 Go – RAM 8 Go,Téléphones,Soumari.com,+221 78 636 56 20,https://wa.me/221786365620,,144 000,https://www.soumari.com/produit/redmi-note-15-256-go-ram-8-go/,Redmi_note_15_–_256_Go_–_RAM_8_Go.webp
Redmi note 15 pro – 256 Go – RAM 8 Go,Téléphones,Soumari.com,+221 78 636 56 20,https://wa.me/221786365620,,177 000,https://www.soumari.com/produit/redmi-note-15-pro-256-go-ram-8-go/,Redmi_note_15_pro_–_256_Go_–_RAM_8_Go.webp
Redmi note 15 pro – 512 Go – RAM 12 Go,Téléphones,Soumari.com,+221 78 636 56 20,https://wa.me/221786365620,,214 000,https://www.soumari.com/produit/redmi-note-15-pro-512-go-ram-12-go/,Redmi_note_15_pro_–_512_Go_–_RAM_12_Go.webp
Villaon V50s – 64 Go – RAM 8 Go,Téléphones,Soumari.com,+221 78 636 56 20,https://wa.me/221786365620,,42 000,https://www.soumari.com/produit/villaon-v50s-64-go-ram-8-go-2/,Villaon_V50s_–_64_Go_–_RAM_8_Go.webp
Tecno camon 50 ultra – Memoire 512 Go – Ram 8 Go,Téléphones,Soumari.com,+221 78 636 56 20,https://wa.me/221786365620,,280 000,https://www.soumari.com/produit/tecno-camon-50-ultra-memoire-512-go-ram-8-go/,Tecno_camon_50_ultra_–_Memoire_512_Go_–_Ram_8_Go.webp
Tecno Camon 50 pro – Memoire 256 Go – RAM 8 Go,Téléphones,Soumari.com,+221 78 636 56 20,https://wa.me/221786365620,,190 600,https://www.soumari.com/produit/tecno-camon-50-pro-memoire-256-go-ram-8-go/,Tecno_Camon_50_pro_–_Memoire_256_Go_–_RAM_8_Go.webp
Tecno Camon 50 – Memoire 256 Go – Ram 8 Go,Téléphones,Soumari.com,+221 78 636 56 20,https://wa.me/221786365620,,175 800,https://www.soumari.com/produit/tecno-camon-50-memoire-256-go-ram-8-go/,Tecno_Camon_50_–_Memoire_256_Go_–_Ram_8_Go.webp
Villaon V45 – 32 Go,Téléphones,Soumari.com,+221 78 636 56 20,https://wa.me/221786365620,,34 000,https://www.soumari.com/produit/villaon-v45-32-go/,Villaon_V45_–_32_Go.webp
Villaon V112,Téléphones,Soumari.com,+221 78 636 56 20,https://wa.me/221786365620,,5 400,https://www.soumari.com/produit/villaon-v112/,Villaon_V112.webp
Villaon V211,Téléphones,Soumari.com,+221 78 636 56 20,https://wa.me/221786365620,,5 800,https://www.soumari.com/produit/villaon-v211/,Villaon_V211.webp
Villaon V120,Téléphones,Soumari.com,+221 78 636 56 20,https://wa.me/221786365620,,5 700,https://www.soumari.com/produit/villaon-v120/,Villaon_V120.webp
Tecno Spark Slim – 256 Go – RAM 8 Go,Téléphones,Soumari.com,+221 78 636 56 20,https://wa.me/221786365620,,142 000,https://www.soumari.com/produit/tecno-spark-slim-256-go-ram-8-go/,Tecno_Spark_Slim_–_256_Go_–_RAM_8_Go.webp
VILLAON V25 – 64 Go – RAM 4 Go,Téléphones,Soumari.com,+221 78 636 56 20,https://wa.me/221786365620,,27 300,https://www.soumari.com/produit/villaon-v25-64-go-ram-4-go/,VILLAON_V25_–_64_Go_–_RAM_4_Go.webp
ITEL A06 – 64 Go – RAM 4 Go,Téléphones,Soumari.com,+221 78 636 56 20,https://wa.me/221786365620,,35 000,https://www.soumari.com/produit/itel-a06-64-go-ram-4-go/,ITEL_A06_–_64_Go_–_RAM_4_Go.webp
Villaon V50S – 32 Go – RAM 8 Go,Téléphones,Soumari.com,+221 78 636 56 20,https://wa.me/221786365620,,38 000,https://www.soumari.com/produit/villaon-v50s-64-go-ram-8-go/,Villaon_V50S_–_32_Go_–_RAM_8_Go.webp
Téléphone Astech IRIS – 256 Go – RAM 12 Go,Téléphones,Soumari.com,+221 78 636 56 20,https://wa.me/221786365620,,65 000,https://www.soumari.com/produit/telephone-astech-iris-256-go-ram-12-go/,Telephone_Astech_IRIS_–_256_Go_–_RAM_12_Go.webp
Téléphone Astech NEO -128 Go – RAM 8 Go,Téléphones,Soumari.com,+221 78 636 56 20,https://wa.me/221786365620,,48 500,https://www.soumari.com/produit/telephone-astech-neo-128-go-ram-8-go/,Telephone_Astech_NEO_-128_Go_–_RAM_8_Go.webp
Téléviseur LG 55’’ Smart 4K UQ7050PSA,Téléphones,Soumari.com,+221 78 636 56 20,https://wa.me/221786365620,,290 800,https://www.soumari.com/produit/televiseur-lg-55-smart-4k-uq7050psa/,Televiseur_LG_55’’_Smart_4K_UQ7050PSA.webp
Tecno Spark 40 Pro Plus – 256 Go – Ram 8 Go,Téléphones,Soumari.com,+221 78 636 56 20,https://wa.me/221786365620,,113 200,https://www.soumari.com/produit/tecno-spark-40-pro-plus-256-go-ram-8-go/,Tecno_Spark_40_Pro_Plus_–_256_Go_–_Ram_8_Go.webp
Téléphone Honor Play 10 – 64 Go – Ram 3 Go,Téléphones,Soumari.com,+221 78 636 56 20,https://wa.me/221786365620,,49 000,https://www.soumari.com/produit/telephone-honor-play-10-64-go-ram-3-go/,Telephone_Honor_Play_10_–_64_Go_–_Ram_3_Go.webp
Itel P65C 128Go- ram 4Go,Téléphones,Soumari.com,+221 78 636 56 20,https://wa.me/221786365620,,41 500,https://www.soumari.com/produit/itel-p65c-128go-ram-4go/,Itel_P65C_128Go-_ram_4Go.jpg
Itel A90 64Go- Ram 3Go,Téléphones,Soumari.com,+221 78 636 56 20,https://wa.me/221786365620,,37 000,https://www.soumari.com/produit/itel-a90-64go-ram-3go/,Itel_A90_64Go-_Ram_3Go.jpg
Itel A90 128Go- Ram 4Go,Téléphones,Soumari.com,+221 78 636 56 20,https://wa.me/221786365620,,39 900,https://www.soumari.com/produit/itel-a90-128go-ram-4go/,Itel_A90_128Go-_Ram_4Go.jpg
Samsung Galaxy A17 256Go – Ram 8Go,Téléphones,Soumari.com,+221 78 636 56 20,https://wa.me/221786365620,,111 500,https://www.soumari.com/produit/samsung-galaxy-a17-256go-ram-8go/,Samsung_Galaxy_A17_256Go_–_Ram_8Go.jpg
Samsung Galaxy A17 128Go – Ram – 4Go,Téléphones,Soumari.com,+221 78 636 56 20,https://wa.me/221786365620,,85 000,https://www.soumari.com/produit/samsung-galaxy-a17-128go-ram-4go/,Samsung_Galaxy_A17_128Go_–_Ram_–_4Go.jpg
Infinix Note 50 Pro 256Go- Ram 8Go,Téléphones,Soumari.com,+221 78 636 56 20,https://wa.me/221786365620,,139 900,https://www.soumari.com/produit/infinix-note-50-pro-256go-ram-8go/,Infinix_Note_50_Pro_256Go-_Ram_8Go.jpg
Téléphone Villaon V105,Téléphones,Soumari.com,+221 78 636 56 20,https://wa.me/221786365620,,5 100,https://www.soumari.com/produit/telephone-villaon-v105/,Telephone_Villaon_V105.jpg
Téléphone Villaon V110,Téléphones,Soumari.com,+221 78 636 56 20,https://wa.me/221786365620,,5 200,https://www.soumari.com/produit/telephone-villaon-v110/,Telephone_Villaon_V110.jpg
Téléphone Villaon V40S – 32Go – Ram 4 Go,Téléphones,Soumari.com,+221 78 636 56 20,https://wa.me/221786365620,,33 000,https://www.soumari.com/produit/telephone-villaon-v40s-32go-ram-4-go/,Telephone_Villaon_V40S_–_32Go_–_Ram_4_Go.jpg
Téléphone Villaon V5606,Téléphones,Soumari.com,+221 78 636 56 20,https://wa.me/221786365620,,6 000,https://www.soumari.com/produit/telephone-villaon-v5606/,Telephone_Villaon_V5606.jpg
Redmi 15C – 256 Go – Ram 8 Go,Téléphones,Soumari.com,+221 78 636 56 20,https://wa.me/221786365620,,79 500,https://www.soumari.com/produit/redmi-15c-256-go-ram-8-go/,Redmi_15C_–_256_Go_–_Ram_8_Go.jpg
Redmi 15C – 128 Go – Ram 4 Go,Téléphones,Soumari.com,+221 78 636 56 20,https://wa.me/221786365620,,67 000,https://www.soumari.com/produit/redmi-15c-128-go-ram-4-go/,Redmi_15C_–_128_Go_–_Ram_4_Go.jpg
Redmi 15 – 256 Go – Ram 8 Go,Téléphones,Soumari.com,+221 78 636 56 20,https://wa.me/221786365620,,94 500,https://www.soumari.com/produit/redmi-15-256-go-ram-8-go/,Redmi_15_–_256_Go_–_Ram_8_Go.jpg
Redmi 15 – 128 Go – Ram 6 Go,Téléphones,Soumari.com,+221 78 636 56 20,https://wa.me/221786365620,,83 000,https://www.soumari.com/produit/redmi-15-128-go-ram-6-go/,Redmi_15_–_128_Go_–_Ram_6_Go.png
Tecno spark 40 – 256 Go – RAM 8 Go,Téléphones,Soumari.com,+221 78 636 56 20,https://wa.me/221786365620,,75 500,https://www.soumari.com/produit/tecno-spark-40-256-go-ram-8-go/,Tecno_spark_40_–_256_Go_–_RAM_8_Go.jpg
Samsung Galaxy A07 – 128 Go – Ram 4 Go,Téléphones,Soumari.com,+221 78 636 56 20,https://wa.me/221786365620,,63 000,https://www.soumari.com/produit/samsung-galaxy-a07-128-go-ram-4-go/,Samsung_Galaxy_A07_–_128_Go_–_Ram_4_Go.jpg
Samsung Galaxy A07 – Memoire 64 Go – Ram 4 Go,Téléphones,Soumari.com,+221 78 636 56 20,https://wa.me/221786365620,,56 500,https://www.soumari.com/produit/samsung-galaxy-a07-64-go-ram-4-go/,Samsung_Galaxy_A07_–_Memoire_64_Go_–_Ram_4_Go.jpg
Machine à laver Astech 12kg semi automatique TWT12-B102-NL,Électroménager,Soumari.com,+221 78 636 56 20,https://wa.me/221786365620,,141 500,https://www.soumari.com/produit/machine-a-laver-astech-12kg-semi-automatique-twt12-b102-nl/,Machine_a_laver_Astech_12kg_semi_automatique_TWT12-B102-NL.jpg
Machine à laver Astech 14kg semi automatique TWT14-B102-NL,Électroménager,Soumari.com,+221 78 636 56 20,https://wa.me/221786365620,,155 300,https://www.soumari.com/produit/machine-a-laver-astech-14kg-semi-automatique-twt14-b102-nl/,Machine_a_laver_Astech_14kg_semi_automatique_TWT14-B102-NL.jpg
Machine à laver LG 8KG semi automatique TOP LOAD P800R3AGNC,Électroménager,Soumari.com,+221 78 636 56 20,https://wa.me/221786365620,,130 500,https://www.soumari.com/produit/machine-a-laver-lg-8kg-semi-automatique-top-load-p800r3agnc/,Machine_a_laver_LG_8KG_semi_automatique_TOP_LOAD_P800R3AGNC.jpg
Ventilateur à eau roch 12 litres RC12LR,Électroménager,Soumari.com,+221 78 636 56 20,https://wa.me/221786365620,,44 000,https://www.soumari.com/produit/ventilateur-a-eau-roch-12-litres-rc12lr/,Ventilateur_a_eau_roch_12_litres_RC12LR.jpg
Ventilateur à eau ROCH 50 litres RC50L AC,Électroménager,Soumari.com,+221 78 636 56 20,https://wa.me/221786365620,,90 000,https://www.soumari.com/produit/ventilateur-a-eau-roch-50-litres-rc50l-ac/,Ventilateur_a_eau_ROCH_50_litres_RC50L_AC.jpg
Ventilateur à eau ROCH 30 litres RC30LR,Électroménager,Soumari.com,+221 78 636 56 20,https://wa.me/221786365620,,64 300,https://www.soumari.com/produit/ventilateur-a-eau-roch-30-litres-rc30lr/,Ventilateur_a_eau_ROCH_30_litres_RC30LR.jpg
Ventilateur crompton whirl wind plafonnier,Électroménager,Soumari.com,+221 78 636 56 20,https://wa.me/221786365620,,20 500,https://www.soumari.com/produit/ventilateur-crompton-whirl-wind-plafonnier/,Ventilateur_crompton_whirl_wind_plafonnier.jpg
Ventilateur CROMPTON plafonnier,Électroménager,Soumari.com,+221 78 636 56 20,https://wa.me/221786365620,,20 750,https://www.soumari.com/produit/ventilateur-crompton-plafonnier/,Ventilateur_CROMPTON_plafonnier.jpg
Ventilateur coralstar plafonnier 24″ blanc CS-2401,Électroménager,Soumari.com,+221 78 636 56 20,https://wa.me/221786365620,,12 200,https://www.soumari.com/produit/ventilateur-coralstar-plafonnier-24-blanc-cs-2401/,Ventilateur_coralstar_plafonnier_24′′_blanc_CS-2401.jpg
Ventilateur coralstar plafonnier CS-5601,Électroménager,Soumari.com,+221 78 636 56 20,https://wa.me/221786365620,,22 000,https://www.soumari.com/produit/ventilateur-coralstar-plafonnier-cs-5601/,Ventilateur_coralstar_plafonnier_CS-5601.jpg
Ventilateur global com sur pied 18″ VSP-1823,Électroménager,Soumari.com,+221 78 636 56 20,https://wa.me/221786365620,,13 800,https://www.soumari.com/produit/ventilateur-global-com-sur-pied-18-vsp-1823/,Ventilateur_global_com_sur_pied_18′′_VSP-1823.jpg
Ventilateur champion sur pied avec commande N10 MMS-AT10,Électroménager,Soumari.com,+221 78 636 56 20,https://wa.me/221786365620,,16 500,https://www.soumari.com/produit/ventilateur-champion-sur-pied-avec-commande-n10-mms-at10/,Ventilateur_champion_sur_pied_avec_commande_N10_MMS-AT10.jpg
Ventilateur champion sur pied avec Commande N12 MMS-AT12,Électroménager,Soumari.com,+221 78 636 56 20,https://wa.me/221786365620,,18 200,https://www.soumari.com/produit/ventilateur-champion-sur-pied-avec-commande-n12-mms-at12/,Ventilateur_champion_sur_pied_avec_Commande_N12_MMS-AT12.jpg
Ventilateur champion mural avec commande VMCAT-OPPSV26,Électroménager,Soumari.com,+221 78 636 56 20,https://wa.me/221786365620,,24 000,https://www.soumari.com/produit/ventilateur-champion-mural-avec-commande-vscat-oppsv26/,Ventilateur_champion_mural_avec_commande_VMCAT-OPPSV26.jpg
Ventilateur champion mural 18 avec commande VMCAT-MST26,Électroménager,Soumari.com,+221 78 636 56 20,https://wa.me/221786365620,,20 200,https://www.soumari.com/produit/ventilateur-champion-mural-18-avec-commande-vscat-mst26/,Ventilateur_champion_mural_18_avec_commande_VMCAT-MST26.jpg
Réfrigérateur finix combine 4 tiroirs defrost 270L FIN270,Électroménager,Soumari.com,+221 78 636 56 20,https://wa.me/221786365620,,206 000,https://www.soumari.com/produit/refrigerateur-finix-combine-4-tiroirs-defrost-270l-fin270/,Refrigerateur_finix_combine_4_tiroirs_defrost_270L_FIN270.jpg
Réfrigérateur Astech combiné 4 tiroirs gris FC-280DR / PS,Électroménager,Soumari.com,+221 78 636 56 20,https://wa.me/221786365620,,200 000,https://www.soumari.com/produit/refrigerateur-astech-combine-4-tiroirs-gris-fc-280dr-ps/,Refrigerateur_Astech_combine_4_tiroirs_gris_FC-280DR_PS.jpg
Cuisinière Hisense 4 feux 50×50 à gaz noir HFG50111B,Électroménager,Soumari.com,+221 78 636 56 20,https://wa.me/221786365620,,125 000,https://www.soumari.com/produit/cuisiniere-hisense-4-feux-50x50-a-gaz-noir-hfg50111b/,Cuisiniere_Hisense_4_feux_50×50_a_gaz_noir_HFG50111B.jpg
Ensemble Service L2 en porcelaine 12 pièces,Électroménager,Soumari.com,+221 78 636 56 20,https://wa.me/221786365620,,10 500,https://www.soumari.com/produit/ensemble-service-l2-en-porcelaine-12-pieces/,Ensemble_Service_L2_en_porcelaine_12_pieces.jpg
Ensemble Service V6 en porcelaine 12 pièces,Électroménager,Soumari.com,+221 78 636 56 20,https://wa.me/221786365620,,10 800,https://www.soumari.com/produit/ensemble-service-v6-en-porcelaine-12-pieces/,Ensemble_Service_V6_en_porcelaine_12_pieces.jpg
"Service de Table Complet en porcelaine avec Spots, Assiette, Bols, Tasses 16pcs",Électroménager,Soumari.com,+221 78 636 56 20,https://wa.me/221786365620,,13 800,https://www.soumari.com/produit/service-de-table-complet-en-porcelaine-avec-spots-assiette-bols-tasses-16pcs/,"Service_de_Table_Complet_en_porcelaine_avec_Spots,_Assiette,_Bols,_Tasses_16pcs.jpg"
Ensemble Service W12 en porcelaine 16 pièces,Électroménager,Soumari.com,+221 78 636 56 20,https://wa.me/221786365620,,13 500,https://www.soumari.com/produit/ensemble-service-w12-en-porcelaine-16-pieces/,Ensemble_Service_W12_en_porcelaine_16_pieces.jpg
Ensemble Service A6 en porcelaine 16 pièces,Électroménager,Soumari.com,+221 78 636 56 20,https://wa.me/221786365620,,13 500,https://www.soumari.com/produit/ensemble-service-a6-en-porcelaine-16-pieces/,Ensemble_Service_A6_en_porcelaine_16_pieces.jpg
Ensemble Service MAT2 en porcelaine 18 pièces,Électroménager,Soumari.com,+221 78 636 56 20,https://wa.me/221786365620,,13 750,https://www.soumari.com/produit/ensemble-service-mat2-en-porcelaine-18-pieces/,Ensemble_Service_MAT2_en_porcelaine_18_pieces.jpg
Ensemble Service de table en porcelaine 30 pièces noir blanc,Électroménager,Soumari.com,+221 78 636 56 20,https://wa.me/221786365620,,18 000,https://www.soumari.com/produit/ensemble-service-de-table-en-porcelaine-30-pieces-noir-blanc/,Ensemble_Service_de_table_en_porcelaine_30_pieces_noir_blanc.jpg
Ensemble Service MT9 en porcelaine 16 pièces,Électroménager,Soumari.com,+221 78 636 56 20,https://wa.me/221786365620,,12 000,https://www.soumari.com/produit/ensemble-service-mt9-en-porcelaine-16-pieces/,Ensemble_Service_MT9_en_porcelaine_16_pieces.jpg
Ensemble Service T12 en porcelaine 18 pièces,Électroménager,Soumari.com,+221 78 636 56 20,https://wa.me/221786365620,,13 750,https://www.soumari.com/produit/ensemble-service-t12-en-porcelaine-18-pieces/,Ensemble_Service_T12_en_porcelaine_18_pieces.jpg
Ensemble Service de table en porcelaine 30 pièces,Électroménager,Soumari.com,+221 78 636 56 20,https://wa.me/221786365620,,17 000,https://www.soumari.com/produit/ensemble-service-de-table-en-porcelaine-30-pieces/,Ensemble_Service_de_table_en_porcelaine_30_pieces.jpg
Ensemble Service en porcelaine 12pcs GM 27CM et PM 20CM,Électroménager,Soumari.com,+221 78 636 56 20,https://wa.me/221786365620,,9 000,https://www.soumari.com/produit/ensemble-service-en-porcelaine-12pcs-gm-27cm-et-pm-20cm/,Ensemble_Service_en_porcelaine_12pcs_GM_27CM_et_PM_20CM.jpg
Réfrigérateur finix combine 3 tiroirs defrost 190l gris 480X500X1420 FIN190,Électroménager,Soumari.com,+221 78 636 56 20,https://wa.me/221786365620,,153 000,https://www.soumari.com/produit/refrigerateur-finix-combine-3-tiroirs-defrost-190l-gris-480x500x1420-fin190/,Refrigerateur_finix_combine_3_tiroirs_defrost_190l_gris_480X500X1420_FIN190.jpg
Fontaine Finix avec cache bouteille gris noir FIN213,Électroménager,Soumari.com,+221 78 636 56 20,https://wa.me/221786365620,,85 000,https://www.soumari.com/produit/fontaine-finix-avec-cache-bouteille-gris-noir-fin213/,Fontaine_Finix_avec_cache_bouteille_gris_noir_FIN213.jpg
Fontaine finix avec frigo gris noir FIN167,Électroménager,Soumari.com,+221 78 636 56 20,https://wa.me/221786365620,,73 800,https://www.soumari.com/produit/fontaine-finix-avec-frigo-gris-noir-fin167/,Fontaine_finix_avec_frigo_gris_noir_FIN167.jpg
Machine à laver SILTA 7kg semi automatique SWT7000,Électroménager,Soumari.com,+221 78 636 56 20,https://wa.me/221786365620,,99 700,https://www.soumari.com/produit/machine-a-laver-silta-7kg-semi-automatique-swt7000/,Machine_a_laver_SILTA_7kg_semi_automatique_SWT7000.jpg
Machine à laver SILTA 10kg semi automatique blanc SWT10000,Électroménager,Soumari.com,+221 78 636 56 20,https://wa.me/221786365620,,123 000,https://www.soumari.com/produit/machine-a-laver-silta-10kg-semi-automatique-blanc-swt10000/,Machine_a_laver_SILTA_10kg_semi_automatique_blanc_SWT10000.jpg
Réfrigérateur Binatone bar 2 portes Fr-112D,Électroménager,Soumari.com,+221 78 636 56 20,https://wa.me/221786365620,,85 000,https://www.soumari.com/produit/refrigerateur-binatone-bar-2-portes-fr-112d/,Refrigerateur_Binatone_bar_2_portes_Fr-112D.jpg
Split AIRWELL CASSETTE 24000 BTU INVERTER,Électroménager,Soumari.com,+221 78 636 56 20,https://wa.me/221786365620,,1 412 500,https://www.soumari.com/produit/split-airwell-cassette-24000-btu-inverter/,Split_AIRWELL_CASSETTE_24000_BTU_INVERTER.jpg
Split AIRWELL CASSETTE 18000 BTU INVERTER,Électroménager,Soumari.com,+221 78 636 56 20,https://wa.me/221786365620,,1 164 700,https://www.soumari.com/produit/split-airwell-cassette-18000-btu-inverter/,Split_AIRWELL_CASSETTE_18000_BTU_INVERTER.jpg
Split AIRWELL CASSETTE 12000 BTU INVERTER,Électroménager,Soumari.com,+221 78 636 56 20,https://wa.me/221786365620,,969 300,https://www.soumari.com/produit/split-airwell-cassette-12000-btu-inverter/,Split_AIRWELL_CASSETTE_12000_BTU_INVERTER.jpg
Split AIRWELL CASSETTE 24000 BTU,Électroménager,Soumari.com,+221 78 636 56 20,https://wa.me/221786365620,,1 081 000,https://www.soumari.com/produit/split-airwell-cassette-24000-btu/,Split_AIRWELL_CASSETTE_24000_BTU.jpg
Split AIRWELL CASSETTE 18000 BTU,Électroménager,Soumari.com,+221 78 636 56 20,https://wa.me/221786365620,,930 000,https://www.soumari.com/produit/split-airwell-cassette-18000-btu-2/,Split_AIRWELL_CASSETTE_18000_BTU.jpg
Split AIRWELL Cassette 12 000 BTU,Électroménager,Soumari.com,+221 78 636 56 20,https://wa.me/221786365620,,706 700,https://www.soumari.com/produit/split-airwell-cassette-12-000-btu/,Split_AIRWELL_Cassette_12_000_BTU.jpg
Split AIRWELL 24000 BTU INVERTER,Électroménager,Soumari.com,+221 78 636 56 20,https://wa.me/221786365620,,779 000,https://www.soumari.com/produit/split-airwell-24000-btu-inverter/,Split_AIRWELL_24000_BTU_INVERTER.jpg
Split AIRWELL 18000 BTU INVERTER,Électroménager,Soumari.com,+221 78 636 56 20,https://wa.me/221786365620,,669 300,https://www.soumari.com/produit/split-airwell-18000-btu-inverter/,Split_AIRWELL_18000_BTU_INVERTER.jpg
Split AIRWELL 12000 BTU Inverter,Électroménager,Soumari.com,+221 78 636 56 20,https://wa.me/221786365620,,422 900,https://www.soumari.com/produit/split-airwell-12000-btu-inverter/,Split_AIRWELL_12000_BTU_Inverter.jpg
Split AIRWELL 9000 BTU INVERTER,Électroménager,Soumari.com,+221 78 636 56 20,https://wa.me/221786365620,,399 000,https://www.soumari.com/produit/split-airwell-9000-btu-inverter/,Split_AIRWELL_9000_BTU_INVERTER.jpg
Split AIRWELL 24000 BTU,Électroménager,Soumari.com,+221 78 636 56 20,https://wa.me/221786365620,,575 000,https://www.soumari.com/produit/split-airwell-24000-btu/,Split_AIRWELL_24000_BTU.jpg
Split AIRWELL 12000 BTU,Électroménager,Soumari.com,+221 78 636 56 20,https://wa.me/221786365620,,318 800,https://www.soumari.com/produit/split-airwell-12000-btu/,Split_AIRWELL_12000_BTU.jpg
Split AIRWELL 9000 BTU,Électroménager,Soumari.com,+221 78 636 56 20,https://wa.me/221786365620,,280 600,https://www.soumari.com/produit/split-airwell-9000-btu/,Split_AIRWELL_9000_BTU.jpg
KIT ALARME HIKVISION DS-PWA96-M2H-WB AX PRO ULTRA,Informatique,Soumari.com,+221 78 636 56 20,https://wa.me/221786365620,,130 000,https://www.soumari.com/produit/kit-alarme-hikvision-ds-pwa96-m2h-wb-ax-pro-ultra/,KIT_ALARME_HIKVISION_DS-PWA96-M2H-WB_AX_PRO_ULTRA.webp
POINT ACCÈS HIKVISION CELLING PLAFOND DS-3WAP622E-SI WIFI 6 3000M,Informatique,Soumari.com,+221 78 636 56 20,https://wa.me/221786365620,,85 000,https://www.soumari.com/produit/point-acces-hikvision-celling-plafond-ds-3wap622e-si-wifi-6-3000m/,POINT_ACCES_HIKVISION_CELLING_PLAFOND_DS-3WAP622E-SI_WIFI_6_3000M.webp
Imprimante CANON PIXMA g3416,Informatique,Soumari.com,+221 78 636 56 20,https://wa.me/221786365620,,115 000,https://www.soumari.com/produit/imprimante-canon-pixma-g3416/,Imprimante_CANON_PIXMA_g3416.webp
Imprimante CANON PIXMA G3410,Informatique,Soumari.com,+221 78 636 56 20,https://wa.me/221786365620,,115 000,https://www.soumari.com/produit/imprimante-canon-pixma-g3410/,Imprimante_CANON_PIXMA_G3410.webp
Imprimante EPSON LQ-690DMP,Informatique,Soumari.com,+221 78 636 56 20,https://wa.me/221786365620,,402 000,https://www.soumari.com/produit/imprimante-epson-lq-690dmp/,Imprimante_EPSON_LQ-690DMP.webp
Imprimante HP LASER PROMFP 4103FDW,Informatique,Soumari.com,+221 78 636 56 20,https://wa.me/221786365620,,356 000,https://www.soumari.com/produit/imprimante-hp-laser-promfp-4103fdw/,Imprimante_HP_LASER_PROMFP_4103FDW.webp
Imprimante HP SCAN JET PRO 2600F1,Informatique,Soumari.com,+221 78 636 56 20,https://wa.me/221786365620,,248 000,https://www.soumari.com/produit/imprimante-hp-scan-jet-pro-2600f1/,Imprimante_HP_SCAN_JET_PRO_2600F1.webp
Imprimante Canon I-SENSYS MF-7237W,Informatique,Soumari.com,+221 78 636 56 20,https://wa.me/221786365620,,228 900,https://www.soumari.com/produit/imprimante-canon-i-sensys-mf-7237w/,Imprimante_Canon_I-SENSYS_MF-7237W.webp
Imprimante Canon Laser I-SENSYS MF-275DW,Informatique,Soumari.com,+221 78 636 56 20,https://wa.me/221786365620,,201 700,https://www.soumari.com/produit/imprimante-canon-laser-i-sensys-mf-275dw/,Imprimante_Canon_Laser_I-SENSYS_MF-275DW.webp
Imprimante HP SCAN JET PRO 3600F1,Informatique,Soumari.com,+221 78 636 56 20,https://wa.me/221786365620,,343 800,https://www.soumari.com/produit/imprimante-hp-scan-jet-pro-3600f1/,Imprimante_HP_SCAN_JET_PRO_3600F1.webp
Imprimante Epson Multifonction ECOTANK L6290,Informatique,Soumari.com,+221 78 636 56 20,https://wa.me/221786365620,,298 400,https://www.soumari.com/produit/imprimante-epson-multifonction-ecotank-l6290/,Imprimante_Epson_Multifonction_ECOTANK_L6290.webp
Imprimante Canon Laser Multifonction I-SENSYS MF-655CDW,Informatique,Soumari.com,+221 78 636 56 20,https://wa.me/221786365620,,287 300,https://www.soumari.com/produit/imprimante-canon-laser-multifonction-i-sensys-mf-655cdw/,Imprimante_Canon_Laser_Multifonction_I-SENSYS_MF-655CDW.webp
Imprimante HP laser multifonction pro MFP 4303FDW,Informatique,Soumari.com,+221 78 636 56 20,https://wa.me/221786365620,,423 500,https://www.soumari.com/produit/imprimante-hp-laser-multifonction-pro-mfp-4303fdw/,Imprimante_HP_laser_multifonction_pro_MFP_4303FDW.webp
Imprimante Canon IR-2224N,Informatique,Soumari.com,+221 78 636 56 20,https://wa.me/221786365620,,518 400,https://www.soumari.com/produit/imprimante-canon-ir-2224n/,Imprimante_Canon_IR-2224N.webp
Imprimante Canon IR-2224,Informatique,Soumari.com,+221 78 636 56 20,https://wa.me/221786365620,,445 600,https://www.soumari.com/produit/imprimante-canon-ir-2224/,Imprimante_Canon_IR-2224.webp
Imprimante Canon Traceur Grand Format 36 TM-350,Informatique,Soumari.com,+221 78 636 56 20,https://wa.me/221786365620,,1 280 000,https://www.soumari.com/produit/imprimante-canon-traceur-grand-format-36-tm-350/,Imprimante_Canon_Traceur_Grand_Format_36_TM-350.webp
Imprimante Canon IR-2630I,Informatique,Soumari.com,+221 78 636 56 20,https://wa.me/221786365620,,1 588 800,https://www.soumari.com/produit/imprimante-canon-ir-2630i/,Imprimante_Canon_IR-2630I.webp
Imprimante Canon Traceur Grand Format 36 T630,Informatique,Soumari.com,+221 78 636 56 20,https://wa.me/221786365620,,1 275 000,https://www.soumari.com/produit/imprimante-canon-traceur-grand-format-36-t630/,Imprimante_Canon_Traceur_Grand_Format_36_T630.webp
Imprimante Epson multifonction Smart Tank 615,Informatique,Soumari.com,+221 78 636 56 20,https://wa.me/221786365620,,227 000,https://www.soumari.com/produit/imprimante-epson-multifonction-smart-tank-615/,Imprimante_Epson_multifonction_Smart_Tank_615.webp
Imprimante HP LaserJet Monofonction CP5225N,Informatique,Soumari.com,+221 78 636 56 20,https://wa.me/221786365620,,883 400,https://www.soumari.com/produit/imprimante-hp-laserjet-monofonction-cp5225n/,Imprimante_HP_LaserJet_Monofonction_CP5225N.webp
Imprimante Canon SELPHY CP-1500,Informatique,Soumari.com,+221 78 636 56 20,https://wa.me/221786365620,,102 300,https://www.soumari.com/produit/imprimante-canon-selphy-cp-1500/,Imprimante_Canon_SELPHY_CP-1500.webp
Imprimante HP Laser multifonction Pro MFP 4103DW,Informatique,Soumari.com,+221 78 636 56 20,https://wa.me/221786365620,,334 800,https://www.soumari.com/produit/imprimante-hp-laser-multifonction-pro-mfp-4103dw/,Imprimante_HP_Laser_multifonction_Pro_MFP_4103DW.webp
Imprimante HP multifonction couleur LaserJet Pro MFP 4103FDN,Informatique,Soumari.com,+221 78 636 56 20,https://wa.me/221786365620,,475 800,https://www.soumari.com/produit/imprimante-hp-multifonction-couleur-laserjet-pro-mfp-4103fdn/,Imprimante_HP_multifonction_couleur_LaserJet_Pro_MFP_4103FDN.webp
Imprimante termique USB + BLUETOOTH MP-3380,Informatique,Soumari.com,+221 78 636 56 20,https://wa.me/221786365620,,54 800,https://www.soumari.com/produit/imprimante-thermique-usb-bluetooth-mp-3380/,Imprimante_termique_USB_+_BLUETOOTH_MP-3380.webp
Imprimante HP Office Jet Multifonction Pro 9123,Informatique,Soumari.com,+221 78 636 56 20,https://wa.me/221786365620,,188 000,https://www.soumari.com/produit/imprimante-hp-office-jet-multifonction-pro-9123/,Imprimante_HP_Office_Jet_Multifonction_Pro_9123.webp
Pack bureau,Informatique,Soumari.com,+221 78 636 56 20,https://wa.me/221786365620,,420 000,https://www.soumari.com/produit/pack-bureau/,Pack_bureau.jpg
Pack Bureau Accueil,Informatique,Soumari.com,+221 78 636 56 20,https://wa.me/221786365620,,510 000,https://www.soumari.com/produit/pack-bureau-accueil/,Pack_Bureau_Accueil.jpg
Câble HDTV 4K 20m,Informatique,Soumari.com,+221 78 636 56 20,https://wa.me/221786365620,,10 000,https://www.soumari.com/produit/cable-hdtv-4k-20m/,Cable_HDTV_4K_1.5m.jpg
Câble HDTV 4K 15m,Informatique,Soumari.com,+221 78 636 56 20,https://wa.me/221786365620,,8 000,https://www.soumari.com/produit/cable-hdtv-4k-15m/,Cable_HDTV_4K_1.5m.jpg
Câble HDTV 4K 10m,Informatique,Soumari.com,+221 78 636 56 20,https://wa.me/221786365620,,6 000,https://www.soumari.com/produit/cable-hdtv-4k-10m/,Cable_HDTV_4K_1.5m.jpg
Câble HDTV 4K 5m,Informatique,Soumari.com,+221 78 636 56 20,https://wa.me/221786365620,,4 000,https://www.soumari.com/produit/cable-hdtv-4k-5m/,Cable_HDTV_4K_1.5m.jpg
Câble HDTV 4K 3m,Informatique,Soumari.com,+221 78 636 56 20,https://wa.me/221786365620,,2 000,https://www.soumari.com/produit/cable-hdtv-4k-3m/,Cable_HDTV_4K_1.5m.jpg
Câble HDTV 4K 1.5m,Informatique,Soumari.com,+221 78 636 56 20,https://wa.me/221786365620,,1 500,https://www.soumari.com/produit/cable-hdtv-4k-1-5m/,Cable_HDTV_4K_1.5m.jpg
Port Clé usb R.5G 66W,Informatique,Soumari.com,+221 78 636 56 20,https://wa.me/221786365620,,2 600,https://www.soumari.com/produit/port-cle-usb-r-5g-66w/,Port_Cle_usb_R.5G_66W.jpg
Dell Vostro 3520 -1215u – i3 – 512 Go – RAM 8 Go – 15″,Informatique,Soumari.com,+221 78 636 56 20,https://wa.me/221786365620,,255 000,https://www.soumari.com/produit/dell-vostro-3520-1215u-core-i3-512-go-ram-8-go-ecran-15/,Dell_Vostro_3520_-1215u_–_i3_–_512_Go_–_RAM_8_Go_–_15′′.webp
Clé usb 64GB,Informatique,Soumari.com,+221 78 636 56 20,https://wa.me/221786365620,,4 500,https://www.soumari.com/produit/cle-usb-64gb/,Cle_usb_64GB.webp
Clé usb 16GB,Informatique,Soumari.com,+221 78 636 56 20,https://wa.me/221786365620,,2 650,https://www.soumari.com/produit/cle-usb-16gb/,Cle_usb_16GB.webp
Clé usb 8GB,Informatique,Soumari.com,+221 78 636 56 20,https://wa.me/221786365620,,2 200,https://www.soumari.com/produit/cle-usb-8gb/,Cle_usb_8GB.webp
Clé usb 32GB,Informatique,Soumari.com,+221 78 636 56 20,https://wa.me/221786365620,,3 600,https://www.soumari.com/produit/cle-usb-32gb/,Cle_usb_32GB.webp
Clé USB 2Gb,Informatique,Soumari.com,+221 78 636 56 20,https://wa.me/221786365620,,1 700,https://www.soumari.com/produit/cle-usb-2gb/,Cle_USB_2Gb.webp
Clé usb 4Gb,Informatique,Soumari.com,+221 78 636 56 20,https://wa.me/221786365620,,1 950,https://www.soumari.com/produit/cle-usb-4gb/,Cle_usb_4Gb.jpg
IMPRIMANTE CANON PIXMA G2430,Informatique,Soumari.com,+221 78 636 56 20,https://wa.me/221786365620,,126 500,https://www.soumari.com/produit/imprimante-canon-pixmag2430/,IMPRIMANTE_CANON_PIXMA_G2430.webp
ORDINATEUR HP FIXE PRO AZERTY I3 G9 290,Informatique,Soumari.com,+221 78 636 56 20,https://wa.me/221786365620,,340 000,https://www.soumari.com/produit/ordinateur-hp-fixe-pro-azerty-i3-g9-290/,ORDINATEUR_HP_FIXE_PRO_AZERTY_I3_G9_290.webp
ORDINATEUR HP FIXE PRO AZERTY I5 G9 290,Informatique,Soumari.com,+221 78 636 56 20,https://wa.me/221786365620,,406 600,https://www.soumari.com/produit/ordinateur-hp-fixe-pro-azerty-i5-g9-290/,ORDINATEUR_HP_FIXE_PRO_AZERTY_I5_G9_290.webp
TICKET DE CAISSE EPSON USB + RESEAUX TM-T20X 052,Informatique,Soumari.com,+221 78 636 56 20,https://wa.me/221786365620,,125 000,https://www.soumari.com/produit/ticket-de-caisse-epson-usb-reseaux-tm-t20x-052/,TICKET_DE_CAISSE_EPSON_USB_+_RESEAUX_TM-T20X_052.webp
Baffle Ordinateur KISONLI USB 2.0 T003,Informatique,Soumari.com,+221 78 636 56 20,https://wa.me/221786365620,,3 500,https://www.soumari.com/produit/baffle-ordinateur-kisonli-usb-2-0-t003/,Baffle_Ordinateur_KISONLI_USB_2.0_T003.webp
Cable HDMI 20M,Informatique,Soumari.com,+221 78 636 56 20,https://wa.me/221786365620,,6 000,https://www.soumari.com/produit/cable-hdmi-20m/,Cable_HDMI_15M.webp
Cable HDMI 15M,Informatique,Soumari.com,+221 78 636 56 20,https://wa.me/221786365620,,4 000,https://www.soumari.com/produit/cable-hdmi-15m/,Cable_HDMI_15M.webp
Support tv champion mural 32-85 C55,Téléviseurs,Soumari.com,+221 78 636 56 20,https://wa.me/221786365620,,7 100,https://www.soumari.com/produit/support-tv-champion-mural-32-85-c55/,Support_tv_champion_mural_32-85_C55.jpg
Support tv champion mural 26-65 C45,Téléviseurs,Soumari.com,+221 78 636 56 20,https://wa.me/221786365620,,5 600,https://www.soumari.com/produit/support-tv-champion-mural-26-65-c45/,Support_tv_champion_mural_26-65_C45.jpg
Support TV champion pivotant 14-42,Téléviseurs,Soumari.com,+221 78 636 56 20,https://wa.me/221786365620,,4 200,https://www.soumari.com/produit/support-tv-champion-pivotant-14-42/,Support_TV_champion_pivotant_14-42.jpg
Téléviseur Samsung 75″ QLED QE75Q7FAAUXLY,Téléviseurs,Soumari.com,+221 78 636 56 20,https://wa.me/221786365620,,590 000,https://www.soumari.com/produit/televiseur-samsung-75-qled-qe75q7faauxly/,Televiseur_Samsung_75′′_QLED_QE75Q7FAAUXLY.jpg
Téléviseur Samsung 75″ smart UHD 4K 75DU7170U,Téléviseurs,Soumari.com,+221 78 636 56 20,https://wa.me/221786365620,,561 750,https://www.soumari.com/produit/televiseur-samsung-75-smart-uhd-4k-75du7170u/,Televiseur_Samsung_75′′_smart_UHD_4K_75DU7170U.jpg
Téléviseur Samsung 75″ smart android UA75U8000F,Téléviseurs,Soumari.com,+221 78 636 56 20,https://wa.me/221786365620,,581 000,https://www.soumari.com/produit/televiseur-samsung-75-smart-android-ua75u8000f/,Televiseur_Samsung_75′′_smart_android_UA75U8000F.jpg
Téléviseur Samsung 75″ smart 75DU700,Téléviseurs,Soumari.com,+221 78 636 56 20,https://wa.me/221786365620,,567 000,https://www.soumari.com/produit/televiseur-samsung-75-smart-75du700/,Televiseur_Samsung_75′′_smart_75DU700.jpg
Téléviseur Samsung 75″ smart 4K 75U8092FUXXH,Téléviseurs,Soumari.com,+221 78 636 56 20,https://wa.me/221786365620,,561 750,https://www.soumari.com/produit/televiseur-samsung-75-smart-4k-75u8092fuxxh/,Televiseur_Samsung_75′′_smart_4K_75U8092FUXXH.jpg
Téléviseur sharp 75″ smart Google Tv 4T-C75FJ1NX,Téléviseurs,Soumari.com,+221 78 636 56 20,https://wa.me/221786365620,,418 000,https://www.soumari.com/produit/televiseur-sharp-75-smart-google-tv-4t-c75fj1nx/,Televiseur_sharp_75′′_smart_Google_Tv_4T-C75FJ1NX.jpg
Téléviseur sharp 65″ smart Google Tv 4T-C65FJ1MX,Téléviseurs,Soumari.com,+221 78 636 56 20,https://wa.me/221786365620,,303 000,https://www.soumari.com/produit/televiseur-sharp-65-smart-google-tv-4t-c65fj1mx/,Televiseur_sharp_65′′_smart_Google_Tv_4T-C65FJ1MX.jpg
Téléviseur sharp 55″ smart Google Tv 4T-C55FJ1MX,Téléviseurs,Soumari.com,+221 78 636 56 20,https://wa.me/221786365620,,212 000,https://www.soumari.com/produit/televiseur-sharp-55-smart-google-tv-4t-c55fj1mx/,Televiseur_sharp_55′′_smart_Google_Tv_4T-C55FJ1MX.jpg
Téléviseur sharp 32″ smart Google Tv 2T-C32GH,Téléviseurs,Soumari.com,+221 78 636 56 20,https://wa.me/221786365620,,83 500,https://www.soumari.com/produit/televiseur-sharp-32-smart-google-tv-2t-c32gh/,Televiseur_sharp_32′′_smart_Google_Tv_2T-C32GH.jpg
Téléviseur Sharp 42″ smart Google Tv 2T-C43GH,Téléviseurs,Soumari.com,+221 78 636 56 20,https://wa.me/221786365620,,134 000,https://www.soumari.com/produit/televiseur-sharp-42-smart-google-tv-2t-c43gh/,Televiseur_Sharp_42′′_smart_Google_Tv_2T-C43GH.jpg
Téléviseur elactron 98″ smart Google Tv 9801S,Téléviseurs,Soumari.com,+221 78 636 56 20,https://wa.me/221786365620,,1 400 000,https://www.soumari.com/produit/televiseur-elactron-98-smart-google-tv-9801s/,Televiseur_elactron_98′′_smart_Google_Tv_9801S.jpg
Téléviseur Elactron 85″ smart Google Tv 8501S,Téléviseurs,Soumari.com,+221 78 636 56 20,https://wa.me/221786365620,,765 000,https://www.soumari.com/produit/televiseur-elactron-85-smart-google-tv-8501s/,Televiseur_Elactron_85′′_smart_Google_Tv_8501S.jpg
Téléviseur elactron 75″ smart Google Tv 75M10F,Téléviseurs,Soumari.com,+221 78 636 56 20,https://wa.me/221786365620,,438 000,https://www.soumari.com/produit/televiseur-elactron-75-smart-google-tv-75m10f/,Televiseur_elactron_75′′_smart_Google_Tv_75M10F.jpg
Téléviseur Elactron 65″ smart Google Tv 65M10F,Téléviseurs,Soumari.com,+221 78 636 56 20,https://wa.me/221786365620,,286 200,https://www.soumari.com/produit/televiseur-elactron-65-smart-google-tv-65m10f/,Televiseur_Elactron_65′′_smart_Google_Tv_65M10F.jpg
Téléviseur Elactron 55″ smart Google TV 55M10F,Téléviseurs,Soumari.com,+221 78 636 56 20,https://wa.me/221786365620,,200 000,https://www.soumari.com/produit/televiseur-elactron-55-smart-google-tv-55m10f/,Televiseur_Elactron_55′′_smart_Google_TV_55M10F.jpg
Téléviseur Elactron 43″ smart Google Tv 43M10F,Téléviseurs,Soumari.com,+221 78 636 56 20,https://wa.me/221786365620,,115 000,https://www.soumari.com/produit/televiseur-elactron-43-smart-google-tv-43m10f/,Televiseur_Elactron_43′′_smart_Google_Tv_43M10F.jpg
Téléviseur Elactron 32″ smart Google Tv 3201S,Téléviseurs,Soumari.com,+221 78 636 56 20,https://wa.me/221786365620,,73 500,https://www.soumari.com/produit/televiseur-elactron-32-smart-google-tv-3201s/,Televiseur_Elactron_32′′_smart_Google_Tv_3201S.jpg
Téléviseur deska 75″ smart Google TV 75LE100-CN,Téléviseurs,Soumari.com,+221 78 636 56 20,https://wa.me/221786365620,,380 000,https://www.soumari.com/produit/televiseur-deska-75-smart-google-tv-75le100-cn/,Televiseur_deska_75′′_smart_Google_TV_75LE100-CN.jpg
Téléviseur deska 65″ smart Google TV 65LE100-CN,Téléviseurs,Soumari.com,+221 78 636 56 20,https://wa.me/221786365620,,270 000,https://www.soumari.com/produit/televiseur-deska-65-smart-google-tv-65le100-cn/,Televiseur_deska_65′′_smart_Google_TV_65LE100-CN.jpg
Téléviseur deska 55″ smart Google TV 55LE100-CN,Téléviseurs,Soumari.com,+221 78 636 56 20,https://wa.me/221786365620,,194 000,https://www.soumari.com/produit/televiseur-deska-55-smart-google-tv-55le100-cn/,Televiseur_deska_55′′_smart_Google_TV_55LE100-CN.jpg
Téléviseur deska 50″ smart Google Tv 50LE100-CN,Téléviseurs,Soumari.com,+221 78 636 56 20,https://wa.me/221786365620,,151 800,https://www.soumari.com/produit/televiseur-deska-50-smart-google-tv-50le100-cn/,Televiseur_deska_50′′_smart_Google_Tv_50LE100-CN.jpg
Téléviseur deska 43″ smart Google Tv 43LE100-CN,Téléviseurs,Soumari.com,+221 78 636 56 20,https://wa.me/221786365620,,113 400,https://www.soumari.com/produit/televiseur-deska-43-smart-google-tv-43le100-cn/,Televiseur_deska_43′′_smart_Google_Tv_43LE100-CN.jpg
Téléviseur deska 32″ smart Google Tv 32LE100-CN,Téléviseurs,Soumari.com,+221 78 636 56 20,https://wa.me/221786365620,,74 000,https://www.soumari.com/produit/televiseur-deska-32-smart-google-tv-32le100-cn/,Televiseur_deska_32′′_smart_Google_Tv_32LE100-CN.jpg
Pack Chambre 2,Téléviseurs,Soumari.com,+221 78 636 56 20,https://wa.me/221786365620,,281 000,https://www.soumari.com/produit/pack-chambre-2/,Pack_Chambre_2.jpg
Pack Chambre 1,Téléviseurs,Soumari.com,+221 78 636 56 20,https://wa.me/221786365620,,201 000,https://www.soumari.com/produit/pack-chambre-1/,Pack_Chambre_1.jpg
Pack hisense Appartement,Téléviseurs,Soumari.com,+221 78 636 56 20,https://wa.me/221786365620,,469 000,https://www.soumari.com/produit/pack-hisense-appartement/,Pack_hisense_Appartement.jpg
Téléviseur Samsung 43″ smart UA 43F6000FUXLY,Téléviseurs,Soumari.com,+221 78 636 56 20,https://wa.me/221786365620,,160 000,https://www.soumari.com/produit/televiseur-samsung-43-smart-ua-43f6000fuxly/,Televiseur_Samsung_43′′_smart_UA_43F6000FUXLY.webp
Téléviseur LG 70″ smart 4K UP7550PVD,Téléviseurs,Soumari.com,+221 78 636 56 20,https://wa.me/221786365620,,497 000,https://www.soumari.com/produit/televiseur-lg-70-smart-4k-up7550pvd/,Televiseur_LG_70′′_smart_4K_UP7550PVD.webp
Téléviseur SJ 32″ led ASJ32ALED,Téléviseurs,Soumari.com,+221 78 636 56 20,https://wa.me/221786365620,,52 000,https://www.soumari.com/produit/televiseur-sj-32-led-asj32aled/,Televiseur_SJ_32′′_led_ASJ32ALED.webp
Téléviseur IBSON 75″ smart android + 2 télécommandes IB0075F25V,Téléviseurs,Soumari.com,+221 78 636 56 20,https://wa.me/221786365620,,420 000,https://www.soumari.com/produit/televiseur-ibson-75-smart-android-2-telecommandes-ib0075f25v/,Televiseur_IBSON_75′′_smart_android_+_2_telecommandes_IB0075F25V.webp
Téléviseur Sony 85″ smart Google Tv K85S30/1E51,Téléviseurs,Soumari.com,+221 78 636 56 20,https://wa.me/221786365620,,990 000,https://www.soumari.com/produit/televiseur-sony-85-smart-google-tv-k85s30-1e51/,Televiseur_Sony_85′′_smart_Google_Tv_K85S301E51.jpg
Téléviseur finix 75″ smart android 4K 75UQR684S,Téléviseurs,Soumari.com,+221 78 636 56 20,https://wa.me/221786365620,,440 000,https://www.soumari.com/produit/televiseur-finix-75-smart-android-4k-75uqr684s/,Televiseur_finix_75′′_smart_android_4K_75UQR684S.webp
Téléviseur finix 65″ smart android 4K 65UQR684S,Téléviseurs,Soumari.com,+221 78 636 56 20,https://wa.me/221786365620,,268 000,https://www.soumari.com/produit/televiseur-finix-65-smart-android-4k-65uqr684s/,Televiseur_finix_65′′_smart_android_4K_65UQR684S.webp
Téléviseur Amaz 65″ smart + 2 commandes AM65FT1002SV,Téléviseurs,Soumari.com,+221 78 636 56 20,https://wa.me/221786365620,,245 000,https://www.soumari.com/produit/televiseur-amaz-65-smart-2-commandes-am65ft1002sv/,Televiseur_Amaz_65′′_smart_+_2_commandes_AM65FT1002SV.webp
Téléviseur wow 43″ smart android 43SF52000B2,Téléviseurs,Soumari.com,+221 78 636 56 20,https://wa.me/221786365620,,103 500,https://www.soumari.com/produit/televiseur-wow-43-smart-android-43sf52000b2/,Televiseur_wow_43′′_smart_android_43SF52000B2.webp
Téléviseur Amaz 32″ smart android AM32FT1002S,Téléviseurs,Soumari.com,+221 78 636 56 20,https://wa.me/221786365620,,64 000,https://www.soumari.com/produit/televiseur-amaz-32-smart-android-am32ft1002s/,Televiseur_Amaz_32′′_smart_android_AM32FT1002S.webp
Téléviseur ibson 32″ smart android + 2 télécommande IB0032FTU1S/IB0032F25S,Téléviseurs,Soumari.com,+221 78 636 56 20,https://wa.me/221786365620,,68 000,https://www.soumari.com/produit/televiseur-ibson-32-smart-android-2-telecommande-ib0032ftu1s-ib0032f25s/,Televiseur_ibson_32′′_smart_android_+_2_telecommande_IB0032FTU1SIB0032F25S.webp
Téléviseur Enduro 75″ Smart Google TV,Téléviseurs,Soumari.com,+221 78 636 56 20,https://wa.me/221786365620,,406 800,https://www.soumari.com/produit/televiseur-enduro-75-smart-google-tv/,Televiseur_Enduro_75′′_Smart_Google_TV.webp
Téléviseur Enduro 65″ Smart Google TV,Téléviseurs,Soumari.com,+221 78 636 56 20,https://wa.me/221786365620,,295 000,https://www.soumari.com/produit/televiseur-enduro-65-smart-google-tv/,Televiseur_Enduro_65′′_Smart_Google_TV.webp
Téléviseur Enduro 55″ Smart Google TV,Téléviseurs,Soumari.com,+221 78 636 56 20,https://wa.me/221786365620,,208 900,https://www.soumari.com/produit/televiseur-enduro-55-smart-google-tv/,Televiseur_Enduro_55′′_Smart_Google_TV.webp
Téléviseur Enduro 43″ Smart Google TV,Téléviseurs,Soumari.com,+221 78 636 56 20,https://wa.me/221786365620,,123 000,https://www.soumari.com/produit/televiseur-enduro-43-smart-google-tv/,Televiseur_Enduro_43′′_Smart_Google_TV.webp
TÉLÉVISEUR ENDURO 32″ SMART GOOGLE TV,Téléviseurs,Soumari.com,+221 78 636 56 20,https://wa.me/221786365620,,78 000,https://www.soumari.com/produit/televiseur-enduro-32-smart-google-tv/,TELEVISEUR_ENDURO_32′′_SMART_GOOGLE_TV.webp
Téléviseur IBSON 43’’ Smart Android IB0043F25S,Téléviseurs,Soumari.com,+221 78 636 56 20,https://wa.me/221786365620,,99 800,https://www.soumari.com/produit/televiseur-ibson-43-smart-android-ib0043f25s/,Televiseur_IBSON_43’’_Smart_Android_IB0043F25S.webp
Téléviseur IBSON 65’’ Smart Android,Téléviseurs,Soumari.com,+221 78 636 56 20,https://wa.me/221786365620,,250 000,https://www.soumari.com/produit/televiseur-ibson-65-smart-android/,Televiseur_IBSON_65’’_Smart_Android.webp
Téléviseur deska 43 smart android 43Df85-E,Téléviseurs,Soumari.com,+221 78 636 56 20,https://wa.me/221786365620,,105 000,https://www.soumari.com/produit/televiseur-deska-43-smart-android-43df85-e/,Televiseur_deska_43_smart_android_43Df85-E.webp
Tablette CIDÉA CM524 ULTRA – 256 Go – RAM 8 Go,Tablettes,Soumari.com,+221 78 636 56 20,https://wa.me/221786365620,,34 000,https://www.soumari.com/produit/tablette-cidea-cm524-ultra-256-go-ram-8-go/,Tablette_CIDEA_CM524_ULTRA_–_256_Go_–_RAM_8_Go.webp
Tablette cidéa CM524 – 256 Go – RAM 8 Go,Tablettes,Soumari.com,+221 78 636 56 20,https://wa.me/221786365620,,34 000,https://www.soumari.com/produit/tablette-cidea-cm524-256-go-ram-8-go/,Tablette_cidea_CM524_–_256_Go_–_RAM_8_Go.webp
Tablette CIDEA CM526 – 256 Go – RAM 8 Go,Tablettes,Soumari.com,+221 78 636 56 20,https://wa.me/221786365620,,34 000,https://www.soumari.com/produit/tablette-cidea-cm526-256-go-ram-8-go/,Tablette_CIDEA_CM526_–_256_Go_–_RAM_8_Go.webp
Tablette Atouch – A40 256 Go – RAM 8 Go,Tablettes,Soumari.com,+221 78 636 56 20,https://wa.me/221786365620,,22 000,https://www.soumari.com/produit/tablette-atouch-a40-256-go-ram-8-go/,Tablette_Atouch_–_A40_256_Go_–_RAM_8_Go.webp
Tablette Atouch Q43 – 256 Go – RAM 8 Go,Tablettes,Soumari.com,+221 78 636 56 20,https://wa.me/221786365620,,21 000,https://www.soumari.com/produit/tablette-atouch-q43-256-go-ram-8-go/,Tablette_Atouch_Q43_–_256_Go_–_RAM_8_Go.webp
Tablette Cidéa Cm86 – 256 Go – Ram 8 Go,Tablettes,Soumari.com,+221 78 636 56 20,https://wa.me/221786365620,,19 900,https://www.soumari.com/produit/tablette-cidea-cm86-256-go-ram-8-go/,Tablette_Cidea_Cm86_–_256_Go_–_Ram_8_Go.webp
Tablette Cidéa Cm88 – 256 Go – Ram 8 Go,Tablettes,Soumari.com,+221 78 636 56 20,https://wa.me/221786365620,,19 900,https://www.soumari.com/produit/tablette-cidea-cm88-256-go-ram-8-go/,Tablette_Cidea_Cm88_–_256_Go_–_Ram_8_Go.webp
Tablette Cidéa Cm78 – 256 Go – Ram 8 Go,Tablettes,Soumari.com,+221 78 636 56 20,https://wa.me/221786365620,,19 900,https://www.soumari.com/produit/tablette-cidea-cm78-256-go-ram-8-go/,Tablette_Cidea_Cm78_–_256_Go_–_Ram_8_Go.webp
Tablette Atouch WE6 – 256 Go – RAM 8 Go,Tablettes,Soumari.com,+221 78 636 56 20,https://wa.me/221786365620,,19 900,https://www.soumari.com/produit/tablette-atouch-we6-256-go-ram-8-go/,Tablette_Atouch_WE6_–_256_Go_–_RAM_8_Go.webp
Tablette Atouch S-TAB PRO – 512 Go – RAM 8Go,Tablettes,Soumari.com,+221 78 636 56 20,https://wa.me/221786365620,,60 900,https://www.soumari.com/produit/tablette-atouch-s-tab-pro-512-go-ram-8go/,Tablette_Atouch_S-TAB_PRO_–_512_Go_–_RAM_8Go.webp
Tablette S-T1 – 512 Go – ram 8 Go,Tablettes,Soumari.com,+221 78 636 56 20,https://wa.me/221786365620,,47 500,https://www.soumari.com/produit/tablette-s-t1-512-go-ram-8-go/,Tablette_S-T1_–_512_Go_–_ram_8_Go.webp
Tablette Redmi PAD SE 64gb Ram 4,Tablettes,Soumari.com,+221 78 636 56 20,https://wa.me/221786365620,,61 000,https://www.soumari.com/produit/tablette-redmi-pad-se-64gb-ram-4/,Tablette_Redmi_PAD_SE_64gb_Ram_4.jpg
Tablette Redmi PAD 2 256gb ram 8gb,Tablettes,Soumari.com,+221 78 636 56 20,https://wa.me/221786365620,,145 000,https://www.soumari.com/produit/tablette-redmi-pad-2-256gb-ram-8gb/,Tablette_Redmi_PAD_2_128gb_Ram_4gb.jpg
Tablette Redmi PAD 2 128gb Ram 4gb,Tablettes,Soumari.com,+221 78 636 56 20,https://wa.me/221786365620,,125 000,https://www.soumari.com/produit/tablette-redmi-pad-2-128gb-ram-4gb/,Tablette_Redmi_PAD_2_128gb_Ram_4gb.jpg
Tablette Itel Vistatab 64GB Ram 4,Tablettes,Soumari.com,+221 78 636 56 20,https://wa.me/221786365620,,50 000,https://www.soumari.com/produit/tablette-itel-vistatab-64gb-ram-4/,Tablette_Itel_Vistatab_64GB_Ram_4.jpg
Tablette Cidéa CM528 128GB RAM 6,Tablettes,Soumari.com,+221 78 636 56 20,https://wa.me/221786365620,,35 500,https://www.soumari.com/produit/tablette-cidea-cm528-128gb-ram-6/,Tablette_Cidea_CM528_128GB_RAM_6.jpg
Tablette Doyda S28 Ultra 512GB RAM 12,Tablettes,Soumari.com,+221 78 636 56 20,https://wa.me/221786365620,,58 500,https://www.soumari.com/produit/tablette-doyda-s28-ultra-512gb-ram-12/,Tablette_Doyda_S28_Ultra_512GB_RAM_12.jpg
Tablette Atouch S15 256gb ram 8,Tablettes,Soumari.com,+221 78 636 56 20,https://wa.me/221786365620,,31 500,https://www.soumari.com/produit/tablette-atouch-s15-256gb-ram-8/,Tablette_Atouch_S15_256gb_ram_8.jpg
Tablette Cidéa CM516-128Go- RAM 6 Go,Tablettes,Soumari.com,+221 78 636 56 20,https://wa.me/221786365620,,29 000,https://www.soumari.com/produit/tablette-cidea-cm516-128gb/,Tablette_Cidea_CM516-128Go-_RAM_6_Go.jpeg
Tablette Atouch Apad 256GB RAM 8,Tablettes,Soumari.com,+221 78 636 56 20,https://wa.me/221786365620,,32 000,https://www.soumari.com/produit/tablette-atouch-apad-256gb-ram-8/,Tablette_Atouch_Apad_256GB_RAM_8.jpeg
Tablette Cidea – CM8300 Plus – 1To – RAM 8 Go,Tablettes,Soumari.com,+221 78 636 56 20,https://wa.me/221786365620,,56 000,https://www.soumari.com/produit/tablette-cidea-cm8300-plus-1tb-ram/,Tablette_Cidea_–_CM8300_Plus_–_1To_–_RAM_8_Go.jpeg
Tablette Cidea CM513 Pro – 512 Go – RAM 8 Go,Tablettes,Soumari.com,+221 78 636 56 20,https://wa.me/221786365620,,34 000,https://www.soumari.com/produit/tablette-cidea-cm513-pro-512gb-ram-8/,Tablette_Cidea_CM513_Pro_–_512_Go_–_RAM_8_Go.jpg
Tablette Cidéa CM8200 Plus -Memoire 1To – RAM 8 Go,Tablettes,Soumari.com,+221 78 636 56 20,https://wa.me/221786365620,,57 000,https://www.soumari.com/produit/tablette-cidea-cm8200-plus-1tb-ram/,Tablette_Cidea_CM8200_Plus_-Memoire_1To_–_RAM_8_Go.jpg
Tablette Cidéa CM8800 Plus – 512 Go – RAM 8 Go,Tablettes,Soumari.com,+221 78 636 56 20,https://wa.me/221786365620,,54 000,https://www.soumari.com/produit/tablette-cidea-cm8800-plus-512gb-ram-8/,Tablette_Cidea_CM8800_Plus_–_512_Go_–_RAM_8_Go.jpg
Tablette Galaxy Tab A9 64gb ram 4,Tablettes,Soumari.com,+221 78 636 56 20,https://wa.me/221786365620,,73 900,https://www.soumari.com/produit/tablette-galaxy-tab-a9-64gb-ram-4/,Tablette_Galaxy_Tab_A9_64gb_ram_4.webp
Tablette Alcatel 3T10 – 32Go – Ram 2 Go,Tablettes,Soumari.com,+221 78 636 56 20,https://wa.me/221786365620,,92 000,https://www.soumari.com/produit/tablette-alcatel-3t10/,Tablette_Alcatel_3T10_–_32Go_–_Ram_2_Go.png
Tablette Atouch SE Max – 512 Go – RAM 16 Go Ecran 10.1,Tablettes,Soumari.com,+221 78 636 56 20,https://wa.me/221786365620,,60 000,https://www.soumari.com/produit/tablette-se-max-512-go-ram-16-go-ecran-10-1/,Tablette_Atouch_SE_Max_–_512_Go_–_RAM_16_Go_Ecran_10.1.webp
Tablette Atouch Se3 – 512 Go – RAM 8 Go – Ecran 10″,Tablettes,Soumari.com,+221 78 636 56 20,https://wa.me/221786365620,,58 000,https://www.soumari.com/produit/tablette-atouch-se3-512-go-ram-8-go-ecran-10/,Tablette_Atouch_Se3_–_512_Go_–_RAM_8_Go_–_Ecran_10′′.webp
Tablette g3000 plus – 512 Go – RAM 16 Go – Ecran 10.1″,Tablettes,Soumari.com,+221 78 636 56 20,https://wa.me/221786365620,,49 800,https://www.soumari.com/produit/tablette-g3000-plus-512-go-ram-16-go-ecran-10-1/,Tablette_g3000_plus_–_512_Go_–_RAM_16_Go_–_Ecran_10.1′′.webp
Tablette g2000 – 512 Go – RAM 16 Go – Ecran 10.1″,Tablettes,Soumari.com,+221 78 636 56 20,https://wa.me/221786365620,,48 500,https://www.soumari.com/produit/tablette-g2000-512-go-ram-16-go-ecran-10-1/,Tablette_g2000_–_512_Go_–_RAM_16_Go_–_Ecran_10.1′′.webp
Tablette g1000 – 512 Go – RAM 16Go – Ecran 10.1″,Tablettes,Soumari.com,+221 78 636 56 20,https://wa.me/221786365620,,49 500,https://www.soumari.com/produit/tablette-g1000-512-go-ram-16go-ecran-10-1/,Tablette_g1000_–_512_Go_–_RAM_16Go_–_Ecran_10.1′′.webp
Tablette Pura 70 Plus – 512 Go – RAM 16 Go – Ecran 10.1″,Tablettes,Soumari.com,+221 78 636 56 20,https://wa.me/221786365620,,49 500,https://www.soumari.com/produit/tablette-pura-70-plus-512-go-ram-16-go-ecran-10-1/,Tablette_Pura_70_Plus_–_512_Go_–_RAM_16_Go_–_Ecran_10.1′′.webp
"Tablette Atouch SE2 – 512 Go – RAM 8 Go – Ecran 10,1″",Tablettes,Soumari.com,+221 78 636 56 20,https://wa.me/221786365620,,44 800,https://www.soumari.com/produit/tablette-atouch-se2-512-go-ram-8-go-ecran-101/,"Tablette_Atouch_SE2_–_512_Go_–_RAM_8_Go_–_Ecran_10,1′′.webp"
Tablette Tecno Megapad 128 Go- Ram 8 Go,Tablettes,Soumari.com,+221 78 636 56 20,https://wa.me/221786365620,,98 000,https://www.soumari.com/produit/tablette-tecno-megapad-128-go-ram-4-go/,Tablette_Tecno_Megapad_128_Go-_Ram_8_Go.webp
Tablette discover G10 64gb,Tablettes,Soumari.com,+221 78 636 56 20,https://wa.me/221786365620,,48 000,https://www.soumari.com/produit/tablette-discover-g10-64gb/,Tablette_discover_G10_64gb.webp
Tablette Kids Tab Q88 – 16 Go – Ram 2 Go – 7,Tablettes,Soumari.com,+221 78 636 56 20,https://wa.me/221786365620,,25 000,https://www.soumari.com/produit/tablette-kids-tab-q88/,Tablette_Kids_Tab_Q88_–_16_Go_–_Ram_2_Go_–_7.webp
Tablette DISCOVER K15 – 256Gb – Ram 6Gb – 7″,Tablettes,Soumari.com,+221 78 636 56 20,https://wa.me/221786365620,,38 000,https://www.soumari.com/produit/tablette-discover-k15-256gb-ram-6gb-7/,Tablette_DISCOVER_K15_–_256Gb_–_Ram_6Gb_–_7′′.webp
Tablette DISCOVER P13 Pro – 256Gb – Ram 6Gb – 7″,Tablettes,Soumari.com,+221 78 636 56 20,https://wa.me/221786365620,,38 000,https://www.soumari.com/produit/tablette-discover-p13-pro-256gb-ram-6gb-7/,Tablette_DISCOVER_P13_Pro_–_256Gb_–_Ram_6Gb_–_7′′.webp
Tablette DISCOVER P14 Pro Max – 256Gb – Ram 6Gb – 8″,Tablettes,Soumari.com,+221 78 636 56 20,https://wa.me/221786365620,,44 000,https://www.soumari.com/produit/tablette-discover-p14-pro-max-256gb-ram-6gb-8/,Tablette_DISCOVER_P14_Pro_Max_–_256Gb_–_Ram_6Gb_–_8′′.webp
Tablette ATOUCH KS44 – 256 Gb – 8 Gb – 7″,Tablettes,Soumari.com,+221 78 636 56 20,https://wa.me/221786365620,,35 000,https://www.soumari.com/produit/tablette-atouch-ks44-256-gb-8-gb-7/,Tablette_ATOUCH_KS44_–_256_Gb_–_8_Gb_–_7′′.jpg
Tablette ATOUCH X19 Life – 512 Gb – 8 Gb – 10.1″,Tablettes,Soumari.com,+221 78 636 56 20,https://wa.me/221786365620,,52 500,https://www.soumari.com/produit/tablette-x19-life-512-gb-8-gb-10-1/,Tablette_ATOUCH_X19_Life_–_512_Gb_–_8_Gb_–_10.1′′.jpg
Tablette Atouch X19Pro – 256Go – RAM 6Go – 10″,Tablettes,Soumari.com,+221 78 636 56 20,https://wa.me/221786365620,,46 500,https://www.soumari.com/produit/tablette-atouch-x19-pro-256-go-ram-6-go-10-1%e2%80%b3-gcs16/,Tablette_Atouch_X19Pro_–_256Go_–_RAM_6Go_–_10′′.jpg
Tablette ATOUCH A-Pad 3 – 256Go – RAM 8Go – 7″,Tablettes,Soumari.com,+221 78 636 56 20,https://wa.me/221786365620,,42 000,https://www.soumari.com/produit/tablette-atouch-a-pad-3-256-go-ram-8-go-7%e2%80%b3-ventilateur-global-com-gcs16/,Tablette_ATOUCH_A-Pad_3_–_256Go_–_RAM_8Go_–_7′′.jpg
Tablette Atouch X12 – 128 Go – RAM 4 Go – 7″,Tablettes,Soumari.com,+221 78 636 56 20,https://wa.me/221786365620,,42 000,https://www.soumari.com/produit/tablette-atouch-x12-4g-128-go-ram-4-go-7%e2%80%b3-ventilateur-global-com-gcs16/,Tablette_Atouch_X12_–_128_Go_–_RAM_4_Go_–_7′′.jpg
Tablette ATOUCH SE Pro -512 Go – Ram 12 Go,Tablettes,Soumari.com,+221 78 636 56 20,https://wa.me/221786365620,,63 000,https://www.soumari.com/produit/tablette-atouch-se-pro-512-go-ram-12-go-ventilateur-global-com-gcs16/,Tablette_ATOUCH_SE_Pro_-512_Go_–_Ram_12_Go.jpg
Tablette ATOUCH S13 – 128 Go – Ram 4 Go – 7″,Tablettes,Soumari.com,+221 78 636 56 20,https://wa.me/221786365620,,47 000,https://www.soumari.com/produit/tablette-atouch-s13-128-go-ram-4-go-7%e2%80%b3-gcs16/,Tablette_ATOUCH_S13_–_128_Go_–_Ram_4_Go_–_7′′.jpg
Tablette ATOUCH M-T3 – 256 Go – RAM 8 Go – 8″,Tablettes,Soumari.com,+221 78 636 56 20,https://wa.me/221786365620,,57 500,https://www.soumari.com/produit/tablette-atouch-m-t3-256-go-ram-8-go-8%e2%80%b3/,Tablette_ATOUCH_M-T3_–_256_Go_–_RAM_8_Go_–_8′′.jpg
Tablette ATOUCH A7 Plus -128 Go – Ram 4 Go – 7″,Tablettes,Soumari.com,+221 78 636 56 20,https://wa.me/221786365620,,45 000,https://www.soumari.com/produit/tablette-atouch-a7-plus-128-go-ram-4-go-7%e2%80%b3/,Tablette_ATOUCH_A7_Plus_-128_Go_–_Ram_4_Go_–_7′′.jpg
Baffle ordinateur T26,High-Tech,Soumari.com,+221 78 636 56 20,https://wa.me/221786365620,,5 200,https://www.soumari.com/produit/baffle-ordinateur-t26/,Baffle_ordinateur_T26.jpg
Vidéo projecteur V16,High-Tech,Soumari.com,+221 78 636 56 20,https://wa.me/221786365620,,33 500,https://www.soumari.com/produit/video-projecteur-v16/,Video_projecteur_V16.jpg
Vidéo projecteur U5 GAME,High-Tech,Soumari.com,+221 78 636 56 20,https://wa.me/221786365620,,47 000,https://www.soumari.com/produit/video-projecteur-u5-game/,Video_projecteur_U5_GAME.jpg
Vidéo projecteur V1 GAME,High-Tech,Soumari.com,+221 78 636 56 20,https://wa.me/221786365620,,44 800,https://www.soumari.com/produit/video-projecteur-v1-game/,Video_projecteur_V1_GAME.jpg
Vidéo projecteur U5,High-Tech,Soumari.com,+221 78 636 56 20,https://wa.me/221786365620,,29 100,https://www.soumari.com/produit/video-projecteur-u5/,Video_projecteur_U5.jpg
Vidéo projecteur V1,High-Tech,Soumari.com,+221 78 636 56 20,https://wa.me/221786365620,,29 100,https://www.soumari.com/produit/video-projecteur-v1/,Video_projecteur_V1.jpg
Vidéo projecteur HY-300 GAME,High-Tech,Soumari.com,+221 78 636 56 20,https://wa.me/221786365620,,29 500,https://www.soumari.com/produit/video-projecteur-hy-300-game/,Video_projecteur_HY-300_GAME.jpg
Vidéo projecteur HY-320 PRO,High-Tech,Soumari.com,+221 78 636 56 20,https://wa.me/221786365620,,39 700,https://www.soumari.com/produit/video-projecteur-hy-320-pro/,Video_projecteur_HY-320_PRO.jpg
Vidéo projecteur JY-360 couleur,High-Tech,Soumari.com,+221 78 636 56 20,https://wa.me/221786365620,,40 300,https://www.soumari.com/produit/video-projecteur-jy-360-couleur/,Video_projecteur_JY-360_couleur.jpg
Vidéo projecteur JY-360 BALL,High-Tech,Soumari.com,+221 78 636 56 20,https://wa.me/221786365620,,39 700,https://www.soumari.com/produit/video-projecteur-jy-360-ball/,Video_projecteur_JY-360_BALL.jpg
Vidéo Projecteur HY-320 plus,High-Tech,Soumari.com,+221 78 636 56 20,https://wa.me/221786365620,,42 000,https://www.soumari.com/produit/video-projecteur-hy-320/,Video_Projecteur_HY-320_plus.jpg
Vidéo Projecteur A10,High-Tech,Soumari.com,+221 78 636 56 20,https://wa.me/221786365620,,38 900,https://www.soumari.com/produit/video-projecteur-a10/,Video_Projecteur_A10.jpg
Caméra solaire S6 4G,High-Tech,Soumari.com,+221 78 636 56 20,https://wa.me/221786365620,,36 800,https://www.soumari.com/produit/camera-solaire-s6-4g/,Camera_solaire_S6_4G.jpg
Casque ordinateur A3,High-Tech,Soumari.com,+221 78 636 56 20,https://wa.me/221786365620,,25 000,https://www.soumari.com/produit/casque-ordinateur-a3/,Casque_ordinateur_A3.jpg
Caméra solaire T84 4G,High-Tech,Soumari.com,+221 78 636 56 20,https://wa.me/221786365620,,36 800,https://www.soumari.com/produit/camera-solaire-t84-4g/,Camera_solaire_T84_4G.jpg
Caméra solaire XW818 4G,High-Tech,Soumari.com,+221 78 636 56 20,https://wa.me/221786365620,,34 700,https://www.soumari.com/produit/camera-solaire-xw818-4g/,Camera_solaire_XW818_4G.jpg
Caméra de table M8 4G,High-Tech,Soumari.com,+221 78 636 56 20,https://wa.me/221786365620,,38 500,https://www.soumari.com/produit/camera-de-table-m8-4g/,Camera_de_table_M8_4G.jpg
Caméra solaire TA-501PTZ 4G,High-Tech,Soumari.com,+221 78 636 56 20,https://wa.me/221786365620,,36 400,https://www.soumari.com/produit/camera-solaire-ta-501ptz-4g/,Camera_solaire_TA-501PTZ_4G.jpg
Caméra solaire S13 4G,High-Tech,Soumari.com,+221 78 636 56 20,https://wa.me/221786365620,,31 300,https://www.soumari.com/produit/camera-solaire-s13-4g/,Camera_solaire_S13_4G.jpg
Video projecteur HY-300 MAX,High-Tech,Soumari.com,+221 78 636 56 20,https://wa.me/221786365620,,31 800,https://www.soumari.com/produit/video-projecteur-hy-300-max/,Video_projecteur_HY-300_MAX.jpg
Vidéo projecteur HY 260,High-Tech,Soumari.com,+221 78 636 56 20,https://wa.me/221786365620,,42 500,https://www.soumari.com/produit/video-projecteur-hy-260/,Video_projecteur_HY_260.jpg
Vidéo projecteur HY 300 pro,High-Tech,Soumari.com,+221 78 636 56 20,https://wa.me/221786365620,,36 900,https://www.soumari.com/produit/video-projecteur-hy-300-pro/,Video_projecteur_HY_300_pro.jpg
Vidéo projecteur HY 350 mini,High-Tech,Soumari.com,+221 78 636 56 20,https://wa.me/221786365620,,35 600,https://www.soumari.com/produit/video-projecteur-hy-350-mini/,Video_projecteur_HY_350_mini.jpg
Caméra solaire 660 4G,High-Tech,Soumari.com,+221 78 636 56 20,https://wa.me/221786365620,,39 500,https://www.soumari.com/produit/camera-solaire-660-4g/,Camera_solaire_660_4G.jpg
Caméra Hikvision DS-2CD1027G2H-LIUF/SRB(2.8mm)(O-STD) hybride intelligente ColorVu 2 MP,High-Tech,Soumari.com,+221 78 636 56 20,https://wa.me/221786365620,,39 000,https://www.soumari.com/produit/camera-hikvision-ds-2cd1027g2h-liuf-srb2-8mmo-std-hybride-intelligente-colorvu-2-mp/,Camera_Hikvision_DS-2CD1027G2H-LIUFSRB(2.8mm)(O-STD)_hybride_intelligente_ColorVu_2_MP.webp
Caméra Hikvision DS-2CD1321G0-\|(2.8mm) réseau tourelle fixe 2 MP,High-Tech,Soumari.com,+221 78 636 56 20,https://wa.me/221786365620,,22 000,https://www.soumari.com/produit/camera-hikvision-ds-2cd1321g0-2-8mm-reseau-tourelle-fixe-2-mp/,Camera_Hikvision_DS-2CD1321G0-(2.8mm)_reseau_tourelle_fixe_2_MP.webp
Caméra Hikvision DS-2CD1T83G2-LIU(4mm)(O-STD) hybride intelligente 8 MP à lumière fixe,High-Tech,Soumari.com,+221 78 636 56 20,https://wa.me/221786365620,,60 000,https://www.soumari.com/produit/camera-hikvision-ds-2cd1t83g2-liu4mmo-std-hybride-intelligente-8-mp-a-lumiere-fixe/,Camera_Hikvision_DS-2CD1T83G2-LIU(4mm)(O-STD)_hybride_intelligente_8_MP_a_lumiere_fixe.webp
Caméra Hikvision DS-2CD1143G2-LIU(2.8mm) 4 MP Smart Hybrid Light,High-Tech,Soumari.com,+221 78 636 56 20,https://wa.me/221786365620,,45 000,https://www.soumari.com/produit/camera-hikvision-ds-2cd1143g2-liu2-8mm-4-mp-smart-hybrid-light/,Camera_Hikvision_DS-2CD1143G2-LIU(2.8mm)_4_MP_Smart_Hybrid_Light.webp
Caméra Hikvision DS-2CD1043G2-LIU(4mm) réseau bullet hybride intelligente 4 MP,High-Tech,Soumari.com,+221 78 636 56 20,https://wa.me/221786365620,,45 000,https://www.soumari.com/produit/camera-hikvision-ds-2cd1043g2-liu4mm-reseau-bullet-hybride-intelligente-4-mp/,Camera_Hikvision_DS-2CD1043G2-LIU(4mm)_reseau_bullet_hybride_intelligente_4_MP.webp
Caméra Hikvision DS-2CD1123G2-LIU(2.8mm)(O-STD) hybride intelligente 2 MP,High-Tech,Soumari.com,+221 78 636 56 20,https://wa.me/221786365620,,38 000,https://www.soumari.com/produit/camera-hikvision-ds-2cd1123g2-liu2-8mmo-std-hybride-intelligente-2-mp/,Camera_Hikvision_DS-2CD1123G2-LIU(2.8mm)(O-STD)_hybride_intelligente_2_MP.webp
Caméra Hikvision DS-2CD1021GO-I(4mm) 2 MP,High-Tech,Soumari.com,+221 78 636 56 20,https://wa.me/221786365620,,22 000,https://www.soumari.com/produit/camera-hikvision-ds-2cd1021go-i4mm-2-mp/,Camera_Hikvision_DS-2CD1021GO-I(4mm)_2_MP.webp
CAMERA HIKVISION IP POE 2MP DOM DS-2CD1321G0-I(2.8mm),High-Tech,Soumari.com,+221 78 636 56 20,https://wa.me/221786365620,,22 000,https://www.soumari.com/produit/camera-hikvision-ip-poe-2mp-dom-ds-2cd1321g0-i2-8mm/,CAMERA_HIKVISION_IP_POE_2MP_DOM_DS-2CD1321G0-I(2.8mm).webp
Caméra Hikvision DS-2SE4C425MWG-E(14 FO) 4+4MP 25X ColorVu et IR Acusense,High-Tech,Soumari.com,+221 78 636 56 20,https://wa.me/221786365620,,234 500,https://www.soumari.com/produit/camera-hikvision-ds-2se4c425mwg-e14-fo-44mp-25x-colorvu-et-ir-acusense/,Camera_Hikvision_DS-2SE4C425MWG-E(14_FO)_4+4MP_25X_ColorVu_et_IR_Acusense.webp
Caméra Hikvision solaire DS-2CFSP4/4G(2.8mm)(O-STD) PT 4G 4MP 24h/24 et 7j/7,High-Tech,Soumari.com,+221 78 636 56 20,https://wa.me/221786365620,,84 800,https://www.soumari.com/produit/camera-hikvision-solaire-ds-2cfsp4-4g2-8mmo-std-pt-4g-4mp-24h-24-et-7j-7/,Camera_Hikvision_solaire_DS-2CFSP44G(2.8mm)(O-STD)_PT_4G_4MP_24h24_et_7j7.webp
Caméra Hikvision DS-2CE76KOT-LPFS(2.8mm) hybride 3K avec éclairage et audio,High-Tech,Soumari.com,+221 78 636 56 20,https://wa.me/221786365620,,18 000,https://www.soumari.com/produit/camera-hikvision-ds-2ce76kot-lpfs2-8mm-hybride-3k-avec-eclairage-et-audio/,Camera_Hikvision_DS-2CE76KOT-LPFS(2.8mm)_hybride_3K_avec_eclairage_et_audio.webp
Camera hikvision DS-2CE70KF0T-LPFS DOM HYBROID Intelligente 3K COOR VU,High-Tech,Soumari.com,+221 78 636 56 20,https://wa.me/221786365620,,30 000,https://www.soumari.com/produit/camera-hikvision-ds-2ce70kf0t-lpfs-dom-hybrid-intelligente-3k-coor-vu/,Camera_hikvision_DS-2CE70KF0T-LPFS_DOM_HYBROID_Intelligente_3K_COOR_VU.webp
CAMERA HIKVISION DS-2CE10KF0T-PFS EXTERIEUR MINI 3K COLOR VU,High-Tech,Soumari.com,+221 78 636 56 20,https://wa.me/221786365620,,30 000,https://www.soumari.com/produit/camera-hikvision-ds-2ce10kf0t-pfs-exterieur-mini-3k-color-vu/,CAMERA_HIKVISION_DS-2CE10KF0T-PFS_EXTERIEUR_MINI_3K_COLOR_VU.webp
Caméra HIKVISION DS-2CD1143G2-LIU,High-Tech,Soumari.com,+221 78 636 56 20,https://wa.me/221786365620,,50 000,https://www.soumari.com/produit/camera-hikvision-ds-2cd2143g2-lis2u-hybril-intelligente-4mp/,Camera_HIKVISION_DS-2CD1143G2-LIU.webp
Caméra Hikvision DS-2CD2047G3-LIY(4mm)(O-STD) 4 MP avec éclairage ColorVu,High-Tech,Soumari.com,+221 78 636 56 20,https://wa.me/221786365620,,90 000,https://www.soumari.com/produit/camera-hikvision-ds-2cd2047g3-liy4mmo-std-4-mp-avec-eclairage-colorvu/,Camera_Hikvision_DS-2CD2047G3-LIY(4mm)(O-STD)_4_MP_avec_eclairage_ColorVu.jpg
Camera hikvision DS-2CD2043G2-LI(2U) EXTERIEUR HYBRID INTELLIGENTE 4MP,High-Tech,Soumari.com,+221 78 636 56 20,https://wa.me/221786365620,,60 000,https://www.soumari.com/produit/camera-hikvision-ds-2cd2043g2-li2u-exterieur-hybrid-intelligente-4mp/,Camera_hikvision_DS-2CD2043G2-LI(2U)_EXTERIEUR_HYBRID_INTELLIGENTE_4MP.webp
Caméra Hikvision DS-2CD1023G2-LIU(2.8mm)(O-STD),High-Tech,Soumari.com,+221 78 636 56 20,https://wa.me/221786365620,,25 000,https://www.soumari.com/produit/camera-hikvision-ds-2cd1023g2-liu2-8mmo-std/,Camera_Hikvision_DS-2CD1023G2-LIU(2.8mm)(O-STD).webp
camera hikvision analogique color vu 2MP DOM DS-2CE70DFOT-LPFS(2.8mm),High-Tech,Soumari.com,+221 78 636 56 20,https://wa.me/221786365620,,25 000,https://www.soumari.com/produit/camera-hikvision-analogique-color-vu-2mp-dom-ds-2ce70dfot-lpfs2-8mm/,camera_hikvision_analogique_color_vu_2MP_DOM_DS-2CE70DFOT-LPFS(2.8mm).webp
Mini caméra Hikvision DS-2CE16D0T-LPTS(2.8mm) 2MP,High-Tech,Soumari.com,+221 78 636 56 20,https://wa.me/221786365620,,20 000,https://www.soumari.com/produit/mini-camera-hikvision-ds-2ce16d0t-lpts2-8mm-2mp/,Mini_camera_Hikvision_DS-2CE16D0T-LPTS(2.8mm)_2MP.webp
Camera hikvision analogique Color VU 2MP DOM DS-2CE10DF0T-LPFS(3.6mm),High-Tech,Soumari.com,+221 78 636 56 20,https://wa.me/221786365620,,19 000,https://www.soumari.com/produit/camera-hikvision-analogique-color-vu-2mp-dom-ds-2ce10df0t-lpfs3-6mm/,Camera_hikvision_analogique_Color_VU_2MP_DOM_DS-2CE10DF0T-LPFS(3.6mm).webp
Camera hikvision analogique 5mp exterieur DS-2CE16K0T-LPFS(3.6mm),High-Tech,Soumari.com,+221 78 636 56 20,https://wa.me/221786365620,,24 800,https://www.soumari.com/produit/camera-hikvision-analogique-5mp-exterieur-ds-2ce16k0t-lpfs3-6mm/,Camera_hikvision_analogique_5mp_exterieur_DS-2CE16K0T-LPFS(3.6mm).webp
Camera Hikvision Analogique 5mp Exterieur DS-2CE10DF3T-PF(3.6mm)(O-STD),High-Tech,Soumari.com,+221 78 636 56 20,https://wa.me/221786365620,,25 000,https://www.soumari.com/produit/camera-hikvision-analogique-5mp-exterieur-ds-2ce10df3t-pf3-6mmo-std/,Camera_Hikvision_Analogique_5mp_Exterieur_DS-2CE10DF3T-PF(3.6mm)(O-STD).webp
CAMERA HIKVISION DS-2CE70DF3T-PF (2.8mm),High-Tech,Soumari.com,+221 78 636 56 20,https://wa.me/221786365620,,25 000,https://www.soumari.com/produit/camera-hikvision-ds-2ce70df3t-pf-2-8mm/,CAMERA_HIKVISION_DS-2CE70DF3T-PF_(2.8mm).webp
BAFLE VIDEO CONFERENCE HIKVISIOND-UAC-S1V,High-Tech,Soumari.com,+221 78 636 56 20,https://wa.me/221786365620,,105 000,https://www.soumari.com/produit/bafle-video-conference-hikvisiond-uac-s1v/,BAFLE_VIDEO_CONFERENCE_HIKVISIOND-UAC-S1V.webp
Casque ordinateur G505,Accessoires,Soumari.com,+221 78 636 56 20,https://wa.me/221786365620,,7 500,https://www.soumari.com/produit/casque-ordinateur-g505/,Casque_ordinateur_G505.jpg
Casque ordinateur GT806,Accessoires,Soumari.com,+221 78 636 56 20,https://wa.me/221786365620,,16 800,https://www.soumari.com/produit/casque-ordinateur-gt806/,Casque_ordinateur_GT806.jpg
Casque ordinateur B15,Accessoires,Soumari.com,+221 78 636 56 20,https://wa.me/221786365620,,16 800,https://www.soumari.com/produit/casque-ordinateur-b15/,Casque_ordinateur_B15.jpg
Casque ordinateur A66,Accessoires,Soumari.com,+221 78 636 56 20,https://wa.me/221786365620,,6 000,https://www.soumari.com/produit/casque-ordinateur-a66/,Casque_ordinateur_A66.jpg
Casque ordinateur V6S,Accessoires,Soumari.com,+221 78 636 56 20,https://wa.me/221786365620,,7 000,https://www.soumari.com/produit/casque-ordinateur-v6s/,Casque_ordinateur_V6S.jpg
Coque iPhone AS1,Accessoires,Soumari.com,+221 78 636 56 20,https://wa.me/221786365620,,2 000,https://www.soumari.com/produit/coque-iphone-as1/,Coque_iPhone_AS1.webp
AirPod GALAXY BUDS3,Accessoires,Soumari.com,+221 78 636 56 20,https://wa.me/221786365620,,6 500,https://www.soumari.com/produit/airpod-galaxy-buds3/,AirPod_GALAXY_BUDS3.webp
AirPod P7 PRO,Accessoires,Soumari.com,+221 78 636 56 20,https://wa.me/221786365620,,5 500,https://www.soumari.com/produit/airpod-p7-pro/,AirPod_P7_PRO.webp
AirPod P6 PRO,Accessoires,Soumari.com,+221 78 636 56 20,https://wa.me/221786365620,,5 000,https://www.soumari.com/produit/airpod-p6-pro/,AirPod_P6_PRO.webp
AirPod P4 pro,Accessoires,Soumari.com,+221 78 636 56 20,https://wa.me/221786365620,,5 500,https://www.soumari.com/produit/airpod-p4-pro/,AirPod_P4_pro.webp
Bol Mélangeur Multifonctionnel RAF 7L 5 en 1,Accessoires,Soumari.com,+221 78 636 56 20,https://wa.me/221786365620,,60 000,https://www.soumari.com/produit/bol-melangeur-multifonctionnel-raf-7l-5-en-1/,Bol_Melangeur_Multifonctionnel_RAF_7L_5_en_1.webp
Casque Sony Sans Fil Gris et Noir WH-1000XM5,Accessoires,Soumari.com,+221 78 636 56 20,https://wa.me/221786365620,,170 000,https://www.soumari.com/produit/casque-sony-sans-fil-gris-et-noir-wh-1000xm5/,Casque_Sony_Sans_Fil_Gris_et_Noir_WH-1000XM5.webp
Power bank VIMAX 20000 mah,Accessoires,Soumari.com,+221 78 636 56 20,https://wa.me/221786365620,,9 000,https://www.soumari.com/produit/power-bank-vimax-20000-mah/,Power_bank_VIMAX_20000_mah.jpg
Power bank VIMAX 10000 mah,Accessoires,Soumari.com,+221 78 636 56 20,https://wa.me/221786365620,,6 000,https://www.soumari.com/produit/power-bank-vimax-10000-mah/,Power_bank_VIMAX_10000_mah.jpg
Power bank NB 20000 mah,Accessoires,Soumari.com,+221 78 636 56 20,https://wa.me/221786365620,,9 000,https://www.soumari.com/produit/power-bank-nb-20000-mah/,Power_bank_NB_20000_mah.jpg
Power bank NB 30000 mah,Accessoires,Soumari.com,+221 78 636 56 20,https://wa.me/221786365620,,13 000,https://www.soumari.com/produit/power-bank-nb-30000-mah/,Power_bank_NB_30000_mah.jpg
Power Bank Nb-Pk17 10000 mah,Accessoires,Soumari.com,+221 78 636 56 20,https://wa.me/221786365620,,5 800,https://www.soumari.com/produit/power-bank-nb-pk17-10000-mah/,Power_Bank_Nb-Pk17_10000_mah.jpg
Support tv V Star Pivotant 32-75 Cp750,Accessoires,Soumari.com,+221 78 636 56 20,https://wa.me/221786365620,,15 500,https://www.soumari.com/produit/support-tv-v-star-pivotant-32-75-cp750/,Support_tv_V_Star_Pivotant_32-75_Cp750.jpg
Support tv V Star Pivotant 55-100 cp980,Accessoires,Soumari.com,+221 78 636 56 20,https://wa.me/221786365620,,19 500,https://www.soumari.com/produit/support-tv-v-star-pivotant-55-100-cp980/,Support_tv_V_Star_Pivotant_55-100_cp980.jpg
Tablette Atouch Q39 256gb ram 8,Accessoires,Soumari.com,+221 78 636 56 20,https://wa.me/221786365620,,26 500,https://www.soumari.com/produit/tablette-atouch-q39-256gb-ram-8/,Tablette_Atouch_Q39_256gb_ram_8.jpg
Tablette Atouch Q42 256gb ram 8,Accessoires,Soumari.com,+221 78 636 56 20,https://wa.me/221786365620,,32 000,https://www.soumari.com/produit/tablette-atouch-q42-256gb-ram-8/,Tablette_Atouch_Q42_256gb_ram_8.jpg
Tablette Atouch Q38 256gb ram 8,Accessoires,Soumari.com,+221 78 636 56 20,https://wa.me/221786365620,,32 000,https://www.soumari.com/produit/tablette-atouch-q38-256gb-ram-8/,Tablette_Atouch_Q38_256gb_ram_8.jpg
Casque JBL Sans Fil Live 460 NC,Accessoires,Soumari.com,+221 78 636 56 20,https://wa.me/221786365620,,8 000,https://www.soumari.com/produit/casque-jbl-sans-fil-live-460-nc/,Casque_JBL_Sans_Fil_Live_460_NC.jpg
Casque JBL Sans Fil E55 BT,Accessoires,Soumari.com,+221 78 636 56 20,https://wa.me/221786365620,,8 000,https://www.soumari.com/produit/casque-jbl-sans-fil-e55-bt/,Casque_JBL_Sans_Fil_E55_BT.jpg
Casque JBL Sans Fil Live 660 NC,Accessoires,Soumari.com,+221 78 636 56 20,https://wa.me/221786365620,,8 000,https://www.soumari.com/produit/casque-jbl-sans-fil-live-660-nc/,Casque_JBL_Sans_Fil_Live_660_NC.jpg
Chargeur Samsung Original,Accessoires,Soumari.com,+221 78 636 56 20,https://wa.me/221786365620,,9 000,https://www.soumari.com/produit/chargeur-samsung-original/,Chargeur_Samsung_Original.jpg
Chargeur IPhone 16 Pro Max Original,Accessoires,Soumari.com,+221 78 636 56 20,https://wa.me/221786365620,,9 000,https://www.soumari.com/produit/chargeur-iphone-16-pro-max-original/,Chargeur_IPhone_16_Pro_Max_Original.jpg
Chargeur IPhone 14 Pro Max Original,Accessoires,Soumari.com,+221 78 636 56 20,https://wa.me/221786365620,,9 000,https://www.soumari.com/produit/chargeur-iphone-14-pro-max-original/,Chargeur_IPhone_14_Pro_Max_Original.jpg
Airpod Wreless Pro7,Accessoires,Soumari.com,+221 78 636 56 20,https://wa.me/221786365620,,8 000,https://www.soumari.com/produit/airpod-wreless-pro7/,Airpod_Wreless_Pro7.jpg
AirPod Wireless X7,Accessoires,Soumari.com,+221 78 636 56 20,https://wa.me/221786365620,,8 000,https://www.soumari.com/produit/airpod-wireless-x7/,AirPod_Wireless_X7.jpg
Écouteur Bluetooth X28,Accessoires,Soumari.com,+221 78 636 56 20,https://wa.me/221786365620,,7 500,https://www.soumari.com/produit/ecouteur-bluetooth-x28/,Ecouteur_Bluetooth_X28.jpg
Écouteur Bluetooth Q18,Accessoires,Soumari.com,+221 78 636 56 20,https://wa.me/221786365620,,12 000,https://www.soumari.com/produit/ecouteur-bluetooth-q18/,Ecouteur_Bluetooth_Q18.jpg
Écouteur Bluetooth Q13,Accessoires,Soumari.com,+221 78 636 56 20,https://wa.me/221786365620,,7 500,https://www.soumari.com/produit/ecouteur-bluetooth-q13/,Ecouteur_Bluetooth_Q13.jpg
Écouteur Bluetooth X93,Accessoires,Soumari.com,+221 78 636 56 20,https://wa.me/221786365620,,6 500,https://www.soumari.com/produit/ecouteur-bluetooth-x93/,Ecouteur_Bluetooth_X93.jpg
Airpod Oraimo Pro 7s,Accessoires,Soumari.com,+221 78 636 56 20,https://wa.me/221786365620,,6 000,https://www.soumari.com/produit/airpod-oraimo-pro-7s/,Airpod_Oraimo_Pro_7s.webp
Coque IPhone FA3,Accessoires,Soumari.com,+221 78 636 56 20,https://wa.me/221786365620,,2 000,https://www.soumari.com/produit/coque-iphone-fa3/,Coque_IPhone_FA3.jpg
Coque IPhone TA2,Accessoires,Soumari.com,+221 78 636 56 20,https://wa.me/221786365620,,2 000,https://www.soumari.com/produit/coque-iphone-ta2/,Coque_IPhone_TA2.jpg
Chargeur IPhone C25,Accessoires,Soumari.com,+221 78 636 56 20,https://wa.me/221786365620,,2 500,https://www.soumari.com/produit/chargeur-iphone-c25/,Chargeur_IPhone_C25.jpg
Chargeur TD-T60,Accessoires,Soumari.com,+221 78 636 56 20,https://wa.me/221786365620,,2 000,https://www.soumari.com/produit/chargeur-td-t60/,Chargeur_TD-T60.jpg
Chargeur TD-T61,Accessoires,Soumari.com,+221 78 636 56 20,https://wa.me/221786365620,,2 000,https://www.soumari.com/produit/chargeur-td-t61/,Chargeur_TD-T61.jpg
Chargeur S6,Accessoires,Soumari.com,+221 78 636 56 20,https://wa.me/221786365620,,2 500,https://www.soumari.com/produit/chargeur-s6/,Chargeur_S6.jpg
Chargeur S100,Accessoires,Soumari.com,+221 78 636 56 20,https://wa.me/221786365620,,2 000,https://www.soumari.com/produit/chargeur-s100/,Chargeur_S100.jpg
Chargeur De Téléphone Pour Voiture,Accessoires,Soumari.com,+221 78 636 56 20,https://wa.me/221786365620,,2 000,https://www.soumari.com/produit/chargeur-de-telephone-pour-voiture/,Chargeur_De_Telephone_Pour_Voiture.jpg
Casque Pour Enfant stn-28,Accessoires,Soumari.com,+221 78 636 56 20,https://wa.me/221786365620,,6 000,https://www.soumari.com/produit/casque-pour-enfant-stn-28/,Casque_Pour_Enfant_stn-28.jpg
Airpod B22,Accessoires,Soumari.com,+221 78 636 56 20,https://wa.me/221786365620,,6 500,https://www.soumari.com/produit/airpod-b22-2/,Airpod_B22.jpg
Airpod M35,Accessoires,Soumari.com,+221 78 636 56 20,https://wa.me/221786365620,,6 500,https://www.soumari.com/produit/airpod-m35/,Airpod_M35.jpg
Airpod A6,Accessoires,Soumari.com,+221 78 636 56 20,https://wa.me/221786365620,,6 500,https://www.soumari.com/produit/airpod-a6/,Airpod_A6.jpg
AirPod Pro 13,Accessoires,Soumari.com,+221 78 636 56 20,https://wa.me/221786365620,,7 000,https://www.soumari.com/produit/airpod-pro-13-2/,AirPod_Pro_13.jpg
Batterie solaire ROCH 12V200 AH,Énergie & Solaire,Soumari.com,+221 78 636 56 20,https://wa.me/221786365620,,132 000,https://www.soumari.com/produit/batterie-solaire-roch-12v200-ah/,Batterie_solaire_ROCH_12V200_AH.jpg
Batterie solaire ROCH 12V150 AH,Énergie & Solaire,Soumari.com,+221 78 636 56 20,https://wa.me/221786365620,,107 800,https://www.soumari.com/produit/batterie-solaire-roch-12v150-ah/,Batterie_solaire_ROCH_12V150_AH.jpg
Batterie solaire ROCH 12V250 AH,Énergie & Solaire,Soumari.com,+221 78 636 56 20,https://wa.me/221786365620,,155 000,https://www.soumari.com/produit/batterie-solaire-roch-12v250-ah/,Batterie_solaire_ROCH_12V250_AH.jpg
Projecteur solaire UKC IP68 SLP-1000W,Énergie & Solaire,Soumari.com,+221 78 636 56 20,https://wa.me/221786365620,,40 000,https://www.soumari.com/produit/projecteur-solaire-ukc-ip68-slp-1000w/,Projecteur_solaire_UKC_IP68_SLP-1000W.webp
Projecteur solaire UKC IP68 SLA-200W,Énergie & Solaire,Soumari.com,+221 78 636 56 20,https://wa.me/221786365620,,20 000,https://www.soumari.com/produit/projecteur-solaire-ukc-ip68-sla-200w/,Projecteur_solaire_UKC_IP68_SLA-200W.webp
Projecteur solaire UKC IP68 SLA-300w,Énergie & Solaire,Soumari.com,+221 78 636 56 20,https://wa.me/221786365620,,22 000,https://www.soumari.com/produit/projecteur-solaire-ukc-ip68-sla-300w/,Projecteur_solaire_UKC_IP68_SLA-300w.webp
Projecteur solaire UKC IP68 SLA-100W,Énergie & Solaire,Soumari.com,+221 78 636 56 20,https://wa.me/221786365620,,18 000,https://www.soumari.com/produit/projecteur-solaire-ukc-ip68-sla-100w/,Projecteur_solaire_UKC_IP68_SLA-100W.webp
Projecteur solaire UKC IP68 SLA-400W,Énergie & Solaire,Soumari.com,+221 78 636 56 20,https://wa.me/221786365620,,27 500,https://www.soumari.com/produit/projecteur-solaire-ukc-ip68-sla-400w/,Projecteur_solaire_UKC_IP68_SLA-400W.webp
Projecteur solaire UKC IP68 SLA-600W,Énergie & Solaire,Soumari.com,+221 78 636 56 20,https://wa.me/221786365620,,35 000,https://www.soumari.com/produit/projecteur-solaire-ukc-ip68-sla-600w/,Projecteur_solaire_UKC_IP68_SLA-600W.jpg
Régulateur solaire UKC 20A USB,Énergie & Solaire,Soumari.com,+221 78 636 56 20,https://wa.me/221786365620,,10 000,https://www.soumari.com/produit/regulateur-solaire-ukc-20a-usb/,Regulateur_solaire_UKC_20A_USB.webp
Onduleur inverter sukam RPI 1000W,Énergie & Solaire,Soumari.com,+221 78 636 56 20,https://wa.me/221786365620,,15 000,https://www.soumari.com/produit/onduleur-inverter-sukam-rpi-1000w/,Onduleur_inverter_sukam_RPI_1000W.webp
Onduleur inverter sukam RPI 2000W,Énergie & Solaire,Soumari.com,+221 78 636 56 20,https://wa.me/221786365620,,20 000,https://www.soumari.com/produit/onduleur-inverter-sukam-rpi-2000w/,Onduleur_inverter_sukam_RPI_2000W.webp
Onduleur inverter sukam RPI 500W,Énergie & Solaire,Soumari.com,+221 78 636 56 20,https://wa.me/221786365620,,13 000,https://www.soumari.com/produit/onduleur-inverter-sukam-rpi-500w/,Onduleur_inverter_sukam_RPI_500W.webp
Onduleur inverter sukam RPI 300W,Énergie & Solaire,Soumari.com,+221 78 636 56 20,https://wa.me/221786365620,,14 000,https://www.soumari.com/produit/onduleur-inverter-sukam-rpi-300w/,Onduleur_inverter_sukam_RPI_300W.webp
Régulateur ALCAD pour réfrigérateur et climatiseur WMR-5000VA,Énergie & Solaire,Soumari.com,+221 78 636 56 20,https://wa.me/221786365620,,58 000,https://www.soumari.com/produit/regulateur-alcad-pour-refrigerateur-et-climatiseur-wmr-5000va/,Regulateur_ALCAD_pour_refrigerateur_et_climatiseur_WMR-5000VA.webp
Régulateur ALCAD pour réfrigérateur et climatiseur WMR-3000VA,Énergie & Solaire,Soumari.com,+221 78 636 56 20,https://wa.me/221786365620,,40 000,https://www.soumari.com/produit/regulateur-alcad-pour-refrigerateur-et-climatiseur-wmr-3000va/,Regulateur_ALCAD_pour_refrigerateur_et_climatiseur_WMR-3000VA.webp
Régulateur ALCAD AL-5000VA,Énergie & Solaire,Soumari.com,+221 78 636 56 20,https://wa.me/221786365620,,45 000,https://www.soumari.com/produit/regulateur-alcad-al-5000va/,Regulateur_ALCAD_AL-5000VA.webp
Régulateur ALCAD AL-3000VA,Énergie & Solaire,Soumari.com,+221 78 636 56 20,https://wa.me/221786365620,,38 000,https://www.soumari.com/produit/regulateur-alcad-al-3000va/,Regulateur_ALCAD_AL-3000VA.webp
Régulateur ALCAD AL-2000VA,Énergie & Solaire,Soumari.com,+221 78 636 56 20,https://wa.me/221786365620,,25 000,https://www.soumari.com/produit/regulateur-alcad-al-2000va/,Regulateur_ALCAD_AL-2000VA.webp
Régulateur ALCAD AL-1500VA,Énergie & Solaire,Soumari.com,+221 78 636 56 20,https://wa.me/221786365620,,23 000,https://www.soumari.com/produit/regulateur-alcad-al-1500va/,Regulateur_ALCAD_AL-1500VA.webp
Régulateur alcad AL-1000VA,Énergie & Solaire,Soumari.com,+221 78 636 56 20,https://wa.me/221786365620,,20 000,https://www.soumari.com/produit/regulateur-alcad-al-1000va/,Regulateur_alcad_AL-1000VA.webp
Régulateur ALCAD AL-500VA,Énergie & Solaire,Soumari.com,+221 78 636 56 20,https://wa.me/221786365620,,15 000,https://www.soumari.com/produit/regulateur-alcad-al-500va/,Regulateur_ALCAD_AL-500VA.webp
Régulateur Solaire UKC 30A USB,Énergie & Solaire,Soumari.com,+221 78 636 56 20,https://wa.me/221786365620,,10 000,https://www.soumari.com/produit/regulateur-solaire-ukc-30a-usb/,Regulateur_Solaire_UKC_30A_USB.webp
Compresseur d’air portable 12V DC,Énergie & Solaire,Soumari.com,+221 78 636 56 20,https://wa.me/221786365620,,20 000,https://www.soumari.com/produit/compresseur-dair-portable-12v-dc/,Compresseur_d’air_portable_12V_DC.webp
Système de stockage d’énergie solaire 500w portable + panneaux et 2 lampes,Énergie & Solaire,Soumari.com,+221 78 636 56 20,https://wa.me/221786365620,,85 000,https://www.soumari.com/produit/systeme-de-stockage-denergie-solaire-500w-portable-panneaux-et-2-lampes/,Systeme_de_stockage_d’energie_solaire_500w_portable_+_panneaux_et_2_lampes.webp
Système de stockage d’énergie solaire 300w portable + panneaux et 2 lampes,Énergie & Solaire,Soumari.com,+221 78 636 56 20,https://wa.me/221786365620,,75 000,https://www.soumari.com/produit/systeme-de-stockage-denergie-solaire-300w-portable-panneaux-et-2-lampes/,Systeme_de_stockage_d’energie_solaire_300w_portable_+_panneaux_et_2_lampes.webp
Batterie solaire EURONET 260AH,Énergie & Solaire,Soumari.com,+221 78 636 56 20,https://wa.me/221786365620,,165 000,https://www.soumari.com/produit/batterie-solaire-euronet-260ah/,Batterie_solaire_EURONET_260AH.webp
Batterie solaire turkishh 200AH,Énergie & Solaire,Soumari.com,+221 78 636 56 20,https://wa.me/221786365620,,130 000,https://www.soumari.com/produit/batterie-solaire-turkishh-200ah/,Batterie_solaire_turkishh_200AH.webp
Batterie coralstar original 200AH,Énergie & Solaire,Soumari.com,+221 78 636 56 20,https://wa.me/221786365620,,250 000,https://www.soumari.com/produit/batterie-coralstar-original-200ah/,Batterie_coralstar_original_200AH.webp
Batterie coralstar original 100AH,Énergie & Solaire,Soumari.com,+221 78 636 56 20,https://wa.me/221786365620,,130 000,https://www.soumari.com/produit/batterie-coralstar-original-100ah/,Batterie_coralstar_original_100AH.webp
Batterie coralstar original 5KWH,Énergie & Solaire,Soumari.com,+221 78 636 56 20,https://wa.me/221786365620,,460 000,https://www.soumari.com/produit/onduleur-original-5kwh/,Batterie_coralstar_original_5KWH.webp
Batterie coralstar original 15KWH,Énergie & Solaire,Soumari.com,+221 78 636 56 20,https://wa.me/221786365620,,820 000,https://www.soumari.com/produit/onduleur-original-15kwh/,Batterie_coralstar_original_15KWH.webp
Lampadaire solaire coralstar avec support CS-210,Énergie & Solaire,Soumari.com,+221 78 636 56 20,https://wa.me/221786365620,,27 500,https://www.soumari.com/produit/lampadaire-solaire-coralstar-avec-support-cs-210/,Lampadaire_solaire_coralstar_avec_support_CS-210.webp
Régulateur MPOWER AVR 1000va / 600w,Énergie & Solaire,Soumari.com,+221 78 636 56 20,https://wa.me/221786365620,,19 000,https://www.soumari.com/produit/regulateur-mpower-avr-1000va-600w/,Regulateur_MPOWER_AVR_1000va_600w.webp
Lampadaire Solaire Avec Caméra De Surveillance 450w,Énergie & Solaire,Soumari.com,+221 78 636 56 20,https://wa.me/221786365620,,85 000,https://www.soumari.com/produit/lampadaire-solaire-avec-camera-de-surveillance-450w/,Lampadaire_Solaire_Avec_Camera_De_Surveillance_450w.jpg
Onduleur Su-kam 2000w,Énergie & Solaire,Soumari.com,+221 78 636 56 20,https://wa.me/221786365620,,24 500,https://www.soumari.com/produit/onduleur-su-kam-2000w/,Onduleur_Su-kam_2000w.jpg
Onduleur Su-kam 1100w,Énergie & Solaire,Soumari.com,+221 78 636 56 20,https://wa.me/221786365620,,23 500,https://www.soumari.com/produit/onduleur-sukam-1100w-2/,Onduleur_Su-kam_1100w.jpg
Onduleur Su-kam 300w,Énergie & Solaire,Soumari.com,+221 78 636 56 20,https://wa.me/221786365620,,15 500,https://www.soumari.com/produit/onduleur-sukam-1100w/,Onduleur_Su-kam_300w.jpg
Régulateur smart technology 3000 VA,Énergie & Solaire,Soumari.com,+221 78 636 56 20,https://wa.me/221786365620,,34 000,https://www.soumari.com/produit/regulateur-smart-technology-3000-va/,Regulateur_smart_technology_3000_VA.webp
Onduleur coralstar 2000w,Énergie & Solaire,Soumari.com,+221 78 636 56 20,https://wa.me/221786365620,,22 500,https://www.soumari.com/produit/onduleur-coralstar-2000w/,Onduleur_coralstar_2000w.webp
Onduleur coralstar 1500w,Énergie & Solaire,Soumari.com,+221 78 636 56 20,https://wa.me/221786365620,,19 500,https://www.soumari.com/produit/onduleur-coralstar-1500w/,Onduleur_coralstar_1500w.webp
Onduleur coralstar 200W,Énergie & Solaire,Soumari.com,+221 78 636 56 20,https://wa.me/221786365620,,6 300,https://www.soumari.com/produit/onduleur-coralstar-200w/,Onduleur_coralstar_200W.webp
Onduleur coralstar 500W,Énergie & Solaire,Soumari.com,+221 78 636 56 20,https://wa.me/221786365620,,7 800,https://www.soumari.com/produit/onduleur-coralstar-500w/,Onduleur_coralstar_500W.webp
Onduleur coralstar 300w,Énergie & Solaire,Soumari.com,+221 78 636 56 20,https://wa.me/221786365620,,7 200,https://www.soumari.com/produit/onduleur-coralstar-300w/,Onduleur_coralstar_300w.webp
Onduleur coralstar 1000W,Énergie & Solaire,Soumari.com,+221 78 636 56 20,https://wa.me/221786365620,,16 000,https://www.soumari.com/produit/onduleur-coralstar-1000w/,Onduleur_coralstar_1000W.webp
Panneau solaire portable clamp Cl-638,Énergie & Solaire,Soumari.com,+221 78 636 56 20,https://wa.me/221786365620,,3 200,https://www.soumari.com/produit/panneau-solaire-portable-clamp-cl-638/,Panneau_solaire_portable_clamp_Cl-638.webp
Panneau solaire portable clamp Cl-635,Énergie & Solaire,Soumari.com,+221 78 636 56 20,https://wa.me/221786365620,,3 000,https://www.soumari.com/produit/panneau-solaire-portable-clamp-cl-635/,Panneau_solaire_portable_clamp_Cl-635.webp
Microphone SOLOCAST,Sonorisation,Soumari.com,+221 78 636 56 20,https://wa.me/221786365620,,24 500,https://www.soumari.com/produit/microphone-solocast/,Microphone_SOLOCAST.jpg
Microphone MU-900,Sonorisation,Soumari.com,+221 78 636 56 20,https://wa.me/221786365620,,15 800,https://www.soumari.com/produit/microphone-mu-900/,Microphone_MU-900.jpg
SPEAKER S2,Sonorisation,Soumari.com,+221 78 636 56 20,https://wa.me/221786365620,,6 900,https://www.soumari.com/produit/speaker-s2/,SPEAKER_S2.jpg
Baffle Ordinateur A11,Sonorisation,Soumari.com,+221 78 636 56 20,https://wa.me/221786365620,,6 100,https://www.soumari.com/produit/baffle-ordinateur-a11/,Baffle_Ordinateur_A11.jpg
Baffle Ordinateur T90,Sonorisation,Soumari.com,+221 78 636 56 20,https://wa.me/221786365620,,4 700,https://www.soumari.com/produit/baffle-ordinateur-t90/,Baffle_Ordinateur_T90.jpg
Baffle Ordinateur T01,Sonorisation,Soumari.com,+221 78 636 56 20,https://wa.me/221786365620,,6 300,https://www.soumari.com/produit/baffle-ordinateur-t01/,Baffle_Ordinateur_T01.jpg
Micro casque UKC sans fil WL-183,Sonorisation,Soumari.com,+221 78 636 56 20,https://wa.me/221786365620,,12 000,https://www.soumari.com/produit/micro-casque-ukc-sans-fil-wl-183/,Micro_casque_UKC_sans_fil_WL-183.webp
Amplificateur UKC CS-6000,Sonorisation,Soumari.com,+221 78 636 56 20,https://wa.me/221786365620,,115 000,https://www.soumari.com/produit/amplificateur-ukc-cs-6000/,Amplificateur_UKC_CS-6000.webp
Amplificateur UKC CS-10000,Sonorisation,Soumari.com,+221 78 636 56 20,https://wa.me/221786365620,,135 000,https://www.soumari.com/produit/amplificateur-ukc-cs-10000/,Amplificateur_UKC_CS-10000.webp
Amplificateur UKC CS-8000,Sonorisation,Soumari.com,+221 78 636 56 20,https://wa.me/221786365620,,125 000,https://www.soumari.com/produit/amplificateur-ukc-cs-8000/,Amplificateur_UKC_CS-8000.webp
Amplificateur MA8800 J PRO,Sonorisation,Soumari.com,+221 78 636 56 20,https://wa.me/221786365620,,120 000,https://www.soumari.com/produit/amplificateur-ma8800-j-pro/,Amplificateur_MA8800_J_PRO.webp
Amplificateur MA8600 J PRO,Sonorisation,Soumari.com,+221 78 636 56 20,https://wa.me/221786365620,,115 000,https://www.soumari.com/produit/amplificateur-ma8600-j-pro/,Amplificateur_MA8600_J_PRO.webp
SPEAKER UKC T8 PRO,Sonorisation,Soumari.com,+221 78 636 56 20,https://wa.me/221786365620,,120 000,https://www.soumari.com/produit/speaker-ukc-t8-pro/,SPEAKER_UKC_T8_PRO.webp
Mini chaine Sony blanc SRSULT50,Sonorisation,Soumari.com,+221 78 636 56 20,https://wa.me/221786365620,,192 000,https://www.soumari.com/produit/mini-chaine-sony-blanc-srsult50/,Mini_chaine_Sony_blanc_SRSULT50.webp
Mini chaine Sony blanc SRSULT30,Sonorisation,Soumari.com,+221 78 636 56 20,https://wa.me/221786365620,,115 000,https://www.soumari.com/produit/mini-chaine-sony-blanc-srsult30/,Mini_chaine_Sony_blanc_SRSULT30.webp
Haut parleur roch Rs-PK6030,Sonorisation,Soumari.com,+221 78 636 56 20,https://wa.me/221786365620,,33 000,https://www.soumari.com/produit/haut-parleur-roch-rs-pk6030/,Haut_parleur_roch_Rs-PK6030.webp
Haut parleur roch RS-903,Sonorisation,Soumari.com,+221 78 636 56 20,https://wa.me/221786365620,,33 000,https://www.soumari.com/produit/haut-parleur-roch-rs-903/,Haut_parleur_roch_RS-903.webp
Pack sonorisation,Sonorisation,Soumari.com,+221 78 636 56 20,https://wa.me/221786365620,,103 750,https://www.soumari.com/produit/pack-sonorisation/,Pack_sonorisation.jpg
Pack sonorisation professionnel,Sonorisation,Soumari.com,+221 78 636 56 20,https://wa.me/221786365620,,147 000,https://www.soumari.com/produit/pack-sonorisation-professionnel/,Pack_sonorisation_professionnel.jpg
Mini Chaîne Hisense 300W HP110,Sonorisation,Soumari.com,+221 78 636 56 20,https://wa.me/221786365620,,150 000,https://www.soumari.com/produit/mini-chaine-hisense-300w-hp110/,Mini_Chaine_Hisense_300W_HP110.webp
Mini chaine Sony SRSULT70,Sonorisation,Soumari.com,+221 78 636 56 20,https://wa.me/221786365620,,237 600,https://www.soumari.com/produit/mini-chaine-sony-srsult70/,Mini_chaine_Sony_SRSULT70.webp
Mini Chaîne Sony Noir SRS-ULT1000,Sonorisation,Soumari.com,+221 78 636 56 20,https://wa.me/221786365620,,730 000,https://www.soumari.com/produit/mini-chaine-sony-noir-srs-ult1000/,Mini_Chaine_Sony_Noir_SRS-ULT1000.jpg
Mini Chaîne Sony SRS-XV9000,Sonorisation,Soumari.com,+221 78 636 56 20,https://wa.me/221786365620,,450 000,https://www.soumari.com/produit/mini-chaine-sony-srs-xv9000/,Mini_Chaine_Sony_SRS-XV9000.jpg
Mini Chaîne Sony SRS-XV800,Sonorisation,Soumari.com,+221 78 636 56 20,https://wa.me/221786365620,,371 800,https://www.soumari.com/produit/mini-chaine-sony-srs-xv800/,Mini_Chaine_Sony_SRS-XV800.webp
Mini chaîne Sony blanc et noir SRS-ULT10,Sonorisation,Soumari.com,+221 78 636 56 20,https://wa.me/221786365620,,72 500,https://www.soumari.com/produit/mini-chaine-sony-blanc-et-noir-srs-ult10/,Mini_chaine_Sony_blanc_et_noir_SRS-ULT10.webp
Mini chaîne Hisense Thunder 620W,Sonorisation,Soumari.com,+221 78 636 56 20,https://wa.me/221786365620,,200 000,https://www.soumari.com/produit/mini-chaine-hisense-thunder-620w/,Mini_chaine_Hisense_Thunder_620W.webp
Micro cravate G5,Sonorisation,Soumari.com,+221 78 636 56 20,https://wa.me/221786365620,,27 000,https://www.soumari.com/produit/micro-cravate-g5/,Micro_cravate_G5.webp
MINI CHAINE HISENSE MINI HIFI 1000W HA350 2.0,Sonorisation,Soumari.com,+221 78 636 56 20,https://wa.me/221786365620,,61 500,https://www.soumari.com/produit/mini-chaine-hisense-mini-hifi-1000w-ha350-2-0/,MINI_CHAINE_HISENSE_MINI_HIFI_1000W_HA350_2.0.jpg
MINI CHAINE LG CL98 WATT,Sonorisation,Soumari.com,+221 78 636 56 20,https://wa.me/221786365620,,341 700,https://www.soumari.com/produit/mini-chaine-lg-cl98-watt/,MINI_CHAINE_LG_CL98_WATT.jpg
BAR DE SON HISENSE 1400W HS1800 2.1,Sonorisation,Soumari.com,+221 78 636 56 20,https://wa.me/221786365620,,66 000,https://www.soumari.com/produit/bar-de-son-hisense-1400w-hs1800-2-1/,BAR_DE_SON_HISENSE_1400W_HS1800_2.1.jpg
Haut Parleur Jerry WM5,Sonorisation,Soumari.com,+221 78 636 56 20,https://wa.me/221786365620,,49 000,https://www.soumari.com/produit/haut-parleur-jerry-wm5/,Haut_Parleur_Jerry_WM5.jpg
Haut Parleur Jerry P10,Sonorisation,Soumari.com,+221 78 636 56 20,https://wa.me/221786365620,,70 000,https://www.soumari.com/produit/haut-parleur-jerry-p10/,Haut_Parleur_Jerry_P10.jpg
Haut Parleur Jerry JR-301,Sonorisation,Soumari.com,+221 78 636 56 20,https://wa.me/221786365620,,23 000,https://www.soumari.com/produit/haut-parleur-jerry-jr-301/,Haut_Parleur_Jerry_JR-301.jpg
Barre De Son Jerry 009,Sonorisation,Soumari.com,+221 78 636 56 20,https://wa.me/221786365620,,28 000,https://www.soumari.com/produit/barre-de-son-jerry-009/,Barre_De_Son_Jerry_009.jpg
Bar De Son Jerry 008,Sonorisation,Soumari.com,+221 78 636 56 20,https://wa.me/221786365620,,35 000,https://www.soumari.com/produit/bar-de-son-jerry-008/,Bar_De_Son_Jerry_008.jpg
Barre De Son Jerry 007,Sonorisation,Soumari.com,+221 78 636 56 20,https://wa.me/221786365620,,24 000,https://www.soumari.com/produit/barre-de-son-jerry-007/,Barre_De_Son_Jerry_007.jpg
Haut Parleur Jerry K36,Sonorisation,Soumari.com,+221 78 636 56 20,https://wa.me/221786365620,,60 000,https://www.soumari.com/produit/haut-parleur-jerry-k36/,Haut_Parleur_Jerry_K36.jpg
Haut Parleur Jerry K5,Sonorisation,Soumari.com,+221 78 636 56 20,https://wa.me/221786365620,,52 000,https://www.soumari.com/produit/haut-parleur-jerry-k5/,Haut_Parleur_Jerry_K5.jpg
Haut Parleur Jerry D7,Sonorisation,Soumari.com,+221 78 636 56 20,https://wa.me/221786365620,,55 000,https://www.soumari.com/produit/haut-parleur-jerry-d7/,Haut_Parleur_Jerry_D7.jpg
Haut Parleur Jerry D15,Sonorisation,Soumari.com,+221 78 636 56 20,https://wa.me/221786365620,,70 000,https://www.soumari.com/produit/haut-parleur-jerry-d15/,Haut_Parleur_Jerry_D15.jpg
Haut Parleur Jerry DH33,Sonorisation,Soumari.com,+221 78 636 56 20,https://wa.me/221786365620,,32 000,https://www.soumari.com/produit/haut-parleur-jerry-dh33/,Haut_Parleur_Jerry_DH33.jpg
Haute parleur Bluetooth SING-E ZQS-V100,Sonorisation,Soumari.com,+221 78 636 56 20,https://wa.me/221786365620,,25 000,https://www.soumari.com/produit/haute-parleur-bluetooth-sing-e-zqs-v100/,Haute_parleur_Bluetooth_SING-E_ZQS-V100.jpg
Haute Parleur Bluetooth SING-E ZQS-68210s,Sonorisation,Soumari.com,+221 78 636 56 20,https://wa.me/221786365620,,29 000,https://www.soumari.com/produit/haute-parleur-bluetooth-sing-e-zqs-68210s/,Haute_Parleur_Bluetooth_SING-E_ZQS-68210s.jpg
Haute Parleur Bluetooth SING-E ZQS-6301,Sonorisation,Soumari.com,+221 78 636 56 20,https://wa.me/221786365620,,25 500,https://www.soumari.com/produit/haute-parleur-bluetooth-sing-e-zqs-6301/,Haute_Parleur_Bluetooth_SING-E_ZQS-6301.jpg
Haute Parleur Bluetooth SING-E JQS-910L,Sonorisation,Soumari.com,+221 78 636 56 20,https://wa.me/221786365620,,40 000,https://www.soumari.com/produit/haute-parleur-bluetooth-sing-e-jqs-910l/,Haute_Parleur_Bluetooth_SING-E_JQS-910L.jpg
Haute Parleur Bluetooth SING-E ZQS-8229w,Sonorisation,Soumari.com,+221 78 636 56 20,https://wa.me/221786365620,,19 500,https://www.soumari.com/produit/haute-parleur-bluetooth-sing-e-zqs-8229w/,Haute_Parleur_Bluetooth_SING-E_ZQS-8229w.jpg
Haute Parleur Bluetooth SING-E JQS-918,Sonorisation,Soumari.com,+221 78 636 56 20,https://wa.me/221786365620,,110 000,https://www.soumari.com/produit/haute-parleur-bluetooth-sing-e-jqs-918/,Haute_Parleur_Bluetooth_SING-E_JQS-918.jpg
Haute Parleur Bluetooth SING-E JQS-912L,Sonorisation,Soumari.com,+221 78 636 56 20,https://wa.me/221786365620,,43 000,https://www.soumari.com/produit/haute-parleur-bluetooth-sing-e-jqs-912l/,Haute_Parleur_Bluetooth_SING-E_JQS-912L.jpg
Souffleur Turbo électrique sans fil 2 en 1,Électronique,Soumari.com,+221 78 636 56 20,https://wa.me/221786365620,,15 000,https://www.soumari.com/produit/souffleur-turbo-electrique-sans-fil-2-en-1/,Souffleur_Turbo_electrique_sans_fil_2_en_1.webp
Balance Electronique Plateforme Numérique 60kg D1,Électronique,Soumari.com,+221 78 636 56 20,https://wa.me/221786365620,,27 500,https://www.soumari.com/produit/balance-electronique-plateforme-numerique-60kg-d1/,Balance_Electronique_Plateforme_Numerique_60kg_D1.jpg
Balance Electronique De Précision Pour Pesagede Capacité 60kg,Électronique,Soumari.com,+221 78 636 56 20,https://wa.me/221786365620,,32 500,https://www.soumari.com/produit/balance-electronique-de-precision-pour-pesagede-capacite-60kg/,Balance_Electronique_De_Precision_Pour_Pesagede_Capacite_60kg.jpg
Mini Chapelet Electronique Affichage,Électronique,Soumari.com,+221 78 636 56 20,https://wa.me/221786365620,,3 500,https://www.soumari.com/produit/mini-chapelet-electronique-affichage-led/,Mini_Chapelet_Electronique_Affichage.webp
Ensembles Chapelet 2 Pièces Avec Boîte,Électronique,Soumari.com,+221 78 636 56 20,https://wa.me/221786365620,,3 000,https://www.soumari.com/produit/ensembles-chapelet-2-pieces-avec-boite/,Ensembles_Chapelet_2_Pieces_Avec_Boite.jpg
Balance intelligente Bluetooth,Électronique,Soumari.com,+221 78 636 56 20,https://wa.me/221786365620,,6 250,https://www.soumari.com/produit/balance-intelligente-bluetooth/,Balance_intelligente_Bluetooth.webp
Chapelets électronique portable M2,Électronique,Soumari.com,+221 78 636 56 20,https://wa.me/221786365620,,3 750,https://www.soumari.com/produit/chapelets-electronique-portable-m2/,Chapelets_electronique_portable_M2.webp
Sonnerie intelligente sans fil avec télécommande,Électronique,Soumari.com,+221 78 636 56 20,https://wa.me/221786365620,,5 000,https://www.soumari.com/produit/sonnerie-intelligente-sans-fil-avec-telecommande/,Sonnerie_intelligente_sans_fil_avec_telecommande.webp
Balance Electronique Numerique B4,Électronique,Soumari.com,+221 78 636 56 20,https://wa.me/221786365620,,7 000,https://www.soumari.com/produit/balance-electronique-numerique-b4/,Balance_Electronique_Numerique_B4.webp
Ring Light RL-18,Électronique,Soumari.com,+221 78 636 56 20,https://wa.me/221786365620,,19 500,https://www.soumari.com/produit/ring-light-rl-18/,Ring_Light_RL-18.jpg
Ring Light MJ45,Électronique,Soumari.com,+221 78 636 56 20,https://wa.me/221786365620,,25 000,https://www.soumari.com/produit/ring-light-mj45/,Ring_Light_MJ45.jpg
Ring Light MJ36,Électronique,Soumari.com,+221 78 636 56 20,https://wa.me/221786365620,,16 500,https://www.soumari.com/produit/ring-light-mj36/,Ring_Light_MJ36.jpg
Mini Tirelire Electronique avec Deverouillage par Mot de Passe,Électronique,Soumari.com,+221 78 636 56 20,https://wa.me/221786365620,,12 750,https://www.soumari.com/produit/mini-tirelire-electronique-avec-deverouillage-par-mot-de-passe/,Mini_Tirelire_Electronique_avec_Deverouillage_par_Mot_de_Passe.jpg
Dispositif PARPAR Liquide Anti Moustique,Électronique,Soumari.com,+221 78 636 56 20,https://wa.me/221786365620,,2 000,https://www.soumari.com/produit/dispositif-parpar-liquide-anti-moustique/,Dispositif_PARPAR_Liquide_Anti_Moustique.jpg
Mini Clavier Sans Fil Avec Pavé Tactile i8,Électronique,Soumari.com,+221 78 636 56 20,https://wa.me/221786365620,,4 900,https://www.soumari.com/produit/mini-clavier-sans-fil-avec-pave-tactile-i8/,Mini_Clavier_Sans_Fil_Avec_Pave_Tactile_i8.jpg
Balance Electronique en Verre B3,Électronique,Soumari.com,+221 78 636 56 20,https://wa.me/221786365620,,6 000,https://www.soumari.com/produit/balance-electronique-en-verre-b3/,Balance_Electronique_en_Verre_B3.jpg
Balance Electronique en Verre B2,Électronique,Soumari.com,+221 78 636 56 20,https://wa.me/221786365620,,6 000,https://www.soumari.com/produit/balance-electronique-en-verre-2/,Balance_Electronique_en_Verre_B2.jpg
Balance Electronique en Verre B1,Électronique,Soumari.com,+221 78 636 56 20,https://wa.me/221786365620,,6 000,https://www.soumari.com/produit/balance-electronique-en-verre/,Balance_Electronique_en_Verre_B1.jpg
Chapelet Electronique SXH5136,Électronique,Soumari.com,+221 78 636 56 20,https://wa.me/221786365620,,3 750,https://www.soumari.com/produit/chapelet-electronique-2/,Chapelet_Electronique_SXH5136.webp
Chapelet Electronique,Électronique,Soumari.com,+221 78 636 56 20,https://wa.me/221786365620,,3 750,https://www.soumari.com/produit/chapelet-electronique-3/,Chapelet_Electronique.jpg
Tondeuse WMARK NG-2033,Électronique,Soumari.com,+221 78 636 56 20,https://wa.me/221786365620,,19 500,https://www.soumari.com/produit/tondeuse-wmark-ng-2033/,Tondeuse_WMARK_NG-2033.jpg
Balance Commerciale Electronique Pliable 1 Tonne 60CM/80CM,Électronique,Soumari.com,+221 78 636 56 20,https://wa.me/221786365620,,132 000,https://www.soumari.com/produit/balance-commerciale-electronique-pliable-1-tonne-60cm-80cm/,Balance_Commerciale_Electronique_Pliable_1_Tonne_60CM80CM.jpg
Balance Cuisine Numerique Portable de 5KG/1KG,Électronique,Soumari.com,+221 78 636 56 20,https://wa.me/221786365620,,4 100,https://www.soumari.com/produit/balance-cuisine-numerique-portable-de-5kg-1kg/,Balance_Cuisine_Numerique_Portable_de_5KG1KG.jpg
Balance Electronique Portable LCD 50KG Crochet en Acier,Électronique,Soumari.com,+221 78 636 56 20,https://wa.me/221786365620,,3 750,https://www.soumari.com/produit/balance-electronique-portable-lcd-50kg-crochet-en-acier/,Balance_Electronique_Portable_LCD_50KG_Crochet_en_Acier.jpg
Balance Electronique Pliable avec Plateforme Numérique Capacite de 300KG,Électronique,Soumari.com,+221 78 636 56 20,https://wa.me/221786365620,,37 200,https://www.soumari.com/produit/balance-electronique-pliable-avec-plateforme-numerique-capacite-de-300kg/,Balance_Electronique_Commercial_Pesage_Numerique_en_Metal_600KG.jpg
Insect killer marshal MA20 20W,Électronique,Soumari.com,+221 78 636 56 20,https://wa.me/221786365620,,15 000,https://www.soumari.com/produit/insect-killer-marshal-ma20-20w/,Insect_killer_marshal_MA20_20W.jpg
Facial Gun Pistolet de Massage Rechargeable,Électronique,Soumari.com,+221 78 636 56 20,https://wa.me/221786365620,,18 750,https://www.soumari.com/produit/facial-gun-pistolet-de-massage-rechargeable/,Facial_Gun_Pistolet_de_Massage_Rechargeable.jpg
Balance Electronique Pliable avec Plateforme Numérique Capacite de 150KG,Électronique,Soumari.com,+221 78 636 56 20,https://wa.me/221786365620,,30 000,https://www.soumari.com/produit/balance-electronique-pliable-plateforme-numerique-capacite-de-150kg/,Balance_Electronique_Commercial_Pesage_Numerique_en_Metal_600KG.jpg
Lecteur Code Barre Portatif Filaire USB 2.4G GIGA 360 BW9909,Électronique,Soumari.com,+221 78 636 56 20,https://wa.me/221786365620,,60 000,https://www.soumari.com/produit/lecteur-code-barre-portatif-filaire-usb-2-4g-giga-360-bw9909/,Lecteur_Code_Barre_Portatif_Filaire_USB_2.4G_GIGA_360_BW9909.jpg
Balance Electronique Commercial Pesage Numérique en Metal 600KG,Électronique,Soumari.com,+221 78 636 56 20,https://wa.me/221786365620,,72 000,https://www.soumari.com/produit/balance-electronique-commercial-pesage-numerique-en-metal-600kg/,Balance_Electronique_Commercial_Pesage_Numerique_en_Metal_600KG.jpg
Balance Numerique en Verre avec Ecran LCD,Électronique,Soumari.com,+221 78 636 56 20,https://wa.me/221786365620,,7 500,https://www.soumari.com/produit/balance-numerique-en-verre-avec-ecran-lcd/,Balance_Numerique_en_Verre_avec_Ecran_LCD.jpg
Balance Electronique Portable LCD 50KG Crochet de Cour d’Acier,Électronique,Soumari.com,+221 78 636 56 20,https://wa.me/221786365620,,3 750,https://www.soumari.com/produit/balance-electronique-portable-lcd-50kg-crochet-de-cour-dacier/,Balance_Electronique_Portable_LCD_50KG_Crochet_de_Cour_d’Acier.jpg
Compteur de Billet Automatique 2108 UV/MG Petit Modele,Électronique,Soumari.com,+221 78 636 56 20,https://wa.me/221786365620,,60 000,https://www.soumari.com/produit/compteur-de-billet-automatique-2108-uv-mg-petit-modele/,Compteur_de_Billet_Automatique_2108_UVMG_Petit_Modele.jpg
Balance a Palette Sans Fil de Precision 300KG,Électronique,Soumari.com,+221 78 636 56 20,https://wa.me/221786365620,,58 800,https://www.soumari.com/produit/balance-a-palette-sans-fil-de-precision-300kg/,Balance_a_Palette_Sans_Fil_de_Precision_300KG.jpg
Balance a Palette Sans Fil de Precision 150KG,Électronique,Soumari.com,+221 78 636 56 20,https://wa.me/221786365620,,49 600,https://www.soumari.com/produit/balance-a-palette-sans-fil-de-precision-150kg/,Balance_a_Palette_Sans_Fil_de_Precision_150KG.jpg
Balance Commerciale Electronique Numérique Rechargeable 40KG,Électronique,Soumari.com,+221 78 636 56 20,https://wa.me/221786365620,,20 800,https://www.soumari.com/produit/balance-commerciale-electronique-numerique-rechargeable-40kg/,Balance_Commerciale_Electronique_Numerique_Rechargeable_40KG.jpg
Détecteur De Faux Billets AD-2138,Électronique,Soumari.com,+221 78 636 56 20,https://wa.me/221786365620,,9 000,https://www.soumari.com/produit/detecteur-de-faux-billets-ad-2138/,Detecteur_De_Faux_Billets_AD-2138.jpg
Kit Vidéo Surveillance STAR TRACK 4 Cameras – Disque 1To,Électronique,Soumari.com,+221 78 636 56 20,https://wa.me/221786365620,,111 500,https://www.soumari.com/produit/kit-video-surveillance-star-track-4-cameras-disque-1to/,Kit_Video_Surveillance_STAR_TRACK_4_Cameras_–_Disque_1To.jpg
Sayona – Insect killer,Électronique,Soumari.com,+221 78 636 56 20,https://wa.me/221786365620,,15 000,https://www.soumari.com/produit/sayona-insect-killer/,Sayona_–_Insect_killer.jpg
Impulse Plastic Machine de Scellage Electrique FS-300,Électronique,Soumari.com,+221 78 636 56 20,https://wa.me/221786365620,,15 500,https://www.soumari.com/produit/impulse-plastic-machine-de-scellage-electrique-fs-300/,Impulse_Plastic_Machine_de_Scellage_Electrique_FS-300.jpg
Impulse Plastic Machine de Scellage Electrique FS-200,Électronique,Soumari.com,+221 78 636 56 20,https://wa.me/221786365620,,12 000,https://www.soumari.com/produit/impulse-plastic-machine-de-scellage-electrique-fs-200/,Impulse_Plastic_Machine_de_Scellage_Electrique_FS-200.jpeg
Kit Vidéo Surveillance EURONET AHD 4 CAMERAS,Électronique,Soumari.com,+221 78 636 56 20,https://wa.me/221786365620,,93 900,https://www.soumari.com/produit/kit-video-surveillance-euronet-ahd-4-cameras/,Kit_Video_Surveillance_EURONET_AHD_4_CAMERAS.jpeg
Kit Vidéo Surveillance AHD CCTV 8 Caméras de Sécurité,Électronique,Soumari.com,+221 78 636 56 20,https://wa.me/221786365620,,111 500,https://www.soumari.com/produit/kit-video-surveillance-ahd-cctv-8-cameras-de-securite/,Kit_Video_Surveillance_AHD_CCTV_8_Cameras_de_Securite.png
Kit Vidéo Surveillance FOSVISION AHD KIT 4CH,Électronique,Soumari.com,+221 78 636 56 20,https://wa.me/221786365620,,72 000,https://www.soumari.com/produit/kit-video-surveillance-ahd-cctv-4-cameras/,Kit_Video_Surveillance_FOSVISION_AHD_KIT_4CH.jpg
TONDEUSE SOLAIRE HTC AT-204,Électronique,Soumari.com,+221 78 636 56 20,https://wa.me/221786365620,,5 900,https://www.soumari.com/produit/tondeuse-electrique-rechargeable-htc-at-204/,TONDEUSE_SOLAIRE_HTC_AT-204.jpg
TONDEUSE WAHL PRO BASIC,Électronique,Soumari.com,+221 78 636 56 20,https://wa.me/221786365620,,14 500,https://www.soumari.com/produit/tondeuse-wahl-pro-basic/,TONDEUSE_WAHL_PRO_BASIC.jpg
TONDEUSE PROFESSIONAL PROLITHIUM SERIE 8591,Électronique,Soumari.com,+221 78 636 56 20,https://wa.me/221786365620,,15 000,https://www.soumari.com/produit/tondeuse-professional-prolithium-serie-8591/,TONDEUSE_PROFESSIONAL_PROLITHIUM_SERIE_8591.jpg
TONDEUSE NOVA NHC-6011 RECHARGEABLE POUR HOMME,Électronique,Soumari.com,+221 78 636 56 20,https://wa.me/221786365620,,7 000,https://www.soumari.com/produit/tondeuse-nova-nhc-6011-rechargeable-pour-homme/,TONDEUSE_NOVA_NHC-6011_RECHARGEABLE_POUR_HOMME.jpg
Samsung A16 128Go RAM 4go 5000mAh,Téléphones,Electromenager-Dakar.com,+221 78 432 12 25,https://wa.me/221784321225,contact@electromenager-dakar.com,110 000,https://www.electromenager-dakar.com/produit/samsung-a16-128go-ram-4go-5000mah/,Samsung_A16_128Go_RAM_4go_5000mAh.webp
Samsung A06 – Smartphone 128 Go et 4 Go de RAM – 5000mAh,Téléphones,Electromenager-Dakar.com,+221 78 432 12 25,https://wa.me/221784321225,contact@electromenager-dakar.com,81 000,https://www.electromenager-dakar.com/produit/samsung-a06-smartphone-128-go-et-4-go-de-ram-5000mah/,Samsung_A06_–_Smartphone_128_Go_et_4_Go_de_RAM_–_5000mAh.webp
"Samsung A17 –128 Go, RAM 4 Go, Écran 6,7″, Batterie 5000 mAh",Téléphones,Electromenager-Dakar.com,+221 78 432 12 25,https://wa.me/221784321225,contact@electromenager-dakar.com,167 000,https://www.electromenager-dakar.com/produit/samsung-a17-128-go-ram-4-go-ecran-67-batterie-5000-mah/,"Samsung_A17_–128_Go,_RAM_4_Go,_Ecran_6,7′′,_Batterie_5000_mAh.webp"
iTel S23 -128 Go RAM 4 Go-5000mah,Téléphones,Electromenager-Dakar.com,+221 78 432 12 25,https://wa.me/221784321225,contact@electromenager-dakar.com,150 000,https://www.electromenager-dakar.com/produit/itel-s23-128-go-ram-4-go-5000mah-2/,iTel_S23_-128_Go_RAM_4_Go-5000mah.webp
"Nokia 105 Classic -1,8 » 800mah",Téléphones,Electromenager-Dakar.com,+221 78 432 12 25,https://wa.me/221784321225,contact@electromenager-dakar.com,20 000,https://www.electromenager-dakar.com/produit/nokia-105-classic-18-800mah/,"Nokia_105_Classic_-1,8_»_800mah.webp"
"Honor X6C -128GB ROM 6GB RAM – 6.61″,Batterie 5200mAh",Téléphones,Electromenager-Dakar.com,+221 78 432 12 25,https://wa.me/221784321225,contact@electromenager-dakar.com,84 000,https://www.electromenager-dakar.com/produit/honor-x6c-128gb-rom-6gb-ram-6-61batterie-5200mah/,"Honor_X6C_-128GB_ROM_6GB_RAM_–_6.61′′,Batterie_5200mAh.webp"
TECNO CAMON 50 ULTRA 512+8GB – Écran AMOLED- 6 150 mAh,Téléphones,Electromenager-Dakar.com,+221 78 432 12 25,https://wa.me/221784321225,contact@electromenager-dakar.com,324 000,https://www.electromenager-dakar.com/produit/tecno-camon-50-ultra-5128gb-ecran-amoled-5200mah/,TECNO_CAMON_50_ULTRA_512+8GB_–_Ecran_AMOLED-_6_150_mAh.webp
"Tecno SPARK Slim –256 Go, RAM 8 Go, Écran 6,78″, Batterie 5 160 mAh, (Android 15)",Téléphones,Electromenager-Dakar.com,+221 78 432 12 25,https://wa.me/221784321225,contact@electromenager-dakar.com,195 000,https://www.electromenager-dakar.com/produit/tecno-spark-slim-256-go-ram-8-go-ecran-678-batterie-5-160-mah-android-15/,"Tecno_SPARK_Slim_–256_Go,_RAM_8_Go,_Ecran_6,78′′,_Batterie_5_160_mAh,_(Android_15).webp"
"Iphone 17 PRO MAX ESIM (256Go-512Go) RAM 12Go 6,9 pouces 4823 mAh",Téléphones,Electromenager-Dakar.com,+221 78 432 12 25,https://wa.me/221784321225,contact@electromenager-dakar.com,920 000,https://www.electromenager-dakar.com/produit/iphone-17-pro-max-esim-orange-256go-512go-ram-12go-69-pouces-4823-mah/,"Iphone_17_PRO_MAX_ESIM_(256Go-512Go)_RAM_12Go_6,9_pouces_4823_mAh.webp"
"HUAWEI PURA 70 Ultra – 512Go – RAM 16 Go – 6,8″ -5200mah",Téléphones,Electromenager-Dakar.com,+221 78 432 12 25,https://wa.me/221784321225,contact@electromenager-dakar.com,625 000,https://www.electromenager-dakar.com/produit/huawei-pura-70-ultra-512go-ram-16-go-68-5200mah/,"HUAWEI_PURA_70_Ultra_–_512Go_–_RAM_16_Go_–_6,8′′_-5200mah.webp"
Réfrigérateur vitrine Astech FV384AC – 384L,Électroménager,Electromenager-Dakar.com,+221 78 432 12 25,https://wa.me/221784321225,contact@electromenager-dakar.com,343 000,https://www.electromenager-dakar.com/produit/refrigerateur-vitrine-astech-fv384ac-380l/,Refrigerateur_vitrine_Astech_FV384AC_–_384L.webp
Réfrigérateur Bar Sharp SJ-K135X – 130L,Électroménager,Electromenager-Dakar.com,+221 78 432 12 25,https://wa.me/221784321225,contact@electromenager-dakar.com,90 000,https://www.electromenager-dakar.com/produit/refrigerateur-bar-sharp-130l/,Refrigerateur_Bar_Sharp_SJ-K135X_–_130L.jpg
Réfrigérateur combiné Hisense RD-23DC4SA – 3T 175L,Électroménager,Electromenager-Dakar.com,+221 78 432 12 25,https://wa.me/221784321225,contact@electromenager-dakar.com,160 000,https://www.electromenager-dakar.com/produit/refrigerateur-combine-hisense-3tiroirs-172l/,Refrigerateur_combine_Hisense_RD-23DC4SA_–_3T_175L.webp
Réfrigérateur combiné Beko RCSE300K30SN – 287 L,Électroménager,Electromenager-Dakar.com,+221 78 432 12 25,https://wa.me/221784321225,contact@electromenager-dakar.com,272 000,https://www.electromenager-dakar.com/produit/refrigerateur-combine-beko-rcse300k30sn-287-l/,Refrigerateur_combine_Beko_RCSE300K30SN_–_287_L.png
Réfrigérateur bar-vitrine -hisense- RJ-12D4NX Vitré – 94L,Électroménager,Electromenager-Dakar.com,+221 78 432 12 25,https://wa.me/221784321225,contact@electromenager-dakar.com,120 000,https://www.electromenager-dakar.com/produit/refrigerateur-bar-hisense-rj-12d4nx/,Refrigerateur_bar-vitrine_-hisense-_RJ-12D4NX_Vitre_–_94L.webp
Réfrigérateur combiné Astech FC-180S – 180L – 3T,Électroménager,Electromenager-Dakar.com,+221 78 432 12 25,https://wa.me/221784321225,contact@electromenager-dakar.com,156 000,https://www.electromenager-dakar.com/produit/refrigerateur-combine-astech-fc-180s-180l-3t/,Refrigerateur_combine_Astech_FC-180S_–_180L_–_3T.webp
Réfrigérateur Combiné Hisense RD-34DC4SB – 240L – 4Tirroirs,Électroménager,Electromenager-Dakar.com,+221 78 432 12 25,https://wa.me/221784321225,contact@electromenager-dakar.com,235 000,https://www.electromenager-dakar.com/produit/refrigerateur-combine-hisense-rd-34dc4sb-240-l/,Refrigerateur_Combine_Hisense_RD-34DC4SB_–_240L_–_4Tirroirs.webp
Réfrigérateur combiné Hisense RD-35DC4SA – 264 L-3tiroirs,Électroménager,Electromenager-Dakar.com,+221 78 432 12 25,https://wa.me/221784321225,contact@electromenager-dakar.com,225 000,https://www.electromenager-dakar.com/produit/refrigerateur-combine-hisense-rd-35dc4sa-264-l/,Refrigerateur_combine_Hisense_RD-35DC4SA_–_264_L-3tiroirs.webp
Réfrigérateur mini bar Astech FB-50 – 46 L,Électroménager,Electromenager-Dakar.com,+221 78 432 12 25,https://wa.me/221784321225,contact@electromenager-dakar.com,55 000,https://www.electromenager-dakar.com/produit/refrigerateur-bar-astech-fb-50hd-50-l/,Refrigerateur_mini_bar_Astech_FB-50_–_46_L.webp
Réfrigérateur mini bar Hisense RS-06DR4 – 46 litres,Électroménager,Electromenager-Dakar.com,+221 78 432 12 25,https://wa.me/221784321225,contact@electromenager-dakar.com,70 000,https://www.electromenager-dakar.com/produit/refrigerateur-hisense-mini-bar-rs-06/,Refrigerateur_mini_bar_Hisense_RS-06DR4_–_46_litres.webp
Réfrigérateur 2-portes Hisense RD-22DR4SA – 168 L,Électroménager,Electromenager-Dakar.com,+221 78 432 12 25,https://wa.me/221784321225,contact@electromenager-dakar.com,160 000,https://www.electromenager-dakar.com/produit/refrigerateur-hisense-rd-22dr4sa-168l-2-portes/,Refrigerateur_2-portes_Hisense_RD-22DR4SA_–_168_L.webp
Réfrigérateur 2-portes Hisense RD-39DR4SA TM 249 L,Électroménager,Electromenager-Dakar.com,+221 78 432 12 25,https://wa.me/221784321225,contact@electromenager-dakar.com,230 000,https://www.electromenager-dakar.com/produit/refrigerateur-2-portes-hisense-rd-39dr4sa-tm-249-l/,Refrigerateur_2-portes_Hisense_RD-39DR4SA_TM_249_L.webp
Machine à laver Hisense WFVB6010MT – 6kg – A++,Électroménager,Electromenager-Dakar.com,+221 78 432 12 25,https://wa.me/221784321225,contact@electromenager-dakar.com,160 000,https://www.electromenager-dakar.com/produit/machine-a-laver-hisense-wfvb6010ms-6kg-a/,Machine_a_laver_Hisense_WFVB6010MT_–_6kg_–_A++.webp
Machine à laver Astech MLV70B-N71NV-LC – 7kg -Inverter,Électroménager,Electromenager-Dakar.com,+221 78 432 12 25,https://wa.me/221784321225,contact@electromenager-dakar.com,175 000,https://www.electromenager-dakar.com/produit/machine-a-laver-astech-mlv70b-n71nv-lc-7kg-inverter-2/,Machine_a_laver_Astech_MLV70B-N71NV-LC_–_7kg_-Inverter.webp
Machine à laver Roch RWM-60S-H – 6kg – A+++-GRIS,Électroménager,Electromenager-Dakar.com,+221 78 432 12 25,https://wa.me/221784321225,contact@electromenager-dakar.com,168 000,https://www.electromenager-dakar.com/produit/machine-a-laver-roch-rwm-60s-h-6kg-a-2/,Machine_a_laver_Roch_RWM-60S-H_–_6kg_–_A+++-GRIS.png
Machine à laver Astech MLV90B-N91NV-LC – 9kg -Inverter,Électroménager,Electromenager-Dakar.com,+221 78 432 12 25,https://wa.me/221784321225,contact@electromenager-dakar.com,235 000,https://www.electromenager-dakar.com/produit/machine-a-laver-astech-mlv90b-n91nv-lc-9kg-inverter-2/,Machine_a_laver_Astech_MLV90B-N91NV-LC_–_9kg_-Inverter.png
Machine à laver Sharp ES-FE810DZL-S 8Kg Silver – A++,Électroménager,Electromenager-Dakar.com,+221 78 432 12 25,https://wa.me/221784321225,contact@electromenager-dakar.com,216 000,https://www.electromenager-dakar.com/produit/machine-a-laver-sharp-es-fe810dzl-s-8kg-silve/,Machine_a_laver_Sharp_Es-fe610czl-s_–_6Kg_Silver_–_A++.webp
Machine à laver LG FH2J3WDNPO – 6.5 kg,Électroménager,Electromenager-Dakar.com,+221 78 432 12 25,https://wa.me/221784321225,contact@electromenager-dakar.com,235 000,https://www.electromenager-dakar.com/produit/machine-a-laver-lg-fh2j3wdnpo-6-5-kg/,Machine_a_laver_LG_FH2J3WDNPO_–_6.5_kg.webp
Machine à laver Sharp Es-FE710DZL-S 7Kg,Électroménager,Electromenager-Dakar.com,+221 78 432 12 25,https://wa.me/221784321225,contact@electromenager-dakar.com,180 000,https://www.electromenager-dakar.com/produit/machine-a-laver-sharp-es-fe710cx-s-7kg/,Machine_a_laver_Sharp_Es-FE710DZL-S_7Kg.png
Machine à laver Astech MLV80B-N8INV-LC – 8kg (Inverter),Électroménager,Electromenager-Dakar.com,+221 78 432 12 25,https://wa.me/221784321225,contact@electromenager-dakar.com,216 000,https://www.electromenager-dakar.com/produit/machine-a-laver-astech-mlv80b-n8inv-lc-8kg-inverter-2/,Machine_a_laver_Astech_MLV80B-N8INV-LC_–_8kg_(Inverter).png
Machine à laver Sharp Es-fe610czl-s – 6Kg Silver – A++,Électroménager,Electromenager-Dakar.com,+221 78 432 12 25,https://wa.me/221784321225,contact@electromenager-dakar.com,168 000,https://www.electromenager-dakar.com/produit/machine-a-laver-sharp-es-fe610cx-s-6kg-silver/,Machine_a_laver_Sharp_Es-fe610czl-s_–_6Kg_Silver_–_A++.webp
Machine à laver LG F2Y1HYP6J – 7Kg,Électroménager,Electromenager-Dakar.com,+221 78 432 12 25,https://wa.me/221784321225,contact@electromenager-dakar.com,282 000,https://www.electromenager-dakar.com/produit/machine-a-laver-lg-f2y1hyp6j-7kg/,Machine_a_laver_LG_F2Y1TYP6J_–_8Kg.webp
Machine à laver LG F2Y1TYP6J – 8Kg,Électroménager,Electromenager-Dakar.com,+221 78 432 12 25,https://wa.me/221784321225,contact@electromenager-dakar.com,314 000,https://www.electromenager-dakar.com/produit/machine-a-laver-lg-f2y1typ6j-8kg/,Machine_a_laver_LG_F2Y1TYP6J_–_8Kg.webp
Machine à laver LG F0L9DYP2S – 15kg,Électroménager,Electromenager-Dakar.com,+221 78 432 12 25,https://wa.me/221784321225,contact@electromenager-dakar.com,621 000,https://www.electromenager-dakar.com/produit/machine-a-laver-lg-f0l9dyp2s-15kg/,Machine_a_laver_LG_F0L9DYP2S_–_15kg.png
Installation téléviseur  »32-50 »,Téléviseurs,Electromenager-Dakar.com,+221 78 432 12 25,https://wa.me/221784321225,contact@electromenager-dakar.com,5 000,https://www.electromenager-dakar.com/produit/installation-televiseur/,Installation_televiseur_»32-50_».webp
Téléviseur Hisense 43″ 43A4k Smart Tv -Vidaa U,Téléviseurs,Electromenager-Dakar.com,+221 78 432 12 25,https://wa.me/221784321225,contact@electromenager-dakar.com,132 000,https://www.electromenager-dakar.com/produit/televiseur-hisense-43-43a4k-smart-tv-vidaa-u/,Televiseur_Hisense_43′′_43A4k_Smart_Tv_-Vidaa_U.webp
"Téléviseur Smart LED Samsung T5300 43″ – Full HD, HDR, Tizen",Téléviseurs,Electromenager-Dakar.com,+221 78 432 12 25,https://wa.me/221784321225,contact@electromenager-dakar.com,200 000,https://www.electromenager-dakar.com/produit/televiseur-smart-led-samsung-t5300-43%e2%80%b3-full-hd-hdr-tizen/,"Televiseur_Smart_LED_Samsung_T5300_43′′_–_Full_HD,_HDR,_Tizen.webp"
Téléviseur Hisense 32″LED Smart TV 32A4GS\|A4Q VIDAA U,Téléviseurs,Electromenager-Dakar.com,+221 78 432 12 25,https://wa.me/221784321225,contact@electromenager-dakar.com,78 000,https://www.electromenager-dakar.com/produit/televiseur-hisense-32led-smart-tv-32a4gs-vidaa-u/,Televiseur_Hisense_32′′LED_Smart_TV_32A4GSA4Q_VIDAA_U.webp
Téléviseur LED Hisense 32″ 32A5200 – HD TV,Téléviseurs,Electromenager-Dakar.com,+221 78 432 12 25,https://wa.me/221784321225,contact@electromenager-dakar.com,60 000,https://www.electromenager-dakar.com/produit/televiseur-led-hisense-32-32a5200-hd-tv/,Televiseur_LED_Hisense_32′′_32A5200_–_HD_TV.webp
Installation téléviseur  »55-120 »,Téléviseurs,Electromenager-Dakar.com,+221 78 432 12 25,https://wa.me/221784321225,contact@electromenager-dakar.com,10 000,https://www.electromenager-dakar.com/produit/installation-televiseur-55-120/,Installation_televiseur_»55-120_».webp
Téléviseur LG 32″ LP500BPTA – LED Full HD,Téléviseurs,Electromenager-Dakar.com,+221 78 432 12 25,https://wa.me/221784321225,contact@electromenager-dakar.com,65 000,https://www.electromenager-dakar.com/produit/televiseur-lg-32-32lp500bpta-led-full-hd/,Televiseur_LG_32′′_LP500BPTA_–_LED_Full_HD.webp
Téléviseur Hisense 65″ 65A6Q Smart Tv 4K -Vidaa U,Téléviseurs,Electromenager-Dakar.com,+221 78 432 12 25,https://wa.me/221784321225,contact@electromenager-dakar.com,345 000,https://www.electromenager-dakar.com/produit/televiseur-hisense-65-65a6n-smart-tv-4k-vidaa/,Televiseur_Hisense_65′′_65A6Q_Smart_Tv_4K_-Vidaa_U.webp
Téléviseur SHARP  »43 » SMART TV Android-2TC43,Téléviseurs,Electromenager-Dakar.com,+221 78 432 12 25,https://wa.me/221784321225,contact@electromenager-dakar.com,140 000,https://www.electromenager-dakar.com/produit/televiseur-sharp-43-smart-tv-android-2tc43/,Televiseur_SHARP_»43_»_SMART_TV_Android-2TC43.webp
Téléviseur Hisense 50″ A4Q HD \| Smart TV FHD (VIDAA U),Téléviseurs,Electromenager-Dakar.com,+221 78 432 12 25,https://wa.me/221784321225,contact@electromenager-dakar.com,175 000,https://www.electromenager-dakar.com/produit/televiseur-hisense-50-a6k-uhd-smart-4k/,Televiseur_Hisense_50′′_A4Q_HD_Smart_TV_FHD_(VIDAA_U).webp
Téléviseur LG 50″ UP7550PVG – Smart TV – UHD 4K,Téléviseurs,Electromenager-Dakar.com,+221 78 432 12 25,https://wa.me/221784321225,contact@electromenager-dakar.com,267 000,https://www.electromenager-dakar.com/produit/televiseur-lg-50-up7550pvg-smart-tv-uhd-4k/,Televiseur_LG_50′′_UP7550PVG_–_Smart_TV_–_UHD_4K.webp
Téléviseur Astech 43″ 43GT – Smart TV,Téléviseurs,Electromenager-Dakar.com,+221 78 432 12 25,https://wa.me/221784321225,contact@electromenager-dakar.com,135 000,https://www.electromenager-dakar.com/produit/televiseur-astech-qled-43-43gt3026-smart-tv/,Televiseur_Astech_43′′_43GT_–_Smart_TV.webp
Ordinateur portable hybride 2 en 1 Dell Latitude 3190 – 128Go – 8Go RAM- 11.6″,Informatique,Electromenager-Dakar.com,+221 78 432 12 25,https://wa.me/221784321225,contact@electromenager-dakar.com,110 000,https://www.electromenager-dakar.com/produit/ordinateur-portable-hybride-2-en-1-dell-latitude-3190-128go-8go-ram-11-6/,Ordinateur_portable_hybride_2_en_1_Dell_Latitude_3190_–_128Go_–_8Go_RAM-_11.6′′.webp
Ordinateur portable Dell Latitude 5400 8ème génération i5- 14″- 256Go- 8Go (avec capteur d’empreinte digitale),Informatique,Electromenager-Dakar.com,+221 78 432 12 25,https://wa.me/221784321225,contact@electromenager-dakar.com,210 000,https://www.electromenager-dakar.com/produit/ordinateur-portable-dell-latitude-5400-8eme-generation-14-256go-8go-avec-capteur-dempreinte-digitale/,Ordinateur_portable_Dell_Latitude_5400_8eme_generation_i5-_14′′-_256Go-_8Go_(avec_capteur_d’empreinte_digitale).webp
"Ordinateur Portable Hp Elite X2 G8 Core i5 11ème Génération 12,3″- 256Go -Ram 16Go",Informatique,Electromenager-Dakar.com,+221 78 432 12 25,https://wa.me/221784321225,contact@electromenager-dakar.com,325 000,https://www.electromenager-dakar.com/produit/ordinateur-portable-hp-elite-x2-g8-core-i5-11eme-generation-123-256go-ram-16go/,"Ordinateur_Portable_Hp_Elite_X2_G8_Core_i5_11eme_Generation_12,3′′-_256Go_-Ram_16Go.webp"
Ordinateur portable HP EliteBook 840 11ème génération – 256Go – RAM 16Go – 14″,Informatique,Electromenager-Dakar.com,+221 78 432 12 25,https://wa.me/221784321225,contact@electromenager-dakar.com,520 000,https://www.electromenager-dakar.com/produit/ordinateur-portable-hp-elitebook-840-g8-11eme-generation-256go-ram-16go-14/,Ordinateur_portable_HP_EliteBook_840_11eme_generation_–_256Go_–_RAM_16Go_–_14′′.webp
Ordinateur portable Lenovo ThinkPad Yoga X380 8ème génération – 256Go SSD – RAM 8Go – Écran 13.3″ Full HD,Informatique,Electromenager-Dakar.com,+221 78 432 12 25,https://wa.me/221784321225,contact@electromenager-dakar.com,300 000,https://www.electromenager-dakar.com/produit/ordinateur-portable-lenovo-thinkpad-yoga-x380-8eme-generation-256go-ssd-ram-8go-ecran-13-3-full-hd/,Ordinateur_portable_Lenovo_ThinkPad_Yoga_X380_8eme_generation_–_256Go_SSD_–_RAM_8Go_–_Ecran_13.3′′_Full_HD.webp
"Ordinateur Portable Hp Elitebook 830 G6 Core i7 8ème Génération 13,3″- 256Go -Ram 16Go",Informatique,Electromenager-Dakar.com,+221 78 432 12 25,https://wa.me/221784321225,contact@electromenager-dakar.com,240 000,https://www.electromenager-dakar.com/produit/ordinateur-portable-hp-elitebook-830-g6-core-i7-8eme-generation-133-256go-ram-16go/,"Ordinateur_Portable_Hp_Elitebook_830_G6_Core_i7_8eme_Generation_13,3′′-_256Go_-Ram_16Go.webp"
Ordinateur Portable Hp EliteBook 850 G6 8ème génération Ram 16Go – 15.6 pouces,Informatique,Electromenager-Dakar.com,+221 78 432 12 25,https://wa.me/221784321225,contact@electromenager-dakar.com,189 000,https://www.electromenager-dakar.com/produit/ordinateur-portable-hp-elitebook-850-g6-8eme-generation-ram-16go-15-6-pouces/,Ordinateur_Portable_Hp_EliteBook_850_G6_8eme_generation_Ram_16Go_–_15.6_pouces.webp
"Ordinateur portable Microsoft Surface Laptop 3-10ᵉG – 256Go- Ram 16Go 13,5 pouces",Informatique,Electromenager-Dakar.com,+221 78 432 12 25,https://wa.me/221784321225,contact@electromenager-dakar.com,295 000,https://www.electromenager-dakar.com/produit/ordinateur-portable-microsoft-surface-laptop-3-10%e1%b5%89g-256go-ram-16go-135-pouces/,"Ordinateur_portable_Microsoft_Surface_Laptop_3-10eG_–_256Go-_Ram_16Go_13,5_pouces.webp"
Ordinateur portable Dell Latitude 5440 14″ – 256Go+16Go – intel core 5,Informatique,Electromenager-Dakar.com,+221 78 432 12 25,https://wa.me/221784321225,contact@electromenager-dakar.com,600 000,https://www.electromenager-dakar.com/produit/ordinateur-portable-dell-latitude-5440-14-256go16go-intel-core-5/,Ordinateur_portable_Dell_Latitude_5440_14′′_–_256Go+16Go_–_intel_core_5.webp
Ordinateur portable Lenovo ThinkPad T14 Ryzen 7 Pro 4750U 10ème génération – SSD 256Go – RAM 16Go – Écran tactile Full HD 14″,Informatique,Electromenager-Dakar.com,+221 78 432 12 25,https://wa.me/221784321225,contact@electromenager-dakar.com,250 000,https://www.electromenager-dakar.com/produit/ordinateur-portable-lenovo-thinkpad-t14-ryzen-7-pro-4750u-10eme-generation-ssd-256go-ram-16go-ecran-tactile-full-hd-14/,Ordinateur_portable_Lenovo_ThinkPad_T14_Ryzen_7_Pro_4750U_10eme_generation_–_SSD_256Go_–_RAM_16Go_–_Ecran_tactile_Full_HD_14′′.webp
Ordinateur Portable HP EliteBook 840 8ème Génération 256Go – 8Go Ram – 14″,Informatique,Electromenager-Dakar.com,+221 78 432 12 25,https://wa.me/221784321225,contact@electromenager-dakar.com,195 000,https://www.electromenager-dakar.com/produit/ordinateur-portable-hp-elitebook-840-8eme-generation-256go-8go-ram-14/,Ordinateur_Portable_HP_EliteBook_840_8eme_Generation_256Go_–_8Go_Ram_–_14′′.webp
"MacBook Pro Touch Bar 2017 13 pouces Core i7 – Performance Apple, Écran Retina et Sécurité Touch ID",Informatique,Electromenager-Dakar.com,+221 78 432 12 25,https://wa.me/221784321225,contact@electromenager-dakar.com,350 000,https://www.electromenager-dakar.com/produit/macbook-pro-touch-bar-2017-13-pouces-core-i7-performance-apple-ecran-retina-et-securite-touch-id/,"MacBook_Pro_Touch_Bar_2017_13_pouces_Core_i7_–_Performance_Apple,_Ecran_Retina_et_Securite_Touch_ID.webp"
Split TCL SPTCL12 – 12000 BTU 1.5CV,Climatisation,Electromenager-Dakar.com,+221 78 432 12 25,https://wa.me/221784321225,contact@electromenager-dakar.com,155 000,https://www.electromenager-dakar.com/produit/split-tcl-12000-btu-1-5cv/,Split_TCL_SPTCL12_–_12000_BTU_1.5CV.webp
Split Midea MSAG-18CRN1-18000 BTU,Climatisation,Electromenager-Dakar.com,+221 78 432 12 25,https://wa.me/221784321225,contact@electromenager-dakar.com,294 000,https://www.electromenager-dakar.com/produit/split-midea-18000-btu-gaz-r410/,Split_Midea_MSAG-18CRN1-18000_BTU.webp
Split Midea MSAG-12CRN1 – 12000 BTU,Climatisation,Electromenager-Dakar.com,+221 78 432 12 25,https://wa.me/221784321225,contact@electromenager-dakar.com,216 000,https://www.electromenager-dakar.com/produit/split-midea-msag-12crn1-12000-btu-1-5cv-gaz-r410/,Split_Midea_MSAG-09CRN1_–_9000BTU.webp
Split Hisense AS-12CR4S – 12000 BTU,Climatisation,Electromenager-Dakar.com,+221 78 432 12 25,https://wa.me/221784321225,contact@electromenager-dakar.com,165 000,https://www.electromenager-dakar.com/produit/split-hisense-as-12cr4s-12000-btu/,Split_Hisense_AS-12CR4S_–_12000_BTU.webp
Split Midea MSAG-09CRN1 – 9000BTU,Climatisation,Electromenager-Dakar.com,+221 78 432 12 25,https://wa.me/221784321225,contact@electromenager-dakar.com,192 000,https://www.electromenager-dakar.com/produit/split-midea-msag-09crn1-9000btu-1-25cv/,Split_Midea_MSAG-09CRN1_–_9000BTU.webp
Split Astech 9000BTU 1.25CV/AST -09RB41-MA,Climatisation,Electromenager-Dakar.com,+221 78 432 12 25,https://wa.me/221784321225,contact@electromenager-dakar.com,140 000,https://www.electromenager-dakar.com/produit/split-astech-9000-btu/,Split_Astech_9000BTU_1.25CVAST_-09RB41-MA.webp
Split Sharp AH/AU-A12CTMP 12000 BTU-Inverter,Climatisation,Electromenager-Dakar.com,+221 78 432 12 25,https://wa.me/221784321225,contact@electromenager-dakar.com,240 000,https://www.electromenager-dakar.com/produit/split-sharp-plasmacluster-ah-x12zmvp-12000-btu-inverter/,Split_Sharp_AHAU-A12CTMP_12000_BTU-Inverter.webp
Split LG S4U-Q12JAQAL – 12000 BTU – Dual Inverter,Climatisation,Electromenager-Dakar.com,+221 78 432 12 25,https://wa.me/221784321225,contact@electromenager-dakar.com,312 000,https://www.electromenager-dakar.com/produit/split-lg-s4-q12jaql-12000-btu-dual-inverter/,Split_LG_S4U-Q12JAQAL_–_12000_BTU_–_Dual_Inverter.webp
Split DENVEL MSAF-12CRN1 – 12000BTU,Climatisation,Electromenager-Dakar.com,+221 78 432 12 25,https://wa.me/221784321225,contact@electromenager-dakar.com,155 000,https://www.electromenager-dakar.com/produit/split-denvel-msaf-12crn1-12000btu/,Split_DENVEL_MSAF-12CRN1_–_12000BTU.webp
Split Astech 12VTF111 – 12000 BTU – (Inverter – Wifi),Climatisation,Electromenager-Dakar.com,+221 78 432 12 25,https://wa.me/221784321225,contact@electromenager-dakar.com,222 000,https://www.electromenager-dakar.com/produit/split-astech-inverter-wifi-12vtf111-12000-btu-15cv/,Split_Astech_12VTF111_–_12000_BTU_–_(Inverter_–_Wifi).png
"Split Astech ASW 12 AU – 12000 BTU 1,5CV",Climatisation,Electromenager-Dakar.com,+221 78 432 12 25,https://wa.me/221784321225,contact@electromenager-dakar.com,168 000,https://www.electromenager-dakar.com/produit/split-astech-12000-btu/,"Split_Astech_ASW_12_AU_–_12000_BTU_1,5CV.webp"
Split TCL TAC-09CSD/ZDG21 – 9000 BTU (R32),Climatisation,Electromenager-Dakar.com,+221 78 432 12 25,https://wa.me/221784321225,contact@electromenager-dakar.com,5 138 000,https://www.electromenager-dakar.com/produit/split-tcl-9000-btu-1-25cv/,Split_TCL_TAC-09CSDZDG21_–_9000_BTU_(R32).webp
Montre connectée Modio WP01 – Smartwatch,Téléphones,Promo.sn,+221 77 254 06 66,https://wa.me/221772540666,,10 300,https://promo.sn/produit/montre-connectee-modio-wp01-smartwatch/,Montre_connectee_Modio_WP01_–_Smartwatch.webp
TECNO Spark 50 Pro 128 Go – 8 Go RAM – Ecran 6.78″,Téléphones,Promo.sn,+221 77 254 06 66,https://wa.me/221772540666,,157 900,https://promo.sn/produit/tecno-spark-50-pro-128-go-8-go-ram-ecran-6-78/,TECNO_Spark_50_Pro_128_Go_–_8_Go_RAM_–_Ecran_6.78′′.webp
itel A200 – Smartphone 4G 6.75 120Hz 5000mAh IP65,Téléphones,Promo.sn,+221 77 254 06 66,https://wa.me/221772540666,,59 900,https://promo.sn/produit/itel-a200-smartphone-4g-6-75-120hz-5000mah-ip65/,itel_A200_–_Smartphone_4G_6.75_120Hz_5000mAh_IP65.webp
"Watch Tecno WO3 – Montre Connectée, Suivi d’Activité",Téléphones,Promo.sn,+221 77 254 06 66,https://wa.me/221772540666,,14 900,https://promo.sn/produit/watch-tecno-wo3-montre-connectee-suivi-dactivite/,"Watch_Tecno_WN01_–_Montre_Connectee,_Suivi_d’Activite.webp"
"Watch Tecno WN01 – Montre Connectée, Suivi d’Activité",Téléphones,Promo.sn,+221 77 254 06 66,https://wa.me/221772540666,,23 900,https://promo.sn/produit/watch-tecno-wn01-montre-connectee-suivi-dactivite/,"Watch_Tecno_WN01_–_Montre_Connectee,_Suivi_d’Activite.webp"
Speaker Tecno S5 – Enceinte Bluetooth Portable,Téléphones,Promo.sn,+221 77 254 06 66,https://wa.me/221772540666,,21 900,https://promo.sn/produit/speaker-tecno-s5-enceinte-bluetooth-portable/,Speaker_Tecno_S5_–_Enceinte_Bluetooth_Portable.webp
Speaker Tecno S3 – Enceinte Bluetooth Portable,Téléphones,Promo.sn,+221 77 254 06 66,https://wa.me/221772540666,,12 900,https://promo.sn/produit/speaker-tecno-s3-enceinte-bluetooth-portable/,Speaker_Tecno_S3_–_Enceinte_Bluetooth_Portable.webp
Ecouteur Tecno 31C – Ecouteurs Filaires Confortables,Téléphones,Promo.sn,+221 77 254 06 66,https://wa.me/221772540666,,2 500,https://promo.sn/produit/ecouteur-tecno-31c-ecouteurs-filaires-confortables/,Ecouteur_Tecno_31C_–_Ecouteurs_Filaires_Confortables.webp
Cable Tecno CC01 – Câble de Charge et Transfert de Données,Téléphones,Promo.sn,+221 77 254 06 66,https://wa.me/221772540666,,2 900,https://promo.sn/produit/cable-tecno-cc01-cable-de-charge-et-transfert-de-donnees/,Cable_Tecno_TCD-M13_–_Cable_de_Charge_et_Transfert_de_Donnees.webp
Cable Tecno TCD-C11 – Câble USB-C de Charge et Transfert de Données,Téléphones,Promo.sn,+221 77 254 06 66,https://wa.me/221772540666,,2 500,https://promo.sn/produit/cable-tecno-tcd-c11-cable-usb-c-de-charge-et-transfert-de-donnees/,Cable_Tecno_TCD-M13_–_Cable_de_Charge_et_Transfert_de_Donnees.webp
Cable Tecno TCD-M13 – Câble de Charge et Transfert de Données,Téléphones,Promo.sn,+221 77 254 06 66,https://wa.me/221772540666,,1 900,https://promo.sn/produit/cable-tecno-tcd-m13-cable-de-charge-et-transfert-de-donnees/,Cable_Tecno_TCD-M13_–_Cable_de_Charge_et_Transfert_de_Donnees.webp
Power Bank Tecno S101Q 10000mAh – Batterie Externe Compacte,Téléphones,Promo.sn,+221 77 254 06 66,https://wa.me/221772540666,,10 900,https://promo.sn/produit/power-bank-tecno-s101q-10000mah-batterie-externe-compacte/,Power_Bank_Tecno_PDC2_20000mAh_–_Batterie_Externe_Grande_Capacite.webp
Power Bank Tecno PDC2 20000mAh – Batterie Externe Grande Capacité,Téléphones,Promo.sn,+221 77 254 06 66,https://wa.me/221772540666,,19 900,https://promo.sn/produit/power-bank-tecno-pdc2-20000mah-batterie-externe-grande-capacite/,Power_Bank_Tecno_PDC2_20000mAh_–_Batterie_Externe_Grande_Capacite.webp
Chargeur Tecno XCU32-M13 – Charge Rapide,Téléphones,Promo.sn,+221 77 254 06 66,https://wa.me/221772540666,,3 500,https://promo.sn/produit/chargeur-tecno-xcu32-m13-charge-rapide/,Chargeur_Tecno_E20D_–_Charge_Rapide.png
Chargeur Tecno E01S – Charge Rapide,Téléphones,Promo.sn,+221 77 254 06 66,https://wa.me/221772540666,,3 900,https://promo.sn/produit/chargeur-tecno-e01s-charge-rapide/,Chargeur_Tecno_E20D_–_Charge_Rapide.png
Chargeur Tecno E20D – Charge Rapide,Téléphones,Promo.sn,+221 77 254 06 66,https://wa.me/221772540666,,7 900,https://promo.sn/produit/chargeur-tecno-e20d-charge-rapide/,Chargeur_Tecno_E20D_–_Charge_Rapide.png
